latitude,longitude,brightness,scan,track,acq_date,acq_time,confidence,frp
36.74243,137.87331,324.19,1.05,1.02,2026-04-14,3,83,21.2
36.74387,137.86211,332.74,1.05,1.02,2026-04-14,3,88,32.44
36.75136,137.87517,325.43,1.05,1.02,2026-04-14,3,84,21.5
36.7528,137.86397,344.8,1.05,1.02,2026-04-14,3,94,52.55
-17.17379,128.45996,345.9,1.03,1.01,2026-04-14,16,94,51.6
-17.1725,128.45053,369.97,1.03,1.01,2026-04-14,16,100,116.65
-16.76859,126.33916,317.34,1.03,1.02,2026-04-14,16,72,10.25
-16.63298,124.73669,330.97,1.21,1.09,2026-04-14,16,85,32.44
-16.62333,124.73817,340.76,1.21,1.09,2026-04-14,16,91,52.03
-16.62159,124.72719,322.4,1.21,1.09,2026-04-14,16,78,19.73
-16.29159,125.04007,316.96,1.17,1.08,2026-04-14,16,72,12.83
-16.28991,125.02938,331.69,1.17,1.08,2026-04-14,16,86,33.57
-16.2866,125.0365,317.53,1.17,1.08,2026-04-14,16,73,12.99
-16.16293,125.39812,316.91,1.13,1.06,2026-04-14,16,72,12.72
-16.12432,125.98236,325.63,1.07,1.03,2026-04-14,16,80,19.71
-16.10755,125.99497,322.44,1.07,1.03,2026-04-14,16,78,15.91
-16.10165,125.95598,328.72,1.07,1.03,2026-04-14,16,84,25.61
-16.10017,125.9462,319.57,1.08,1.04,2026-04-14,16,76,15.13
-15.94579,130.06819,338.22,1.16,1.07,2026-04-14,16,90,42.5
-15.94442,130.05771,316.8,1.15,1.07,2026-04-14,16,71,10.55
-15.93683,130.29826,318.35,1.19,1.08,2026-04-14,16,73,14.66
-15.93633,130.0695,338.78,1.16,1.07,2026-04-14,16,90,43.45
-15.93495,130.05901,355.66,1.15,1.07,2026-04-14,16,98,84.96
-15.92825,130.0815,317.04,1.16,1.07,2026-04-14,16,72,11.46
-15.86273,129.30571,326.66,1.07,1.03,2026-04-14,16,73,19.91
-15.85359,129.30698,355.71,1.07,1.03,2026-04-14,16,98,75.98
-15.85227,129.29724,338.29,1.07,1.03,2026-04-14,16,89,37.85
-15.82289,125.69392,314.99,1.11,1.05,2026-04-14,16,70,11.06
-15.28376,125.68539,322.26,1.12,1.06,2026-04-14,16,78,18.93
-15.27697,125.68258,326.49,1.12,1.06,2026-04-14,16,76,22.52
-14.18691,132.36256,327.85,1.52,1.22,2026-04-14,16,83,37.99
57.94513,60.06273,309.34,1.0,1.0,2026-04-14,16,77,14.58
-19.63761,136.21893,327.25,3.57,1.77,2026-04-14,18,83,129.62
-19.62429,136.19249,335.86,3.55,1.77,2026-04-14,18,89,196.92
-19.62186,136.22044,320.4,3.57,1.77,2026-04-14,18,70,84.66
-19.61893,136.1873,326.72,3.55,1.77,2026-04-14,18,83,124.97
-19.27385,128.54233,318.2,1.07,1.03,2026-04-14,18,70,11.36
-19.27251,128.53241,361.09,1.07,1.03,2026-04-14,18,100,91.94
-19.27117,128.52249,344.32,1.07,1.03,2026-04-14,18,93,49.58
-19.26472,128.54364,317.51,1.07,1.03,2026-04-14,18,72,11.27
-19.19415,128.43294,324.36,1.06,1.03,2026-04-14,18,78,17.96
-19.17917,128.522,326.31,1.06,1.03,2026-04-14,18,81,20.45
-19.1772,128.37537,325.0,1.05,1.02,2026-04-14,18,80,20.37
-19.17589,128.36557,352.51,1.05,1.02,2026-04-14,18,97,68.36
-19.17458,128.35577,346.23,1.05,1.02,2026-04-14,18,94,54.51
-19.17327,128.34599,342.75,1.05,1.02,2026-04-14,18,92,47.44
-19.16684,128.36331,323.06,1.05,1.02,2026-04-14,18,78,16.99
-19.1655,128.35353,353.52,1.05,1.02,2026-04-14,18,97,70.92
-19.05548,128.42548,325.32,1.05,1.03,2026-04-14,18,72,17.67
-19.05416,128.4157,370.47,1.05,1.02,2026-04-14,18,100,119.71
-19.05283,128.40591,385.46,1.05,1.02,2026-04-14,18,100,183.93
-19.05151,128.39613,437.37,1.05,1.02,2026-04-14,18,100,598.23
-19.05018,128.38637,328.67,1.05,1.02,2026-04-14,18,83,23.42
-19.04774,128.43661,328.23,1.05,1.03,2026-04-14,18,83,20.96
-19.04641,128.42682,375.67,1.05,1.03,2026-04-14,18,100,138.93
-19.04509,128.41702,395.7,1.05,1.02,2026-04-14,18,100,238.37
-19.04376,128.40724,419.32,1.05,1.02,2026-04-14,18,100,412.48
-19.04244,128.39746,365.52,1.05,1.02,2026-04-14,18,100,103.25
-19.03734,128.42813,321.16,1.05,1.03,2026-04-14,18,77,12.37
-18.39626,124.60056,339.69,1.17,1.07,2026-04-14,18,90,45.13
-18.36849,124.67137,326.21,1.16,1.07,2026-04-14,18,80,21.34
-18.17599,128.05217,324.34,1.02,1.01,2026-04-14,18,80,16.47
-18.0997,125.67717,321.59,1.06,1.03,2026-04-14,18,75,14.44
-18.09017,129.7549,318.18,1.17,1.08,2026-04-14,18,74,15.96
-18.03937,125.52569,319.19,1.07,1.03,2026-04-14,18,72,12.62
-18.02518,130.21823,324.02,1.24,1.11,2026-04-14,18,80,22.86
-17.9908,125.75119,317.83,1.06,1.03,2026-04-14,18,70,10.27
-17.89578,125.67252,346.99,1.06,1.03,2026-04-14,18,94,54.49
-17.89429,125.66272,320.01,1.06,1.03,2026-04-14,18,73,12.37
-17.87611,130.64578,322.33,1.31,1.13,2026-04-14,18,78,23.95
-17.66175,127.33794,319.13,1.0,1.0,2026-04-14,18,74,12.65
-17.66043,127.32873,328.62,1.0,1.0,2026-04-14,18,83,22.97
-17.54559,125.61352,323.17,1.08,1.04,2026-04-14,18,78,16.67
-17.52201,125.88499,331.37,1.05,1.03,2026-04-14,18,85,27.08
-17.52055,125.87509,376.22,1.05,1.03,2026-04-14,18,100,143.85
-17.51257,125.94584,333.04,1.05,1.02,2026-04-14,18,86,29.68
-17.41821,125.8081,324.14,1.06,1.03,2026-04-14,18,79,17.01
-17.41675,125.79826,319.37,1.06,1.03,2026-04-14,18,74,11.85
-17.34107,125.79028,319.3,1.06,1.03,2026-04-14,18,73,11.96
-17.30586,126.16774,321.3,1.04,1.02,2026-04-14,18,76,14.71
-17.29809,125.20044,317.71,1.12,1.06,2026-04-14,18,71,11.29
-17.24266,128.35686,317.13,1.03,1.01,2026-04-14,18,72,11.5
-17.18804,125.02189,320.58,1.15,1.07,2026-04-14,18,75,14.32
-16.95601,126.73498,324.49,1.01,1.01,2026-04-14,18,80,17.53
-16.93733,126.42215,320.25,1.03,1.01,2026-04-14,18,75,13.96
-16.91813,124.8494,318.97,1.18,1.08,2026-04-14,18,74,15.52
49.42058,63.31787,317.96,1.77,1.3,2026-04-14,18,96,44.32
49.4256,63.29536,322.7,1.76,1.3,2026-04-14,18,100,54.75
30.71844,49.83043,319.94,1.01,1.0,2026-04-14,22,99,19.54
30.72002,49.82032,329.32,1.01,1.0,2026-04-14,22,100,30.05
30.7559,48.28584,372.34,1.02,1.01,2026-04-14,22,100,128.55
30.75738,48.2756,345.95,1.02,1.01,2026-04-14,22,100,56.56
30.86345,47.92945,309.26,1.04,1.02,2026-04-14,22,77,11.76
30.86491,47.919,308.51,1.04,1.02,2026-04-14,22,75,11.23
30.90003,49.68197,313.77,1.0,1.0,2026-04-14,22,88,14.15
30.92193,48.86918,313.54,1.0,1.0,2026-04-14,22,87,13.76
30.92342,48.85907,313.46,1.0,1.0,2026-04-14,22,87,13.74
30.94385,49.88488,308.0,1.01,1.0,2026-04-14,22,73,10.04
31.00067,48.13852,309.54,1.03,1.01,2026-04-14,22,78,11.71
31.00802,48.15055,318.04,1.03,1.01,2026-04-14,22,96,17.96
31.00949,48.14018,347.84,1.03,1.01,2026-04-14,22,100,61.59
31.09348,47.80102,311.18,1.05,1.02,2026-04-14,22,82,12.81
31.09496,47.79042,327.93,1.05,1.02,2026-04-14,22,100,30.02
31.13101,49.32503,344.1,1.0,1.0,2026-04-14,22,100,51.86
31.1397,49.32678,318.94,1.0,1.0,2026-04-14,22,98,18.07
31.14123,49.31668,308.64,1.0,1.0,2026-04-14,22,75,9.78
31.21309,48.95613,348.96,1.0,1.0,2026-04-14,22,100,61.51
31.23638,47.96999,314.86,1.04,1.02,2026-04-14,22,90,16.33
31.27024,48.11621,329.78,1.03,1.01,2026-04-14,22,100,32.14
31.30661,48.77097,318.22,1.01,1.0,2026-04-14,22,96,17.45
31.32273,49.28237,316.16,1.0,1.0,2026-04-14,22,93,16.52
31.40714,48.65024,316.47,1.01,1.01,2026-04-14,22,93,16.37
31.4398,47.83546,308.46,1.05,1.02,2026-04-14,22,75,11.03
32.06339,49.10365,329.99,1.0,1.0,2026-04-14,22,100,31.34
32.0649,49.09339,318.81,1.0,1.0,2026-04-14,22,97,19.03
32.16214,49.0657,306.89,1.01,1.0,2026-04-14,22,70,9.93
32.35216,47.71091,318.81,1.08,1.04,2026-04-14,22,97,20.92
32.36118,47.71264,307.33,1.08,1.04,2026-04-14,22,71,11.44
34.8955,43.80334,321.71,1.89,1.34,2026-04-14,22,100,60.23
34.90154,43.81131,328.9,1.89,1.34,2026-04-14,22,100,79.58
35.62741,44.016,308.88,1.87,1.34,2026-04-14,22,76,30.9
35.68242,43.88778,322.48,1.91,1.35,2026-04-14,22,100,63.92
35.68437,43.86724,307.62,1.91,1.35,2026-04-14,22,72,31.94
35.72402,44.04279,308.09,1.87,1.34,2026-04-14,22,73,31.12
23.26708,54.27987,307.62,2.29,1.46,2026-04-14,24,72,34.19
23.27126,54.25877,317.53,2.28,1.46,2026-04-14,24,95,59.53
23.27966,54.2828,315.43,2.29,1.46,2026-04-14,24,91,52.51
23.28384,54.2616,335.87,2.28,1.46,2026-04-14,24,100,130.03
27.58503,52.55079,313.84,1.41,1.18,2026-04-14,24,88,23.42
27.58729,52.5385,310.02,1.41,1.17,2026-04-14,24,79,18.52
27.58844,52.54496,320.77,1.41,1.18,2026-04-14,24,100,33.36
28.49138,49.71793,316.79,1.03,1.01,2026-04-14,24,92,17.41
29.00097,48.02542,310.39,1.01,1.01,2026-04-14,24,80,11.95
-11.43285,-55.1002,306.98,1.41,1.18,2026-04-14,56,70,10.0
1.09843,-60.53076,327.14,1.03,1.01,2026-04-14,100,100,24.38
1.09966,-60.52176,333.64,1.03,1.01,2026-04-14,100,100,32.97
1.10611,-60.541,312.31,1.03,1.01,2026-04-14,100,85,10.82
1.10734,-60.53201,329.95,1.03,1.01,2026-04-14,100,100,28.28
1.10858,-60.52301,337.11,1.03,1.01,2026-04-14,100,100,38.78
1.32496,-60.6202,310.9,1.03,1.01,2026-04-14,102,81,10.5
1.4862,-60.9185,307.01,1.01,1.01,2026-04-14,102,70,7.36
1.83902,-60.83797,311.67,1.02,1.01,2026-04-14,102,83,8.88
1.84025,-60.82905,330.19,1.02,1.01,2026-04-14,102,100,28.06
2.00661,-61.09073,311.37,1.01,1.01,2026-04-14,102,82,8.5
2.00784,-61.08188,309.91,1.01,1.01,2026-04-14,102,79,7.46
2.01545,-61.09196,344.22,1.01,1.01,2026-04-14,102,100,49.26
2.01667,-61.08311,346.9,1.01,1.01,2026-04-14,102,100,54.5
2.40971,-60.24138,317.06,1.07,1.03,2026-04-14,102,94,15.09
2.58121,-60.33438,323.61,1.07,1.03,2026-04-14,102,100,21.54
2.58932,-60.3418,314.77,1.07,1.03,2026-04-14,102,90,12.83
2.7179,-61.34673,309.47,1.01,1.0,2026-04-14,102,77,7.23
2.93306,-60.18701,324.9,1.09,1.04,2026-04-14,102,100,22.85
2.93436,-60.17749,373.12,1.09,1.04,2026-04-14,102,100,141.23
2.9422,-60.18826,307.13,1.09,1.04,2026-04-14,102,70,5.98
2.9435,-60.17877,347.83,1.09,1.04,2026-04-14,102,100,63.1
2.94481,-60.16923,316.48,1.09,1.04,2026-04-14,102,93,13.87
2.95266,-60.18,310.74,1.09,1.04,2026-04-14,102,81,8.95
2.95397,-60.17047,321.27,1.09,1.04,2026-04-14,102,100,19.27
4.3207,-59.7506,307.89,1.18,1.08,2026-04-14,102,73,8.28
4.32209,-59.74049,312.37,1.18,1.08,2026-04-14,102,85,12.38
6.63951,-68.74075,308.18,2.12,1.42,2026-04-14,102,74,20.16
6.64192,-68.74666,309.03,2.12,1.42,2026-04-14,102,76,21.71
6.80612,-63.53417,318.76,1.02,1.01,2026-04-14,102,97,16.0
6.89212,-62.505,319.24,1.0,1.0,2026-04-14,102,98,16.24
7.28338,-63.22495,311.28,1.0,1.0,2026-04-14,102,82,8.28
7.2934,-63.21738,312.47,1.0,1.0,2026-04-14,102,85,9.22
7.4163,-64.64153,317.6,1.09,1.04,2026-04-14,102,95,15.82
7.41764,-64.63197,333.3,1.09,1.04,2026-04-14,102,100,36.38
7.43936,-62.89431,306.94,1.0,1.0,2026-04-14,102,70,4.03
7.5083,-68.30385,313.94,1.89,1.34,2026-04-14,102,88,34.56
7.64664,-63.71873,308.05,1.02,1.01,2026-04-14,102,72,5.7
7.64788,-63.70977,309.89,1.02,1.01,2026-04-14,102,77,7.02
7.72701,-67.3833,323.94,1.59,1.24,2026-04-14,102,100,41.35
7.72909,-67.36938,318.41,1.59,1.24,2026-04-14,102,97,30.71
8.0928,-64.16183,311.39,1.04,1.02,2026-04-14,102,78,7.32
8.09409,-64.15266,310.66,1.04,1.02,2026-04-14,102,76,6.68
8.50426,-63.60287,313.77,1.01,1.0,2026-04-14,102,85,9.35
8.55745,-64.13866,319.37,1.03,1.01,2026-04-14,102,98,15.48
8.64965,-62.87577,328.43,1.0,1.0,2026-04-14,102,100,24.8
8.65087,-62.86693,337.31,1.0,1.0,2026-04-14,102,100,37.17
8.72811,-62.91122,308.53,1.0,1.0,2026-04-14,102,71,6.24
8.77562,-63.36498,313.5,1.0,1.0,2026-04-14,102,85,8.77
8.78562,-63.35741,312.59,1.0,1.0,2026-04-14,102,83,7.86
8.44366,-66.14291,313.02,1.28,1.12,2026-04-14,105,84,11.59
8.44531,-66.13172,316.15,1.27,1.12,2026-04-14,105,92,15.18
8.46186,-68.89293,309.18,2.02,1.39,2026-04-14,105,77,18.61
8.4942,-68.10072,320.43,1.75,1.3,2026-04-14,105,100,40.95
8.49581,-68.09472,327.87,1.75,1.3,2026-04-14,105,100,59.07
8.49658,-68.08541,314.43,1.75,1.3,2026-04-14,105,89,28.37
8.54761,-67.59251,318.73,1.6,1.25,2026-04-14,105,97,33.93
8.70553,-68.30532,308.35,1.8,1.32,2026-04-14,105,72,21.16
8.73301,-66.33186,329.62,1.3,1.13,2026-04-14,105,100,35.63
8.73466,-66.32047,358.89,1.3,1.13,2026-04-14,105,100,116.34
8.84497,-65.92461,316.06,1.22,1.1,2026-04-14,105,91,15.05
8.85108,-63.68042,327.31,1.01,1.0,2026-04-14,105,100,21.65
8.86267,-63.67891,315.94,1.01,1.0,2026-04-14,105,91,10.92
8.86899,-63.69796,317.46,1.01,1.0,2026-04-14,105,95,12.82
8.87416,-64.83532,309.98,1.08,1.04,2026-04-14,105,74,7.8
8.97332,-65.37144,316.38,1.14,1.06,2026-04-14,105,92,13.63
8.98263,-65.37286,324.11,1.14,1.06,2026-04-14,105,100,22.7
8.98406,-65.36282,328.21,1.14,1.06,2026-04-14,105,100,28.28
8.98937,-62.21383,308.94,1.03,1.01,2026-04-14,105,75,7.9
8.99059,-62.20475,332.52,1.03,1.01,2026-04-14,105,100,32.27
8.99181,-62.19567,322.43,1.03,1.01,2026-04-14,105,100,19.63
9.04588,-63.94524,308.61,1.02,1.01,2026-04-14,105,70,6.82
9.08051,-62.28792,327.44,1.02,1.01,2026-04-14,105,100,25.21
9.08173,-62.27887,322.64,1.02,1.01,2026-04-14,105,100,19.65
9.121,-65.04709,314.94,1.1,1.04,2026-04-14,105,88,11.73
9.13678,-63.16197,312.83,1.0,1.0,2026-04-14,105,85,8.99
9.138,-63.15313,321.54,1.0,1.0,2026-04-14,105,100,16.49
9.14311,-64.03897,312.89,1.02,1.01,2026-04-14,105,83,9.45
9.14677,-63.15439,326.85,1.0,1.0,2026-04-14,105,100,21.68
9.14799,-63.14555,327.25,1.0,1.0,2026-04-14,105,100,21.37
9.1492,-63.13671,316.91,1.0,1.0,2026-04-14,105,80,11.28
9.15554,-63.15564,317.84,1.0,1.0,2026-04-14,105,94,11.95
9.15974,-62.78012,309.19,1.01,1.0,2026-04-14,105,75,6.68
9.16041,-63.1203,319.81,1.0,1.0,2026-04-14,105,99,14.23
9.16162,-63.11146,323.72,1.0,1.0,2026-04-14,105,100,18.25
9.17162,-63.10387,308.77,1.0,1.0,2026-04-14,105,73,6.23
9.17283,-63.09503,310.09,1.0,1.0,2026-04-14,105,77,7.14
9.182,-65.51333,322.21,1.15,1.07,2026-04-14,105,100,20.94
9.19673,-63.11647,309.65,1.0,1.0,2026-04-14,105,76,7.16
9.19794,-63.10763,310.07,1.0,1.0,2026-04-14,105,77,7.26
9.19916,-63.09879,327.86,1.0,1.0,2026-04-14,105,100,23.7
9.20038,-63.08995,321.81,1.0,1.0,2026-04-14,105,100,17.38
9.20995,-64.93881,312.84,1.08,1.04,2026-04-14,105,82,10.07
9.2199,-63.82754,310.59,1.01,1.0,2026-04-14,105,77,7.16
9.26751,-65.42943,309.07,1.14,1.06,2026-04-14,105,70,7.41
9.47215,-64.38891,309.55,1.04,1.02,2026-04-14,105,73,6.16
9.50085,-67.23848,311.79,1.46,1.19,2026-04-14,105,83,20.1
9.52852,-65.53799,314.4,1.14,1.07,2026-04-14,105,88,12.53
9.55984,-63.63218,322.6,1.0,1.0,2026-04-14,105,100,18.94
9.62075,-63.72833,365.58,1.0,1.0,2026-04-14,105,100,101.25
9.62198,-63.71945,325.65,1.0,1.0,2026-04-14,105,100,21.91
9.62335,-63.77402,348.21,1.01,1.0,2026-04-14,105,100,57.92
9.64169,-63.57759,315.89,1.0,1.0,2026-04-14,105,91,11.15
9.64292,-63.56873,343.54,1.0,1.0,2026-04-14,105,100,46.79
9.64415,-63.55987,348.21,1.0,1.0,2026-04-14,105,100,55.95
9.65047,-63.57885,308.8,1.0,1.0,2026-04-14,105,73,5.9
9.6517,-63.56999,318.05,1.0,1.0,2026-04-14,105,96,13.35
9.65188,-63.63329,377.26,1.0,1.0,2026-04-14,105,100,140.81
9.65311,-63.62442,374.29,1.0,1.0,2026-04-14,105,100,129.55
9.65538,-63.54342,312.78,1.0,1.0,2026-04-14,105,84,8.8
9.65661,-63.53456,324.52,1.0,1.0,2026-04-14,105,100,20.13
9.68273,-63.47513,334.85,1.0,1.0,2026-04-14,105,100,33.5
9.70958,-61.57771,309.03,1.09,1.04,2026-04-14,105,76,8.71
9.73215,-63.46162,318.04,1.0,1.0,2026-04-14,105,96,13.45
9.7397,-63.47173,308.23,1.0,1.0,2026-04-14,105,71,5.97
9.77655,-63.26945,314.64,1.0,1.0,2026-04-14,105,89,11.22
9.95419,-63.578,309.03,1.0,1.0,2026-04-14,105,74,7.33
9.97207,-64.64019,310.65,1.04,1.02,2026-04-14,105,80,7.71
10.03396,-63.66757,311.09,1.0,1.0,2026-04-14,105,81,9.33
10.05957,-64.8681,315.37,1.06,1.03,2026-04-14,105,91,10.89
10.07429,-64.89579,310.98,1.06,1.03,2026-04-14,105,81,8.15
10.41191,-63.81652,309.53,1.0,1.0,2026-04-14,105,78,7.66
10.41314,-63.80764,311.88,1.0,1.0,2026-04-14,105,84,9.39
48.81274,132.17909,329.77,3.32,1.72,2026-04-14,134,72,162.11
48.81507,132.17349,325.9,3.32,1.72,2026-04-14,134,84,140.61
48.82237,133.49628,326.31,3.85,1.83,2026-04-14,134,84,180.13
48.8372,133.50597,326.42,3.85,1.83,2026-04-14,134,70,174.64
50.3395,128.85263,325.63,2.02,1.39,2026-04-14,134,84,69.76
50.35103,128.85918,346.87,2.02,1.39,2026-04-14,134,95,162.31
50.95824,128.19089,343.96,1.8,1.32,2026-04-14,134,88,123.48
50.96349,128.16718,355.26,1.8,1.31,2026-04-14,134,98,179.43
51.05861,128.17238,314.23,1.79,1.31,2026-04-14,134,74,33.58
51.0638,128.14886,317.78,1.78,1.31,2026-04-14,134,78,41.0
51.39262,128.5723,312.2,1.82,1.32,2026-04-14,134,72,31.49
43.52313,119.81106,327.94,1.12,1.06,2026-04-14,137,85,27.89
43.8092,120.32756,311.42,1.16,1.07,2026-04-14,137,71,11.69
44.03648,119.53235,312.61,1.09,1.04,2026-04-14,137,73,11.22
44.08683,119.67776,310.69,1.09,1.04,2026-04-14,137,70,9.57
44.09175,123.30719,318.68,1.57,1.23,2026-04-14,137,79,29.02
44.20696,120.84669,314.47,1.2,1.09,2026-04-14,137,75,14.5
44.2262,131.97043,316.5,4.64,1.97,2026-04-14,137,77,137.73
44.22791,131.97661,321.45,4.64,1.97,2026-04-14,137,81,170.94
44.24238,131.97934,334.52,4.64,1.97,2026-04-14,137,89,318.84
44.24416,131.98523,329.67,4.64,1.97,2026-04-14,137,86,250.55
44.36431,120.59183,312.74,1.16,1.07,2026-04-14,137,73,9.66
44.37114,120.58504,313.66,1.16,1.07,2026-04-14,137,74,9.91
44.66125,122.86471,311.88,1.44,1.19,2026-04-14,137,71,13.52
44.69796,122.78651,311.79,1.43,1.18,2026-04-14,137,71,13.02
44.70121,122.76944,314.86,1.42,1.18,2026-04-14,137,75,17.12
44.87288,120.98624,311.33,1.18,1.08,2026-04-14,137,70,9.78
44.93111,122.81976,313.27,1.42,1.18,2026-04-14,137,73,12.77
45.00177,121.65333,326.12,1.25,1.11,2026-04-14,137,84,28.25
45.0113,121.65675,311.71,1.25,1.11,2026-04-14,137,70,9.47
45.26202,125.31493,310.57,1.87,1.34,2026-04-14,137,70,19.52
45.26683,125.29267,315.52,1.86,1.33,2026-04-14,137,76,28.83
45.36881,125.31793,314.03,1.86,1.33,2026-04-14,137,74,26.05
45.40704,122.35264,314.33,1.32,1.14,2026-04-14,137,74,17.03
45.87568,122.81094,327.49,1.35,1.15,2026-04-14,137,85,36.83
46.21291,120.6121,314.4,1.1,1.05,2026-04-14,137,75,13.59
46.44117,121.58651,317.8,1.18,1.08,2026-04-14,137,78,16.99
46.44453,121.98807,311.97,1.22,1.1,2026-04-14,137,72,11.39
46.53485,122.75983,331.64,1.3,1.13,2026-04-14,137,87,42.9
46.87363,123.40551,316.17,1.37,1.16,2026-04-14,137,76,21.15
47.7714,123.93144,316.9,1.38,1.16,2026-04-14,137,77,20.01
47.90742,124.63389,323.17,1.48,1.2,2026-04-14,137,82,31.01
47.95375,125.12316,312.22,1.55,1.23,2026-04-14,137,72,15.38
47.95634,123.05444,314.4,1.26,1.11,2026-04-14,137,75,15.35
48.10898,125.05015,312.34,1.53,1.22,2026-04-14,137,72,17.98
48.13496,125.39,322.76,1.58,1.24,2026-04-14,137,82,35.28
48.16486,124.40031,330.74,1.42,1.18,2026-04-14,137,87,46.23
48.16837,124.38226,324.76,1.42,1.18,2026-04-14,137,83,33.6
48.19459,123.52758,311.87,1.3,1.13,2026-04-14,137,72,12.6
48.21851,125.39025,311.31,1.58,1.24,2026-04-14,137,71,15.81
48.2261,124.71774,320.08,1.46,1.2,2026-04-14,137,80,26.37
48.22994,123.67449,312.32,1.32,1.14,2026-04-14,137,72,13.04
48.26555,124.31367,326.38,1.4,1.17,2026-04-14,137,84,38.91
48.39295,123.53308,325.84,1.29,1.13,2026-04-14,137,84,33.59
48.39612,123.51612,321.27,1.29,1.13,2026-04-14,137,81,26.16
48.42009,125.27942,324.81,1.54,1.22,2026-04-14,137,83,39.24
48.46867,123.41247,311.79,1.27,1.12,2026-04-14,137,72,13.41
48.57589,123.67632,311.09,1.3,1.13,2026-04-14,137,71,13.04
48.64336,123.8202,315.09,1.31,1.14,2026-04-14,137,75,17.67
48.67194,123.89307,312.88,1.32,1.14,2026-04-14,137,73,16.81
48.68277,122.73636,315.31,1.19,1.08,2026-04-14,137,76,19.29
48.80014,123.93664,311.02,1.31,1.14,2026-04-14,137,71,14.62
40.31,111.2954,317.57,1.37,1.16,2026-04-14,139,75,18.28
40.89361,110.65504,317.31,1.51,1.21,2026-04-14,139,73,20.17
23.78222,120.44495,317.99,3.14,1.68,2026-04-14,141,75,47.75
24.1755,117.62998,315.17,1.91,1.35,2026-04-14,141,72,24.3
24.23034,117.70509,327.79,1.93,1.36,2026-04-14,141,84,60.24
25.01509,116.07426,314.31,1.44,1.19,2026-04-14,141,70,16.22
25.30925,116.5261,331.01,1.53,1.22,2026-04-14,141,86,49.2
19.00056,105.39037,316.98,1.69,1.28,2026-04-14,143,70,18.19
19.23686,105.12381,323.74,1.78,1.31,2026-04-14,143,78,37.92
19.34586,105.26479,320.27,1.75,1.3,2026-04-14,143,74,24.51
19.47297,105.25446,320.91,1.76,1.3,2026-04-14,143,75,28.88
19.47842,105.20578,317.55,1.77,1.3,2026-04-14,143,70,24.22
19.61655,103.53889,328.32,2.39,1.49,2026-04-14,143,83,70.87
19.61859,103.51824,322.72,2.4,1.49,2026-04-14,143,77,49.71
19.61931,103.53246,332.79,2.39,1.49,2026-04-14,143,86,92.52
19.85253,102.42991,328.59,2.93,1.63,2026-04-14,143,83,104.2
19.85508,102.40486,340.79,2.94,1.63,2026-04-14,143,91,189.18
19.85826,102.41066,350.07,2.94,1.63,2026-04-14,143,95,275.96
19.96927,102.92596,316.18,2.69,1.57,2026-04-14,143,70,41.17
20.36677,102.29114,328.63,3.05,1.66,2026-04-14,143,84,118.94
20.36851,102.297,329.34,3.05,1.66,2026-04-14,143,84,122.05
20.49635,110.26975,320.14,1.01,1.0,2026-04-14,143,72,8.76
20.52315,109.94697,319.36,1.02,1.01,2026-04-14,143,71,10.07
20.53059,110.21765,328.58,1.01,1.0,2026-04-14,143,82,18.42
20.59056,101.49757,361.28,3.53,1.77,2026-04-14,143,100,545.18
20.5936,101.46318,344.51,3.55,1.77,2026-04-14,143,93,309.11
20.60516,110.21605,333.3,1.01,1.0,2026-04-14,143,74,24.79
20.60647,110.20667,324.21,1.01,1.0,2026-04-14,143,73,13.41
20.63776,110.24017,320.66,1.01,1.0,2026-04-14,143,72,9.3
20.68379,109.90982,319.62,1.02,1.01,2026-04-14,143,71,10.57
20.71355,109.96921,319.05,1.02,1.01,2026-04-14,143,71,9.6
20.71486,109.95973,322.22,1.02,1.01,2026-04-14,143,75,12.49
20.77448,101.08557,317.97,3.82,1.83,2026-04-14,143,75,94.42
20.86369,100.40337,316.21,4.31,1.92,2026-04-14,143,73,99.47
20.95075,102.51585,320.45,2.99,1.64,2026-04-14,143,77,74.74
20.95335,102.48791,320.54,3.0,1.65,2026-04-14,143,77,76.13
21.16179,103.81609,317.57,2.39,1.49,2026-04-14,143,73,39.95
21.1643,103.81044,317.26,2.39,1.49,2026-04-14,143,72,37.44
21.21298,107.02272,318.38,1.4,1.17,2026-04-14,143,72,17.79
21.22695,110.04941,320.2,1.02,1.01,2026-04-14,143,73,11.91
21.41187,106.98093,317.99,1.41,1.18,2026-04-14,143,71,18.06
21.54616,107.89016,334.15,1.25,1.11,2026-04-14,143,76,37.95
21.55729,107.38058,321.7,1.34,1.15,2026-04-14,143,76,22.52
21.55734,107.88,369.85,1.25,1.11,2026-04-14,143,100,152.46
21.55881,107.86807,322.29,1.25,1.11,2026-04-14,143,77,19.65
21.68944,107.2055,317.88,1.38,1.16,2026-04-14,143,72,19.66
21.69098,107.19218,327.77,1.38,1.16,2026-04-14,143,82,36.1
21.69188,107.19947,325.06,1.38,1.16,2026-04-14,143,80,30.66
21.74686,107.15935,326.75,1.39,1.17,2026-04-14,143,82,34.35
22.00072,106.98013,317.54,1.44,1.19,2026-04-14,143,72,18.21
22.03211,109.55547,320.95,1.06,1.03,2026-04-14,143,72,15.3
23.23525,110.6717,316.12,1.01,1.01,2026-04-14,143,71,10.02
23.34761,108.84335,329.44,1.17,1.07,2026-04-14,143,83,24.78
24.20369,112.55373,323.62,1.02,1.01,2026-04-14,143,80,18.15
14.57147,108.02844,322.63,1.06,1.03,2026-04-14,145,77,16.68
15.283,108.284,318.73,1.05,1.02,2026-04-14,145,73,11.99
15.43244,107.79922,329.62,1.09,1.04,2026-04-14,145,83,26.37
15.91126,107.66393,323.99,1.12,1.05,2026-04-14,145,78,19.41
15.93388,107.63607,318.89,1.12,1.06,2026-04-14,145,72,13.68
16.45356,106.49905,326.48,1.31,1.14,2026-04-14,145,77,19.6
16.47951,106.45365,333.09,1.32,1.14,2026-04-14,145,83,32.86
16.48949,106.45522,385.88,1.32,1.14,2026-04-14,145,100,252.72
16.62602,106.50346,325.34,1.31,1.14,2026-04-14,145,75,21.0
16.68446,106.2818,327.41,1.36,1.16,2026-04-14,145,78,24.75
16.74701,106.27738,322.79,1.36,1.16,2026-04-14,145,71,19.09
16.75504,106.28524,330.28,1.36,1.16,2026-04-14,145,81,32.3
17.31364,106.21749,335.66,1.4,1.17,2026-04-14,145,86,48.21
17.3153,106.22416,348.62,1.4,1.17,2026-04-14,145,94,86.07
18.6511,102.21294,324.27,2.93,1.63,2026-04-14,145,78,82.42
18.65406,102.22067,323.09,2.93,1.63,2026-04-14,145,77,72.84
18.71906,103.54797,321.07,2.31,1.47,2026-04-14,145,76,44.84
18.72042,103.54137,321.75,2.31,1.47,2026-04-14,145,76,47.48
18.81345,102.40326,385.76,2.84,1.61,2026-04-14,145,94,796.17
18.8161,102.37715,349.33,2.86,1.61,2026-04-14,145,95,258.8
18.81746,102.41054,365.24,2.84,1.61,2026-04-14,145,100,442.05
18.81992,102.38457,367.33,2.86,1.61,2026-04-14,145,100,473.33
19.11731,101.93615,317.72,3.13,1.68,2026-04-14,145,72,60.16
10.30172,104.63831,320.89,1.44,1.19,2026-04-14,147,72,17.22
10.34842,104.74136,324.2,1.42,1.18,2026-04-14,147,76,21.96
10.41323,106.76508,360.43,1.09,1.04,2026-04-14,147,94,90.0
10.77113,107.90417,328.05,1.02,1.01,2026-04-14,147,81,21.38
11.68121,106.50802,328.36,1.15,1.07,2026-04-14,147,81,24.36
12.80877,108.96611,322.48,1.0,1.0,2026-04-14,147,74,13.72
12.88809,107.80311,324.47,1.05,1.02,2026-04-14,147,75,12.24
13.23503,108.94314,321.79,1.0,1.0,2026-04-14,147,70,11.99
13.25111,107.70901,323.79,1.06,1.03,2026-04-14,147,73,9.99
13.68156,108.33014,322.45,1.02,1.01,2026-04-14,147,74,10.64
14.13323,108.33271,324.53,1.03,1.01,2026-04-14,147,79,16.76
14.3814,107.59442,320.31,1.09,1.04,2026-04-14,147,74,14.01
11.23135,22.93823,309.14,1.27,1.12,2026-04-14,206,77,12.21
13.27895,14.00439,311.72,2.19,1.43,2026-04-14,206,83,30.79
13.28182,13.99238,307.59,2.19,1.44,2026-04-14,206,72,21.1
-6.85379,12.40151,318.2,1.36,1.16,2026-04-14,211,95,22.21
-6.85189,12.38958,314.59,1.37,1.16,2026-04-14,211,86,17.36
-4.51942,11.52628,314.45,1.73,1.29,2026-04-14,211,85,23.42
-38.07905,-72.6179,307.98,1.35,1.15,2026-04-14,228,73,18.25
-37.58383,-72.97148,314.14,1.32,1.14,2026-04-14,228,89,24.27
-37.39511,-72.95679,314.79,1.33,1.14,2026-04-14,228,90,23.97
-37.14028,-73.03333,339.18,1.33,1.14,2026-04-14,228,100,69.83
10.67254,-85.42769,309.51,1.22,1.1,2026-04-14,241,78,11.05
10.6739,-85.41702,312.27,1.22,1.1,2026-04-14,241,84,14.11
12.7519,-86.99356,314.34,1.08,1.04,2026-04-14,241,89,9.85
12.82292,-87.43306,309.83,1.04,1.02,2026-04-14,241,78,6.27
12.82642,-86.63483,313.72,1.11,1.05,2026-04-14,241,88,10.58
12.82772,-86.62484,317.42,1.12,1.05,2026-04-14,241,95,14.39
12.83186,-87.43439,309.5,1.04,1.02,2026-04-14,241,78,5.76
13.29053,-87.80047,313.86,1.03,1.01,2026-04-14,241,86,9.7
13.58919,-86.72092,313.65,1.12,1.06,2026-04-14,241,88,13.26
13.5966,-89.79054,340.65,1.03,1.01,2026-04-14,241,100,43.91
13.5985,-86.72181,311.28,1.12,1.06,2026-04-14,241,76,10.3
13.59974,-86.71231,325.47,1.12,1.06,2026-04-14,241,100,26.28
13.60547,-89.79189,311.57,1.03,1.01,2026-04-14,241,82,8.51
13.68982,-86.93034,309.45,1.1,1.05,2026-04-14,241,77,8.72
13.69604,-86.60802,308.31,1.14,1.06,2026-04-14,241,74,9.51
13.70541,-86.60898,326.26,1.14,1.06,2026-04-14,241,100,28.58
13.70675,-86.59871,310.63,1.14,1.06,2026-04-14,241,70,10.91
13.72271,-86.54934,312.82,1.15,1.07,2026-04-14,241,79,13.1
13.72947,-86.54577,317.59,1.15,1.07,2026-04-14,241,95,19.17
13.94858,-87.76939,311.14,1.04,1.02,2026-04-14,241,82,9.23
13.9498,-87.76025,313.07,1.04,1.02,2026-04-14,241,86,10.75
14.10471,-86.85847,343.9,1.12,1.05,2026-04-14,241,100,58.09
14.10601,-86.84846,341.18,1.12,1.05,2026-04-14,241,100,52.57
13.99864,-91.03492,309.25,1.13,1.06,2026-04-14,243,75,8.39
14.00012,-91.02483,333.68,1.12,1.06,2026-04-14,243,100,38.01
14.19734,-88.92253,322.76,1.0,1.0,2026-04-14,243,100,18.82
14.19858,-88.91354,330.14,1.0,1.0,2026-04-14,243,100,27.28
14.2639,-86.18276,312.74,1.22,1.1,2026-04-14,243,86,12.5
14.38746,-91.27188,310.79,1.14,1.07,2026-04-14,243,81,9.7
14.39679,-91.27329,322.07,1.14,1.07,2026-04-14,243,100,21.81
14.95847,-92.44481,328.18,1.31,1.13,2026-04-14,243,88,39.49
14.96028,-92.43307,356.79,1.31,1.13,2026-04-14,243,100,116.18
15.29727,-87.87421,324.14,1.05,1.02,2026-04-14,243,100,22.52
15.30623,-87.88187,308.47,1.05,1.02,2026-04-14,243,75,9.49
15.30747,-87.8724,317.94,1.05,1.02,2026-04-14,243,96,17.57
15.78214,-91.95889,330.6,1.2,1.09,2026-04-14,243,100,34.94
16.01022,-91.73473,329.2,1.16,1.07,2026-04-14,243,100,33.37
16.01181,-91.72405,330.46,1.16,1.07,2026-04-14,243,100,35.47
16.20758,-95.16704,308.13,1.95,1.36,2026-04-14,243,74,15.58
17.51593,-93.8194,351.63,1.47,1.2,2026-04-14,243,100,117.0
17.53294,-88.66593,312.28,1.03,1.01,2026-04-14,243,84,11.04
17.75222,-92.91383,313.89,1.27,1.12,2026-04-14,243,88,15.07
17.76019,-92.92712,311.18,1.28,1.12,2026-04-14,243,82,11.72
17.76199,-92.91553,314.79,1.27,1.12,2026-04-14,243,90,15.71
17.84165,-93.12791,319.45,1.31,1.13,2026-04-14,243,99,25.66
17.84349,-93.11602,336.41,1.31,1.13,2026-04-14,243,100,55.89
17.87718,-92.48496,312.1,1.2,1.09,2026-04-14,243,84,11.13
17.89029,-92.49293,310.17,1.2,1.09,2026-04-14,243,79,9.59
17.89354,-93.19242,310.71,1.32,1.14,2026-04-14,243,81,17.24
17.8998,-92.49457,311.98,1.2,1.09,2026-04-14,243,84,11.3
17.90911,-88.81298,312.13,1.02,1.01,2026-04-14,243,84,10.46
17.98849,-94.53149,307.11,1.62,1.25,2026-04-14,243,70,14.59
18.09399,-94.04964,308.2,1.49,1.2,2026-04-14,243,74,11.12
18.13471,-94.36221,308.53,1.56,1.23,2026-04-14,243,75,14.57
18.59165,-88.73563,308.44,1.04,1.02,2026-04-14,243,75,8.17
18.59292,-88.7261,309.12,1.04,1.02,2026-04-14,243,76,8.83
18.64407,-92.17199,316.32,1.13,1.06,2026-04-14,243,93,15.68
18.72693,-88.5524,307.98,1.05,1.02,2026-04-14,243,73,8.94
19.37038,-92.00761,316.99,1.1,1.04,2026-04-14,243,92,14.34
19.39326,-92.04258,313.87,1.1,1.05,2026-04-14,243,83,11.25
19.39614,-89.27449,307.2,1.02,1.01,2026-04-14,243,71,6.39
19.43985,-92.03564,313.36,1.1,1.04,2026-04-14,243,82,10.99
19.55134,-90.10408,313.03,1.0,1.0,2026-04-14,243,85,8.37
19.55262,-90.09484,314.35,1.0,1.0,2026-04-14,243,88,9.44
19.5601,-90.10545,311.82,1.0,1.0,2026-04-14,243,72,7.34
19.56137,-90.09621,331.33,1.0,1.0,2026-04-14,243,100,27.23
19.56264,-90.08698,309.64,1.0,1.0,2026-04-14,243,76,6.09
19.56392,-90.07773,309.09,1.0,1.0,2026-04-14,243,74,5.86
19.74166,-88.81885,311.87,1.05,1.02,2026-04-14,243,84,9.85
31.23848,-88.73373,308.56,1.39,1.17,2026-04-14,247,75,15.2
34.64061,-99.3494,311.6,1.61,1.25,2026-04-14,249,83,22.26
34.64227,-99.35622,316.22,1.61,1.25,2026-04-14,249,93,30.13
37.01286,-104.38989,309.72,2.96,1.64,2026-04-14,249,78,66.58
39.22093,-96.03891,308.87,1.01,1.01,2026-04-14,249,76,9.44
40.49788,-97.71177,311.02,1.08,1.04,2026-04-14,249,81,14.81
42.04671,-95.55379,323.49,1.0,1.0,2026-04-14,249,100,22.97
42.04828,-95.54205,317.83,1.0,1.0,2026-04-14,249,96,17.43
42.6445,-97.02437,336.14,1.01,1.0,2026-04-14,251,100,40.01
42.64622,-97.0125,309.74,1.01,1.0,2026-04-14,251,78,11.42
28.56451,82.05167,324.12,1.85,1.33,2026-04-14,319,79,38.52
29.55179,90.99525,313.45,1.17,1.07,2026-04-14,319,74,8.62
20.96456,86.00965,327.82,1.0,1.0,2026-04-14,321,78,16.86
21.74412,83.84435,323.84,1.17,1.07,2026-04-14,321,72,12.22
22.22245,79.39503,332.09,2.37,1.49,2026-04-14,321,80,64.26
22.29004,79.49796,326.74,2.33,1.48,2026-04-14,321,73,40.41
22.2919,79.49113,327.79,2.33,1.48,2026-04-14,321,75,42.06
22.33776,79.27888,326.59,2.43,1.5,2026-04-14,321,73,37.29
24.97197,85.13935,325.47,1.1,1.04,2026-04-14,321,71,14.31
24.97334,85.12879,325.54,1.1,1.05,2026-04-14,321,71,14.57
25.01439,85.86391,325.14,1.04,1.02,2026-04-14,321,72,12.49
25.10415,83.91924,334.19,1.26,1.11,2026-04-14,321,82,27.18
25.16144,83.93959,325.67,1.26,1.11,2026-04-14,321,70,14.32
25.20058,83.96352,327.41,1.25,1.11,2026-04-14,321,73,16.93
25.20204,83.95139,335.13,1.26,1.11,2026-04-14,321,83,31.51
25.21965,84.05201,333.13,1.24,1.11,2026-04-14,321,81,27.75
25.24059,84.04275,337.04,1.24,1.11,2026-04-14,321,85,35.17
26.09251,83.39033,324.21,1.39,1.17,2026-04-14,321,70,15.33
26.42903,83.39928,324.39,1.4,1.17,2026-04-14,321,71,14.38
26.50732,83.51317,326.75,1.38,1.16,2026-04-14,321,75,19.8
26.83372,83.21609,326.72,1.46,1.19,2026-04-14,321,72,18.95
26.95233,82.828,323.14,1.55,1.23,2026-04-14,321,71,16.87
27.02434,82.90464,323.71,1.54,1.22,2026-04-14,321,72,17.88
27.06321,82.88597,327.84,1.54,1.22,2026-04-14,321,78,23.93
27.08973,82.84313,328.33,1.55,1.23,2026-04-14,321,78,25.48
27.10633,82.89155,324.63,1.54,1.22,2026-04-14,321,74,17.42
27.12112,82.95467,328.06,1.53,1.22,2026-04-14,321,78,24.37
27.12641,82.94613,328.0,1.53,1.22,2026-04-14,321,78,25.69
27.12727,82.80135,328.23,1.57,1.23,2026-04-14,321,78,24.72
27.14846,82.84121,328.8,1.56,1.23,2026-04-14,321,79,29.52
27.16519,82.88978,327.21,1.55,1.23,2026-04-14,321,77,25.77
27.16683,82.87456,324.29,1.55,1.23,2026-04-14,321,73,19.25
27.27106,82.95644,328.83,1.54,1.22,2026-04-14,321,79,34.94
27.27187,82.84839,323.1,1.56,1.23,2026-04-14,321,72,18.94
27.30464,82.64688,331.28,1.61,1.25,2026-04-14,321,82,33.7
27.31554,83.08985,322.34,1.51,1.21,2026-04-14,321,72,20.66
27.32081,82.60049,327.29,1.62,1.25,2026-04-14,321,77,30.85
27.33199,83.13703,323.75,1.5,1.21,2026-04-14,321,74,23.11
27.43104,83.06633,327.25,1.52,1.22,2026-04-14,321,79,30.18
13.95368,79.11556,328.24,1.89,1.34,2026-04-14,323,77,38.01
17.68526,82.58695,326.43,1.22,1.1,2026-04-14,323,78,21.53
51.17559,3.81176,313.04,1.1,1.05,2026-04-14,334,86,18.63
51.48613,6.70881,309.7,1.0,1.0,2026-04-14,334,78,13.58
32.90437,3.37698,306.96,1.17,1.08,2026-04-14,338,70,15.29
35.80995,-0.24622,312.23,1.05,1.02,2026-04-14,338,84,14.93
35.81148,-0.25741,311.29,1.05,1.02,2026-04-14,338,82,14.46
27.89561,-0.42525,323.48,1.0,1.0,2026-04-14,340,100,24.5
13.90888,-4.42762,322.75,1.0,1.0,2026-04-14,345,100,21.51
20.35571,-105.46054,326.11,3.68,1.8,2026-04-14,423,100,148.26
20.36566,-105.46579,324.68,3.68,1.8,2026-04-14,423,100,137.78
20.36862,-105.4949,325.61,3.66,1.79,2026-04-14,423,100,139.13
20.37157,-105.46135,316.4,3.68,1.8,2026-04-14,423,84,81.47
20.37864,-105.5018,317.73,3.66,1.79,2026-04-14,423,94,90.54
25.55977,-108.06093,313.92,2.73,1.58,2026-04-14,423,88,47.99
34.81392,-118.44636,328.92,1.0,1.0,2026-04-14,427,100,31.68
44.91414,133.5791,315.2,4.82,2.0,2026-04-14,449,75,134.94
45.97519,134.25728,321.47,4.08,1.87,2026-04-14,451,70,152.09
48.7276,135.50211,355.53,2.83,1.61,2026-04-14,451,84,325.52
48.73178,135.49225,363.25,2.83,1.61,2026-04-14,451,75,420.22
48.79121,133.56685,380.77,3.51,1.76,2026-04-14,451,100,938.15
48.79252,133.62407,341.91,3.49,1.76,2026-04-14,451,93,284.08
48.7948,133.57205,392.11,3.51,1.76,2026-04-14,451,100,1279.63
48.80333,133.60934,365.98,3.49,1.76,2026-04-14,451,95,604.21
48.80437,133.66643,353.16,3.47,1.75,2026-04-14,451,97,426.72
48.8067,133.61467,358.2,3.49,1.76,2026-04-14,451,96,474.51
48.81535,133.6516,386.24,3.47,1.75,2026-04-14,451,100,1075.08
48.81852,133.65704,378.48,3.47,1.75,2026-04-14,451,100,884.53
48.84153,132.13867,321.14,4.11,1.88,2026-04-14,451,78,154.81
48.85643,132.189,331.94,4.08,1.87,2026-04-14,451,88,250.73
50.05922,136.42342,322.48,2.29,1.47,2026-04-14,451,82,69.89
50.06647,136.45261,351.02,2.29,1.46,2026-04-14,451,96,217.29
50.07852,136.44537,319.01,2.29,1.46,2026-04-14,451,79,57.09
52.47971,82.71608,320.57,2.44,1.51,2026-04-14,451,75,70.01
52.48786,82.68341,332.09,2.43,1.5,2026-04-14,451,88,116.37
53.29702,78.13274,317.01,1.44,1.19,2026-04-14,451,77,28.47
53.50532,78.10639,348.06,1.42,1.18,2026-04-14,451,95,100.78
54.69311,73.63861,318.79,1.02,1.01,2026-04-14,451,79,19.8
54.81743,71.18385,326.57,1.01,1.0,2026-04-14,451,84,26.11
54.86099,82.38068,332.09,1.95,1.36,2026-04-14,451,83,91.44
54.96806,71.9097,326.42,1.0,1.0,2026-04-14,451,73,26.67
55.13224,69.42154,334.6,1.08,1.04,2026-04-14,451,89,38.54
55.14127,69.42474,318.47,1.08,1.04,2026-04-14,451,79,17.87
55.63078,74.67635,314.94,1.04,1.02,2026-04-14,451,75,15.91
55.6347,74.59394,311.03,1.03,1.02,2026-04-14,451,71,13.65
55.66188,74.65808,315.61,1.04,1.02,2026-04-14,451,76,16.3
55.66805,74.67806,357.2,1.04,1.02,2026-04-14,451,99,83.8
55.67057,74.66242,394.05,1.04,1.02,2026-04-14,451,100,232.05
56.4486,76.02622,316.73,1.07,1.03,2026-04-14,451,72,19.83
56.45139,76.00979,326.77,1.07,1.03,2026-04-14,451,85,30.95
56.46017,76.01459,321.69,1.07,1.03,2026-04-14,451,81,25.07
56.60424,76.39725,314.37,1.09,1.04,2026-04-14,451,75,18.72
45.44884,74.56262,321.55,1.55,1.23,2026-04-14,453,73,33.25
46.71641,80.93549,312.28,3.11,1.67,2026-04-14,453,72,53.27
46.71656,80.94254,314.6,3.11,1.67,2026-04-14,453,75,62.13
46.94848,81.03904,310.65,3.09,1.67,2026-04-14,453,70,38.95
44.13833,66.62442,319.09,1.02,1.01,2026-04-14,455,71,9.62
44.13996,66.61203,330.19,1.02,1.01,2026-04-14,455,83,22.2
44.23403,66.66761,322.77,1.02,1.01,2026-04-14,455,76,14.41
44.23567,66.65521,322.45,1.02,1.01,2026-04-14,455,76,14.0
44.77014,63.57168,321.46,1.3,1.13,2026-04-14,455,76,19.54
38.04547,67.26687,320.15,1.03,1.02,2026-04-14,457,76,10.74
38.0543,67.269,328.72,1.03,1.02,2026-04-14,457,84,20.93
20.92609,70.68394,321.21,3.37,1.73,2026-04-14,501,74,50.45
-37.3433,143.50166,329.47,1.03,1.01,2026-04-14,605,86,30.29
-35.98998,150.00102,312.44,1.58,1.24,2026-04-14,605,73,22.27
-36.09421,146.51199,319.89,1.08,1.04,2026-04-14,608,80,19.34
-35.97015,146.25174,319.61,1.06,1.03,2026-04-14,608,79,17.04
-35.96112,146.24947,377.9,1.06,1.03,2026-04-14,608,100,155.84
-35.89742,145.42841,324.49,1.02,1.01,2026-04-14,608,76,19.66
-35.8831,146.66565,345.57,1.1,1.04,2026-04-14,608,94,59.09
-35.87394,146.66336,367.0,1.1,1.04,2026-04-14,608,100,120.05
-35.87196,146.67516,313.73,1.1,1.04,2026-04-14,608,74,11.86
-35.8003,145.7504,337.92,1.04,1.02,2026-04-14,608,91,38.73
-35.66695,146.06323,336.18,1.06,1.03,2026-04-14,608,85,39.05
-35.65619,147.62752,311.72,1.2,1.09,2026-04-14,608,72,15.3
-35.61269,147.87601,347.51,1.24,1.11,2026-04-14,608,95,75.18
-35.58686,146.83237,319.17,1.12,1.05,2026-04-14,608,75,19.16
-35.54703,147.26167,312.99,1.16,1.07,2026-04-14,608,73,14.52
-35.49222,147.21564,322.23,1.16,1.07,2026-04-14,608,81,24.4
-35.32628,146.72173,312.39,1.12,1.05,2026-04-14,608,72,12.16
-35.02235,145.46217,348.13,1.03,1.02,2026-04-14,608,92,54.46
-34.74229,148.4007,310.47,1.36,1.16,2026-04-14,608,70,13.95
-34.64296,147.45346,348.1,1.22,1.1,2026-04-14,608,95,75.1
-34.64069,147.46638,337.75,1.23,1.1,2026-04-14,608,91,50.05
-34.63335,147.45091,427.34,1.22,1.1,2026-04-14,608,100,616.02
-34.4148,147.46323,346.89,1.24,1.1,2026-04-14,608,95,72.01
-34.40748,147.4476,319.85,1.23,1.1,2026-04-14,608,79,20.26
-34.40514,147.46068,320.78,1.24,1.1,2026-04-14,608,80,21.41
-34.35117,150.57596,330.75,1.87,1.34,2026-04-14,608,82,73.62
-34.34619,150.56888,357.04,1.87,1.34,2026-04-14,608,86,192.34
-34.33355,147.62941,316.19,1.26,1.12,2026-04-14,608,76,18.27
-34.09219,147.93752,311.27,1.32,1.14,2026-04-14,608,70,11.94
-34.08591,145.4657,337.08,1.05,1.02,2026-04-14,608,89,36.93
-34.07455,148.24936,345.37,1.37,1.16,2026-04-14,608,94,82.22
-34.06862,148.24213,331.1,1.37,1.16,2026-04-14,608,87,45.29
-34.06247,147.87163,315.49,1.31,1.14,2026-04-14,608,75,17.08
-34.05995,147.88541,321.69,1.31,1.14,2026-04-14,608,81,25.72
-33.65154,150.30511,311.76,1.87,1.34,2026-04-14,608,72,28.4
-33.56952,148.51729,322.79,1.46,1.19,2026-04-14,608,82,31.3
-33.56667,148.53229,315.14,1.46,1.19,2026-04-14,608,75,19.21
-33.52287,145.33597,332.81,1.05,1.02,2026-04-14,608,86,29.26
-33.52111,145.34702,321.32,1.05,1.02,2026-04-14,608,77,14.51
-33.45818,147.43674,318.22,1.28,1.12,2026-04-14,608,76,18.02
-33.45583,147.45009,319.87,1.28,1.12,2026-04-14,608,77,20.47
-33.39719,149.87016,341.61,1.78,1.31,2026-04-14,608,92,110.08
-33.39356,149.88809,315.88,1.78,1.31,2026-04-14,608,76,35.31
-33.25245,145.51404,324.93,1.07,1.03,2026-04-14,608,80,19.69
-32.8807,147.08667,321.67,1.25,1.11,2026-04-14,608,78,19.33
-32.87968,147.07961,328.7,1.25,1.11,2026-04-14,608,84,29.73
-32.38846,146.63997,318.1,1.21,1.1,2026-04-14,608,73,15.29
-32.3863,146.65251,320.72,1.22,1.1,2026-04-14,608,76,17.97
-32.11528,147.76178,327.83,1.4,1.17,2026-04-14,608,82,33.55
-32.11009,147.75494,341.08,1.4,1.17,2026-04-14,608,91,65.64
-32.10504,147.75914,337.54,1.4,1.17,2026-04-14,608,89,55.36
-32.01194,147.54373,318.59,1.37,1.16,2026-04-14,608,74,18.61
-31.16699,146.89873,325.49,1.31,1.13,2026-04-14,608,80,27.02
-30.88316,146.51923,319.94,1.26,1.12,2026-04-14,608,74,17.02
-30.24669,148.5231,327.13,1.71,1.28,2026-04-14,608,82,45.18
-30.12346,149.87233,320.48,2.12,1.41,2026-04-14,608,77,38.59
-30.11928,149.8932,332.04,2.12,1.42,2026-04-14,608,86,79.01
-30.11317,149.87682,324.21,2.12,1.41,2026-04-14,608,80,50.55
-30.10882,149.8978,317.47,2.12,1.42,2026-04-14,608,73,30.98
-29.21272,148.27216,334.39,1.73,1.29,2026-04-14,608,87,62.61
-29.20963,148.27686,348.03,1.73,1.29,2026-04-14,608,94,115.02
-29.20946,148.2894,326.99,1.74,1.29,2026-04-14,608,81,41.51
-26.02071,147.31824,317.37,1.75,1.3,2026-04-14,610,71,22.77
-25.24981,148.97197,329.42,2.38,1.49,2026-04-14,610,84,86.64
-25.24747,148.97908,331.35,2.38,1.49,2026-04-14,610,86,95.74
-25.23693,148.96849,316.45,2.38,1.49,2026-04-14,610,72,39.48
-24.01336,138.27647,324.05,1.21,1.09,2026-04-14,610,74,17.6
-24.00499,138.4162,321.65,1.19,1.09,2026-04-14,610,71,14.11
-23.9844,138.27203,321.57,1.21,1.09,2026-04-14,610,70,14.47
-23.85787,138.31776,322.28,1.2,1.09,2026-04-14,610,71,14.34
-23.85641,138.32927,322.44,1.2,1.09,2026-04-14,610,72,14.7
-23.85313,138.32222,334.07,1.2,1.09,2026-04-14,610,85,33.51
-21.52661,144.95239,317.95,1.48,1.2,2026-04-14,610,71,17.87
-21.52422,144.96623,321.82,1.48,1.2,2026-04-14,610,76,24.52
-20.06667,136.92328,323.09,1.29,1.13,2026-04-14,610,73,18.71
-19.81184,136.43904,322.1,1.37,1.16,2026-04-14,610,72,14.93
-19.81023,136.4518,323.2,1.37,1.16,2026-04-14,610,74,17.1
-19.75147,136.35979,325.32,1.39,1.17,2026-04-14,610,77,23.51
-19.68814,135.78331,332.09,1.51,1.21,2026-04-14,610,83,40.09
-19.68477,135.77744,326.37,1.51,1.21,2026-04-14,610,78,27.97
-19.60999,136.19519,337.5,1.41,1.18,2026-04-14,610,88,46.47
-19.35838,136.00623,320.01,1.44,1.19,2026-04-14,610,70,18.44
-18.49556,137.59915,351.71,1.14,1.06,2026-04-14,612,96,67.41
-18.49413,137.6097,366.72,1.14,1.06,2026-04-14,612,100,116.22
-18.49335,137.54495,328.99,1.15,1.07,2026-04-14,612,73,23.89
-18.45483,137.68886,324.04,1.13,1.06,2026-04-14,612,75,16.88
-18.44731,137.81413,346.85,1.11,1.05,2026-04-14,612,93,54.7
-18.43615,137.89595,342.62,1.1,1.05,2026-04-14,612,86,41.84
-18.42742,137.82158,357.92,1.11,1.05,2026-04-14,612,99,84.04
-18.42278,137.92505,336.78,1.1,1.05,2026-04-14,612,72,30.29
-18.32328,137.97562,330.35,1.09,1.04,2026-04-14,612,82,23.44
-18.30622,137.70717,333.47,1.12,1.06,2026-04-14,612,81,26.93
-18.28539,137.65125,331.35,1.13,1.06,2026-04-14,612,78,25.5
-18.2817,137.60818,340.26,1.13,1.06,2026-04-14,612,89,40.68
-18.2803,137.61862,336.69,1.13,1.06,2026-04-14,612,72,32.7
-18.27237,137.60681,370.0,1.13,1.06,2026-04-14,612,100,128.24
-18.27097,137.61726,384.4,1.13,1.06,2026-04-14,612,100,194.87
-18.26304,137.60542,340.18,1.13,1.06,2026-04-14,612,89,45.02
-18.24635,137.72968,337.96,1.12,1.05,2026-04-14,612,87,31.24
-18.22109,137.98515,322.97,1.09,1.04,2026-04-14,612,73,11.1
-18.22003,137.72945,351.14,1.12,1.05,2026-04-14,612,95,62.56
-18.21862,137.73969,337.38,1.12,1.05,2026-04-14,612,81,31.99
-18.17458,137.78529,341.61,1.11,1.05,2026-04-14,612,90,38.38
-18.17318,137.79555,334.39,1.11,1.05,2026-04-14,612,85,25.04
-18.16534,137.78394,358.68,1.11,1.05,2026-04-14,612,99,80.74
-18.14824,137.97752,321.83,1.09,1.04,2026-04-14,612,72,11.26
-18.13042,137.78358,328.59,1.11,1.05,2026-04-14,612,76,20.95
-18.1212,137.7821,330.95,1.11,1.05,2026-04-14,612,82,24.57
-18.11978,137.79236,331.75,1.11,1.05,2026-04-14,612,82,24.98
-18.11056,137.79091,331.79,1.11,1.05,2026-04-14,612,70,24.76
-18.09852,137.80994,362.17,1.1,1.05,2026-04-14,612,100,90.36
-18.0893,137.8085,341.57,1.1,1.05,2026-04-14,612,76,38.72
-18.08791,137.81863,339.19,1.1,1.05,2026-04-14,612,84,33.73
-18.07764,137.96123,358.63,1.09,1.04,2026-04-14,612,99,80.68
-18.07625,137.97124,375.03,1.09,1.04,2026-04-14,612,100,137.97
-18.07488,137.9812,346.69,1.09,1.04,2026-04-14,612,93,48.7
-18.0671,137.96985,342.47,1.09,1.04,2026-04-14,612,91,41.26
-18.03355,137.81393,325.92,1.1,1.05,2026-04-14,612,77,16.21
-18.03213,137.82413,324.64,1.1,1.05,2026-04-14,612,76,14.76
-18.01871,137.85304,328.78,1.1,1.05,2026-04-14,612,80,20.14
-17.99753,137.87048,344.74,1.1,1.04,2026-04-14,612,92,45.36
-17.99614,137.88057,350.48,1.1,1.04,2026-04-14,612,95,57.91
-17.99474,137.89064,343.64,1.09,1.04,2026-04-14,612,91,42.45
-17.99337,137.9006,333.65,1.09,1.04,2026-04-14,612,70,24.12
-17.98557,137.88921,359.18,1.09,1.04,2026-04-14,612,99,82.36
-17.98419,137.89923,335.07,1.09,1.04,2026-04-14,612,82,26.92
-17.98024,130.15553,327.21,3.82,1.83,2026-04-14,612,80,130.72
-17.95722,138.75496,327.68,1.03,1.01,2026-04-14,612,79,16.76
-17.94965,138.74413,320.78,1.03,1.01,2026-04-14,612,70,10.52
-17.94831,138.75356,324.5,1.03,1.01,2026-04-14,612,75,14.05
-16.92015,135.77898,321.12,1.38,1.16,2026-04-14,612,70,16.24
-16.9099,135.77753,321.95,1.38,1.16,2026-04-14,612,72,17.87
-16.89967,135.77602,325.68,1.38,1.16,2026-04-14,612,76,23.66
-16.30568,134.97472,320.21,1.54,1.22,2026-04-14,612,71,18.58
-16.25977,134.96324,340.77,1.54,1.22,2026-04-14,612,90,69.99
-16.249,134.96182,326.47,1.54,1.22,2026-04-14,612,79,32.64
-16.22095,130.54022,319.26,3.37,1.73,2026-04-14,612,71,60.71
-16.21112,134.96423,321.82,1.54,1.22,2026-04-14,612,73,22.63
-16.20592,134.95599,324.17,1.54,1.22,2026-04-14,612,76,27.43
-16.20037,134.96269,327.58,1.54,1.22,2026-04-14,612,80,33.95
-16.1825,134.93147,326.58,1.54,1.22,2026-04-14,612,79,30.98
-16.16273,134.91451,338.38,1.55,1.23,2026-04-14,612,88,62.07
-16.09363,134.82755,321.35,1.57,1.23,2026-04-14,612,73,20.91
-16.04995,134.73433,351.11,1.59,1.24,2026-04-14,612,96,109.06
-16.04816,134.74887,364.79,1.58,1.24,2026-04-14,612,100,176.75
-16.0456,134.74194,372.87,1.58,1.24,2026-04-14,612,100,226.08
-16.03628,132.07344,324.87,2.54,1.53,2026-04-14,612,78,66.37
-16.03591,131.95523,319.44,2.6,1.55,2026-04-14,612,71,44.81
-16.03102,134.76892,360.26,1.58,1.24,2026-04-14,612,100,149.77
-16.02766,132.06558,345.5,2.54,1.53,2026-04-14,612,93,178.55
-16.02753,134.70975,360.43,1.59,1.24,2026-04-14,612,100,154.2
-16.02564,134.72447,333.0,1.59,1.24,2026-04-14,612,80,44.0
-16.0254,132.04857,331.3,2.55,1.54,2026-04-14,612,84,90.02
-16.0238,134.73886,360.99,1.58,1.24,2026-04-14,612,100,152.78
-16.02279,132.07178,343.17,2.54,1.53,2026-04-14,612,92,161.6
-16.02197,134.7531,392.5,1.58,1.24,2026-04-14,612,100,393.23
-15.12915,134.02177,322.65,1.74,1.29,2026-04-14,612,75,30.01
-14.74695,130.60275,340.81,3.18,1.69,2026-04-14,612,90,203.43
-14.74665,130.59576,325.22,3.18,1.69,2026-04-14,612,78,84.68
-14.74308,130.62566,328.2,3.16,1.68,2026-04-14,612,81,105.05
-14.2682,132.47716,320.8,2.22,1.44,2026-04-14,612,72,31.9
-14.23157,132.34976,321.21,2.27,1.46,2026-04-14,612,73,36.08
-14.23004,132.36493,329.83,2.26,1.46,2026-04-14,612,82,65.91
-14.22923,132.36978,324.87,2.26,1.46,2026-04-14,612,77,47.16
-13.75769,132.16904,339.27,2.3,1.47,2026-04-14,612,89,119.09
-13.75517,132.18973,318.67,2.29,1.47,2026-04-14,612,70,30.47
-13.25252,130.82349,328.04,2.9,1.62,2026-04-14,612,81,95.37
-13.24863,130.81628,334.67,2.9,1.62,2026-04-14,612,86,138.03
-4.11206,138.99234,312.49,1.16,1.07,2026-04-14,614,73,9.23
-4.1058,138.99614,311.97,1.16,1.07,2026-04-14,614,72,9.55
-4.03984,135.74454,312.58,1.03,1.01,2026-04-14,614,72,10.55
-3.65086,136.69879,325.2,1.0,1.0,2026-04-14,614,78,18.54
-3.55166,135.7252,320.92,1.02,1.01,2026-04-14,614,78,14.01
-3.55036,135.73405,318.88,1.02,1.01,2026-04-14,614,76,12.27
13.24005,123.65557,322.7,3.73,1.81,2026-04-14,620,76,102.06
38.20493,126.94275,325.61,1.0,1.0,2026-04-14,627,82,18.84
38.20652,126.9538,343.5,1.0,1.0,2026-04-14,627,93,44.94
38.29967,127.14268,321.56,1.01,1.0,2026-04-14,627,78,15.38
38.30125,127.15382,342.95,1.01,1.0,2026-04-14,627,92,44.73
41.57085,126.25553,316.06,1.01,1.01,2026-04-14,627,71,11.57
41.62858,126.2168,319.53,1.01,1.0,2026-04-14,627,74,13.45
41.6373,126.21461,332.18,1.01,1.0,2026-04-14,627,73,26.42
43.35598,125.27279,317.45,1.0,1.0,2026-04-14,627,78,14.94
43.41552,126.49428,319.23,1.04,1.02,2026-04-14,627,79,16.32
44.07732,131.65918,314.05,1.79,1.31,2026-04-14,627,74,24.11
44.13605,132.66051,324.91,2.04,1.39,2026-04-14,627,83,63.72
44.13799,132.68546,315.86,2.05,1.39,2026-04-14,627,76,38.49
44.22174,133.84554,311.98,2.41,1.5,2026-04-14,627,72,38.68
44.25696,131.90916,343.89,1.86,1.33,2026-04-14,627,93,119.57
44.25885,131.93173,318.92,1.86,1.33,2026-04-14,627,74,36.08
44.26189,133.29253,324.64,2.23,1.45,2026-04-14,627,83,67.65
44.26382,133.31985,333.42,2.24,1.45,2026-04-14,627,88,102.57
44.79263,132.77806,310.22,2.12,1.41,2026-04-14,629,70,24.88
44.79459,132.80415,326.37,2.12,1.42,2026-04-14,629,84,71.29
45.30799,125.57541,312.79,1.03,1.01,2026-04-14,629,71,5.93
45.3341,134.32341,320.1,2.64,1.56,2026-04-14,629,80,70.44
45.33612,134.35747,325.92,2.65,1.56,2026-04-14,629,84,96.34
45.40534,126.90244,313.7,1.11,1.05,2026-04-14,629,72,10.08
45.43652,125.0964,315.13,1.01,1.01,2026-04-14,629,70,11.04
45.71466,126.28188,358.93,1.07,1.03,2026-04-14,629,94,88.28
45.71638,126.29522,341.11,1.08,1.04,2026-04-14,629,87,46.04
45.72453,126.28638,316.05,1.08,1.04,2026-04-14,629,75,12.05
45.90797,128.77821,317.16,1.34,1.15,2026-04-14,629,76,19.62
46.00131,126.65132,311.52,1.11,1.05,2026-04-14,629,70,6.86
46.13176,126.29362,315.7,1.09,1.04,2026-04-14,629,74,10.77
46.13347,126.30723,320.7,1.09,1.04,2026-04-14,629,79,15.77
46.20941,131.35698,316.89,1.83,1.33,2026-04-14,629,77,29.03
46.21421,122.23105,320.11,1.03,1.02,2026-04-14,629,78,15.24
46.21516,131.4272,326.61,1.85,1.33,2026-04-14,629,84,50.05
46.21709,131.45084,332.28,1.86,1.33,2026-04-14,629,88,64.12
46.50086,131.28946,315.14,1.83,1.33,2026-04-14,629,71,25.79
46.54739,122.84811,317.41,1.01,1.0,2026-04-14,629,73,11.21
46.70042,124.65723,313.95,1.02,1.01,2026-04-14,629,71,9.54
46.72757,122.22103,314.79,1.02,1.01,2026-04-14,629,72,9.8
46.90423,123.17622,328.32,1.0,1.0,2026-04-14,629,80,23.86
46.90896,124.61752,316.14,1.02,1.01,2026-04-14,629,74,11.1
46.94287,123.49424,320.09,1.0,1.0,2026-04-14,629,78,14.49
46.94775,123.46625,332.71,1.0,1.0,2026-04-14,629,87,27.99
46.9864,127.36027,313.92,1.2,1.09,2026-04-14,629,74,14.21
46.9898,124.80846,316.91,1.02,1.01,2026-04-14,629,75,11.07
47.16459,123.86204,318.0,1.0,1.0,2026-04-14,629,76,12.59
47.19823,124.91106,311.26,1.03,1.01,2026-04-14,629,70,6.36
47.2,124.92416,320.02,1.03,1.01,2026-04-14,629,79,13.83
47.23526,123.76643,316.5,1.0,1.0,2026-04-14,629,74,11.02
47.24092,123.31275,316.49,1.0,1.0,2026-04-14,629,74,10.54
47.27807,124.7391,365.46,1.02,1.01,2026-04-14,629,100,102.17
47.27983,124.75216,349.4,1.03,1.01,2026-04-14,629,96,59.83
47.65084,125.31579,325.61,1.06,1.03,2026-04-14,629,83,21.12
47.6526,125.32937,331.65,1.06,1.03,2026-04-14,629,87,28.87
47.658,125.29967,345.74,1.06,1.03,2026-04-14,629,94,53.84
47.65975,125.31324,352.67,1.06,1.03,2026-04-14,629,97,69.71
47.66151,125.32681,344.39,1.06,1.03,2026-04-14,629,93,50.89
47.6629,125.48196,317.57,1.07,1.03,2026-04-14,629,77,13.43
47.71271,122.97367,320.13,1.0,1.0,2026-04-14,629,75,12.92
47.72133,122.97079,336.35,1.0,1.0,2026-04-14,629,89,31.88
47.7369,125.2714,358.86,1.06,1.03,2026-04-14,629,99,83.73
47.7416,125.51669,316.33,1.07,1.03,2026-04-14,629,72,11.63
47.7458,125.26884,333.61,1.06,1.03,2026-04-14,629,88,29.21
47.76171,122.92473,314.68,1.0,1.0,2026-04-14,629,73,9.01
47.7747,123.91449,339.51,1.01,1.0,2026-04-14,629,91,39.1
47.78463,124.58347,314.04,1.03,1.01,2026-04-14,629,70,10.23
47.78564,122.90323,334.03,1.0,1.0,2026-04-14,629,88,29.56
47.80724,124.4751,319.18,1.02,1.01,2026-04-14,629,76,14.86
47.80902,124.48825,314.34,1.02,1.01,2026-04-14,629,70,10.16
47.8106,122.94868,317.71,1.0,1.0,2026-04-14,629,76,11.52
47.81829,132.06242,314.8,2.1,1.41,2026-04-14,629,75,38.09
47.82936,125.55804,311.02,1.07,1.03,2026-04-14,629,70,6.72
47.849,125.13383,314.51,1.05,1.02,2026-04-14,629,73,9.25
47.85078,125.65282,313.82,1.08,1.04,2026-04-14,629,73,9.67
47.87829,124.93741,319.86,1.04,1.02,2026-04-14,629,78,13.12
47.89217,132.01843,327.63,2.09,1.41,2026-04-14,629,85,72.99
47.90865,124.60253,333.23,1.03,1.01,2026-04-14,629,87,30.99
47.91342,125.93517,312.03,1.1,1.05,2026-04-14,629,72,9.44
47.937,123.2904,315.92,1.0,1.0,2026-04-14,629,74,9.74
47.95992,123.3233,314.76,1.0,1.0,2026-04-14,629,72,9.37
47.96141,125.43638,312.64,1.07,1.03,2026-04-14,629,71,7.18
47.96318,125.4503,325.4,1.07,1.03,2026-04-14,629,83,20.74
47.97208,124.66634,323.98,1.03,1.01,2026-04-14,629,81,17.99
47.97591,125.11253,324.09,1.05,1.02,2026-04-14,629,81,18.78
47.97757,125.41743,331.89,1.07,1.03,2026-04-14,629,87,29.07
47.98764,124.5786,335.29,1.03,1.01,2026-04-14,629,73,31.49
47.99811,124.58364,329.94,1.03,1.01,2026-04-14,629,85,26.65
48.02218,125.62137,311.95,1.08,1.04,2026-04-14,629,70,8.33
48.02349,125.41192,315.54,1.07,1.03,2026-04-14,629,73,8.94
48.02582,125.57661,311.48,1.08,1.04,2026-04-14,629,70,8.05
48.027,125.43961,314.88,1.07,1.03,2026-04-14,629,70,8.59
48.02711,125.80971,316.91,1.1,1.04,2026-04-14,629,76,13.39
48.03453,125.20869,315.7,1.06,1.03,2026-04-14,629,74,10.31
48.03628,125.01031,327.53,1.05,1.02,2026-04-14,629,84,22.59
48.0363,125.22241,319.43,1.06,1.03,2026-04-14,629,78,13.96
48.03807,125.02384,322.11,1.05,1.02,2026-04-14,629,80,16.18
48.04429,125.65207,324.44,1.09,1.04,2026-04-14,629,82,21.56
48.04515,125.00768,343.89,1.05,1.02,2026-04-14,629,93,49.0
48.04604,125.66611,316.06,1.09,1.04,2026-04-14,629,75,12.26
48.04693,125.02122,362.0,1.05,1.02,2026-04-14,629,100,93.49
48.04872,125.03476,357.25,1.05,1.02,2026-04-14,629,99,80.37
48.05332,125.64953,325.35,1.09,1.04,2026-04-14,629,83,21.61
48.05416,125.876,314.88,1.1,1.05,2026-04-14,629,75,12.4
48.06496,124.60492,317.66,1.03,1.01,2026-04-14,629,75,12.94
48.08065,123.9752,314.41,1.01,1.01,2026-04-14,629,71,8.13
48.08592,123.8727,316.86,1.01,1.0,2026-04-14,629,75,9.92
48.08775,123.88573,317.76,1.01,1.0,2026-04-14,629,76,10.59
48.09389,125.02991,334.48,1.05,1.02,2026-04-14,629,88,31.83
48.10095,124.94333,338.95,1.05,1.02,2026-04-14,629,86,39.21
48.1081,125.06812,331.55,1.05,1.02,2026-04-14,629,87,28.46
48.10987,125.08178,333.7,1.05,1.02,2026-04-14,629,88,32.14
48.11307,125.39499,342.1,1.07,1.03,2026-04-14,629,92,45.45
48.11874,125.00855,324.61,1.05,1.02,2026-04-14,629,82,20.07
48.12008,125.45055,319.57,1.07,1.03,2026-04-14,629,70,13.07
48.1271,123.25583,317.08,1.0,1.0,2026-04-14,629,76,11.72
48.13055,123.4036,314.63,1.0,1.0,2026-04-14,629,70,9.6
48.13242,123.41653,367.39,1.0,1.0,2026-04-14,629,100,105.1
48.13663,124.85574,326.65,1.04,1.02,2026-04-14,629,83,22.22
48.14173,125.40111,341.5,1.07,1.03,2026-04-14,629,92,44.28
48.1435,125.41506,342.95,1.07,1.03,2026-04-14,629,93,47.52
48.14527,125.42899,328.84,1.07,1.03,2026-04-14,629,85,24.54
48.14902,125.09869,342.29,1.05,1.03,2026-04-14,629,92,48.55
48.16505,125.36544,315.03,1.07,1.03,2026-04-14,629,74,9.74
48.1814,123.6311,327.66,1.0,1.0,2026-04-14,629,84,21.38
48.20374,123.33352,312.73,1.0,1.0,2026-04-14,629,71,8.44
48.20737,123.62269,340.07,1.0,1.0,2026-04-14,629,91,39.39
48.22598,124.69723,340.85,1.04,1.02,2026-04-14,629,92,43.2
48.26473,123.04877,312.87,1.0,1.0,2026-04-14,629,72,8.9
48.26664,123.0617,317.28,1.0,1.0,2026-04-14,629,77,12.91
48.31275,123.84267,313.67,1.01,1.0,2026-04-14,629,71,7.53
48.3265,123.59913,315.25,1.01,1.0,2026-04-14,629,74,9.41
48.32835,123.61217,319.75,1.01,1.0,2026-04-14,629,78,13.76
48.33802,124.91029,313.91,1.05,1.02,2026-04-14,629,71,10.29
48.34891,125.93875,311.58,1.11,1.05,2026-04-14,629,71,9.85
48.35124,123.64573,315.24,1.01,1.0,2026-04-14,629,74,9.22
48.35142,126.73314,313.92,1.18,1.08,2026-04-14,629,74,14.12
48.35264,124.0633,314.58,1.02,1.01,2026-04-14,629,72,8.17
48.3531,123.65878,321.67,1.01,1.0,2026-04-14,629,80,15.0
48.35578,126.72494,325.03,1.18,1.08,2026-04-14,629,83,29.0
48.36136,124.06058,320.07,1.02,1.01,2026-04-14,629,78,13.03
48.3628,126.78709,314.89,1.19,1.09,2026-04-14,629,75,17.33
48.39694,123.52158,314.17,1.0,1.0,2026-04-14,629,73,9.3
48.42521,123.97842,312.79,1.01,1.01,2026-04-14,629,71,7.37
48.42537,125.30036,311.69,1.07,1.03,2026-04-14,629,70,7.93
48.42879,123.4784,312.97,1.0,1.0,2026-04-14,629,72,7.8
48.43065,123.49143,319.26,1.0,1.0,2026-04-14,629,78,13.06
48.44151,125.20899,316.66,1.07,1.03,2026-04-14,629,75,12.58
48.44572,124.19302,314.16,1.02,1.01,2026-04-14,629,72,8.7
48.4576,122.84886,310.59,1.0,1.0,2026-04-14,629,70,9.19
48.4683,123.4382,315.05,1.0,1.0,2026-04-14,629,74,9.78
48.47219,123.6558,320.06,1.01,1.0,2026-04-14,629,79,14.18
48.48778,124.64115,334.71,1.04,1.02,2026-04-14,629,89,33.53
48.48957,124.6547,316.97,1.04,1.02,2026-04-14,629,76,12.25
48.49269,122.58609,321.81,1.0,1.0,2026-04-14,629,81,19.64
48.51064,124.606,327.64,1.04,1.02,2026-04-14,629,84,22.82
48.51112,125.47465,320.47,1.09,1.04,2026-04-14,629,80,19.58
48.51465,123.95839,313.11,1.01,1.01,2026-04-14,629,72,7.64
48.51964,124.67375,321.74,1.04,1.02,2026-04-14,629,72,15.07
48.52725,123.57613,311.46,1.01,1.0,2026-04-14,629,71,7.4
48.53207,123.95289,313.6,1.01,1.01,2026-04-14,629,72,7.99
48.53292,125.27828,337.54,1.07,1.03,2026-04-14,629,90,38.58
48.53471,125.29231,326.86,1.07,1.03,2026-04-14,629,81,22.56
48.53606,124.38191,313.57,1.03,1.01,2026-04-14,629,72,8.57
48.55182,125.28041,318.0,1.07,1.03,2026-04-14,629,78,15.42
48.57124,124.78564,320.05,1.05,1.02,2026-04-14,629,74,15.12
48.57652,125.47833,326.36,1.09,1.04,2026-04-14,629,84,23.29
48.57829,125.49258,318.25,1.09,1.04,2026-04-14,629,78,13.83
48.5899,124.78865,333.28,1.05,1.02,2026-04-14,629,88,31.4
48.59875,124.78595,322.11,1.05,1.02,2026-04-14,629,81,18.07
48.59961,124.44639,314.98,1.03,1.02,2026-04-14,629,70,10.66
48.62663,124.0265,321.69,1.02,1.01,2026-04-14,629,81,15.43
48.64312,123.42313,310.37,1.0,1.0,2026-04-14,629,70,8.06
48.64729,123.90356,312.66,1.01,1.01,2026-04-14,629,70,8.04
48.64912,123.91685,317.54,1.02,1.01,2026-04-14,629,78,12.12
48.65443,124.29652,314.03,1.03,1.01,2026-04-14,629,74,9.68
48.65625,124.30992,320.22,1.03,1.01,2026-04-14,629,80,15.69
48.65813,123.5281,316.13,1.01,1.0,2026-04-14,629,76,11.54
48.66402,124.50415,312.47,1.04,1.02,2026-04-14,629,72,9.03
48.68029,123.87933,320.73,1.01,1.01,2026-04-14,629,70,14.22
48.69132,124.29895,321.23,1.03,1.01,2026-04-14,629,80,16.41
48.69314,124.31237,318.67,1.03,1.01,2026-04-14,629,78,14.23
48.69834,122.65303,327.89,1.0,1.0,2026-04-14,629,85,24.16
48.70454,123.85763,316.19,1.01,1.01,2026-04-14,629,71,10.96
48.71197,122.74421,332.33,1.0,1.0,2026-04-14,629,88,30.82
48.72248,123.92117,341.65,1.02,1.01,2026-04-14,629,92,43.54
48.72751,123.89191,320.66,1.02,1.01,2026-04-14,629,80,16.98
48.7312,123.91844,330.55,1.02,1.01,2026-04-14,629,87,27.38
48.73306,123.93176,318.18,1.02,1.01,2026-04-14,629,74,13.73
48.73976,123.50806,311.51,1.01,1.0,2026-04-14,629,71,8.81
48.76585,123.6926,313.9,1.01,1.0,2026-04-14,629,74,11.45
48.76644,123.7616,337.71,1.01,1.01,2026-04-14,629,91,39.43
48.77385,133.68513,326.35,2.64,1.56,2026-04-14,629,84,102.33
48.77586,133.72031,352.91,2.65,1.56,2026-04-14,629,97,287.65
48.77783,133.60597,330.25,2.62,1.55,2026-04-14,629,72,109.69
48.77969,133.64087,394.47,2.63,1.56,2026-04-14,629,100,898.08
48.78023,124.54802,342.88,1.04,1.02,2026-04-14,629,79,46.32
48.78144,132.36685,316.79,2.24,1.45,2026-04-14,629,77,48.67
48.78154,133.6759,346.49,2.64,1.56,2026-04-14,629,95,215.05
48.78182,132.9662,311.64,2.42,1.5,2026-04-14,629,72,41.24
48.78339,133.71111,388.07,2.65,1.56,2026-04-14,629,100,774.79
48.78524,133.74643,355.85,2.66,1.57,2026-04-14,629,98,309.93
48.78881,123.72675,319.45,1.01,1.01,2026-04-14,629,79,15.33
48.78962,133.5696,332.9,2.61,1.55,2026-04-14,629,78,121.11
48.79151,133.60431,347.05,2.62,1.55,2026-04-14,629,95,217.71
48.79263,123.48541,314.43,1.01,1.0,2026-04-14,629,75,11.91
48.79715,133.70947,370.23,2.65,1.56,2026-04-14,629,100,470.52
48.79902,133.74481,389.27,2.66,1.57,2026-04-14,629,100,804.0
48.80136,133.53333,320.54,2.6,1.55,2026-04-14,629,80,68.81
48.80492,123.77686,314.68,1.01,1.01,2026-04-14,629,75,11.52
48.80696,124.05433,314.94,1.02,1.01,2026-04-14,629,75,10.63
48.81396,124.59448,317.59,1.04,1.02,2026-04-14,629,71,14.73
48.82077,124.02213,311.31,1.02,1.01,2026-04-14,629,71,7.87
48.82273,133.67104,340.92,2.64,1.56,2026-04-14,629,80,163.72
48.82463,124.4564,320.74,1.04,1.02,2026-04-14,629,80,17.09
48.82466,133.70625,368.3,2.65,1.56,2026-04-14,629,100,443.63
48.82839,133.66553,357.51,2.64,1.56,2026-04-14,629,99,310.77
48.83016,133.70076,346.69,2.65,1.56,2026-04-14,629,86,218.57
48.8345,133.63434,397.56,2.63,1.56,2026-04-14,629,100,964.06
48.83646,133.6694,378.71,2.64,1.56,2026-04-14,629,100,596.18
48.83853,133.5938,323.42,2.62,1.55,2026-04-14,629,76,80.83
48.84032,133.62874,392.83,2.63,1.56,2026-04-14,629,94,867.05
48.84212,133.66383,359.08,2.64,1.56,2026-04-14,629,99,334.92
48.84671,133.48819,318.14,2.58,1.54,2026-04-14,629,78,60.75
48.85383,133.49226,323.06,2.58,1.54,2026-04-14,629,82,80.36
48.8574,124.29085,316.53,1.03,1.01,2026-04-14,629,77,14.39
48.88549,123.54465,319.07,1.01,1.0,2026-04-14,629,75,15.08
48.92838,124.47594,318.03,1.04,1.02,2026-04-14,629,78,15.69
49.02953,124.46611,312.5,1.04,1.02,2026-04-14,629,73,11.37
49.05775,123.44786,312.5,1.01,1.0,2026-04-14,629,73,11.45
49.20923,125.00024,311.21,1.07,1.03,2026-04-14,629,71,10.65
49.659,127.95682,313.15,1.38,1.16,2026-04-14,629,73,18.9
49.66916,127.9544,343.39,1.38,1.16,2026-04-14,629,93,78.87
49.83596,129.08405,340.88,1.57,1.23,2026-04-14,629,92,86.3
49.84674,129.0816,320.3,1.57,1.23,2026-04-14,629,80,35.59
49.88962,129.69887,317.29,1.68,1.27,2026-04-14,629,77,33.97
50.02291,136.57838,336.26,3.87,1.83,2026-04-14,629,90,276.89
50.03237,136.582,334.12,3.87,1.83,2026-04-14,629,89,251.69
50.3326,128.76653,312.69,1.54,1.22,2026-04-14,629,73,21.25
51.62659,128.23372,312.2,1.51,1.21,2026-04-14,629,72,20.54
51.63309,128.24675,315.84,1.51,1.21,2026-04-14,629,76,26.24
51.638,128.18071,332.81,1.5,1.21,2026-04-14,629,88,61.54
51.63989,128.20172,324.61,1.51,1.21,2026-04-14,629,83,41.77
58.7653,45.02209,310.96,1.17,1.08,2026-04-14,629,71,17.07
34.80053,46.94271,310.41,1.88,1.34,2026-04-14,635,70,24.59
35.1214,44.82619,322.85,1.38,1.16,2026-04-14,635,82,32.32
35.24326,44.4317,315.11,1.31,1.13,2026-04-14,635,75,16.56
35.3832,44.21939,313.07,1.27,1.12,2026-04-14,635,73,15.29
35.62822,44.01148,329.67,1.23,1.1,2026-04-14,635,86,37.5
35.6811,43.87681,347.68,1.21,1.09,2026-04-14,635,95,74.83
35.72591,44.04261,326.93,1.23,1.1,2026-04-14,635,85,32.34
36.15466,43.82914,323.7,1.18,1.08,2026-04-14,635,83,27.2
36.1568,43.81643,313.81,1.18,1.08,2026-04-14,635,74,15.1
36.20834,44.06146,313.68,1.21,1.09,2026-04-14,635,74,13.58
30.72629,49.82157,318.2,3.68,1.8,2026-04-14,637,71,80.83
30.74366,48.28153,331.73,2.88,1.62,2026-04-14,637,84,109.94
30.74798,48.30645,326.04,2.9,1.62,2026-04-14,637,79,78.17
30.75402,48.27791,347.44,2.88,1.62,2026-04-14,637,94,231.99
30.75755,48.28552,339.98,2.88,1.62,2026-04-14,637,90,165.72
30.9966,48.15202,327.06,2.79,1.6,2026-04-14,637,80,80.78
31.00126,48.16007,321.14,2.79,1.6,2026-04-14,637,74,55.65
31.00234,48.12446,319.16,2.78,1.59,2026-04-14,637,70,40.6
31.00716,48.13257,325.45,2.78,1.59,2026-04-14,637,79,73.11
31.09435,47.7896,323.33,2.62,1.55,2026-04-14,637,77,48.95
31.13191,49.34218,318.64,3.34,1.72,2026-04-14,637,73,70.3
31.13921,49.30952,319.85,3.32,1.72,2026-04-14,637,75,75.68
31.20217,48.95667,322.02,3.13,1.68,2026-04-14,637,77,63.84
31.2165,48.96098,334.89,3.13,1.68,2026-04-14,637,87,141.23
31.23841,49.00057,317.87,3.14,1.68,2026-04-14,637,72,43.96
31.26644,48.13289,325.71,2.74,1.58,2026-04-14,637,80,66.66
31.27208,48.13974,318.57,2.74,1.58,2026-04-14,637,72,35.28
31.27211,48.10577,325.19,2.73,1.58,2026-04-14,637,79,64.14
31.27791,48.11266,325.22,2.73,1.58,2026-04-14,637,80,64.67
31.30764,48.76727,318.36,3.02,1.65,2026-04-14,637,70,37.3
31.35803,45.96771,320.38,1.94,1.36,2026-04-14,637,71,18.38
32.05937,49.10109,320.34,3.05,1.66,2026-04-14,637,77,77.41
32.06079,49.10799,317.48,3.05,1.66,2026-04-14,637,74,60.02
32.35239,47.72269,320.48,2.42,1.5,2026-04-14,637,77,41.49
32.35738,47.69854,318.19,2.41,1.5,2026-04-14,637,74,33.64
32.35929,44.05381,323.16,1.4,1.17,2026-04-14,637,76,23.73
34.89423,43.81137,328.08,1.23,1.1,2026-04-14,637,84,30.79
34.89654,43.81765,315.62,1.23,1.1,2026-04-14,637,73,13.2
34.89879,43.80474,340.44,1.23,1.1,2026-04-14,637,91,54.32
10.08029,35.06507,329.62,1.01,1.0,2026-04-14,642,79,18.74
10.31355,34.60405,325.4,1.0,1.0,2026-04-14,642,70,15.85
10.3687,31.8051,326.32,1.22,1.1,2026-04-14,642,72,14.25
10.37836,31.80639,333.68,1.22,1.1,2026-04-14,642,82,26.38
10.55152,36.74619,321.16,1.13,1.06,2026-04-14,642,72,9.36
10.59919,33.02441,330.6,1.07,1.03,2026-04-14,642,76,16.54
10.60051,33.01488,337.88,1.07,1.03,2026-04-14,642,85,28.22
10.85175,30.30814,332.17,1.56,1.23,2026-04-14,642,79,35.83
10.88673,32.94569,333.73,1.09,1.04,2026-04-14,642,80,21.4
10.89452,32.95658,329.81,1.09,1.04,2026-04-14,642,75,16.12
10.89586,32.94694,327.4,1.09,1.04,2026-04-14,642,71,13.13
10.90517,31.53416,327.13,1.29,1.13,2026-04-14,642,72,19.52
10.95984,35.4289,328.96,1.01,1.01,2026-04-14,642,77,16.23
10.96115,35.41992,331.78,1.01,1.01,2026-04-14,642,80,19.99
10.96735,35.43922,328.52,1.02,1.01,2026-04-14,642,76,15.55
10.96866,35.43023,339.51,1.01,1.01,2026-04-14,642,87,31.97
10.96997,35.42126,324.64,1.01,1.01,2026-04-14,642,70,11.41
10.97128,35.4123,342.55,1.01,1.01,2026-04-14,642,90,36.72
10.97258,35.40334,340.65,1.01,1.01,2026-04-14,642,88,33.47
10.97388,35.39438,325.73,1.01,1.01,2026-04-14,642,72,12.98
11.25571,31.83026,337.15,1.25,1.11,2026-04-14,642,84,33.72
11.26547,31.83153,348.7,1.25,1.11,2026-04-14,642,93,62.23
11.26693,31.82043,335.9,1.25,1.11,2026-04-14,642,82,30.84
11.50832,31.45782,328.66,1.32,1.14,2026-04-14,642,73,20.99
11.64274,33.74644,339.0,1.03,1.02,2026-04-14,642,85,28.4
11.8719,34.74257,330.92,1.0,1.0,2026-04-14,642,75,14.28
12.48977,35.00289,336.92,1.0,1.0,2026-04-14,642,82,23.85
13.43558,37.23225,325.72,1.11,1.05,2026-04-14,642,71,16.64
13.4449,37.23286,331.06,1.11,1.05,2026-04-14,642,79,23.53
13.58853,35.64634,343.01,1.0,1.0,2026-04-14,642,88,32.32
13.58983,35.63735,341.59,1.0,1.0,2026-04-14,642,86,29.68
14.03635,36.37284,338.96,1.03,1.01,2026-04-14,642,84,23.92
1.01389,32.37403,319.47,1.0,1.0,2026-04-14,644,75,12.46
1.64179,31.6026,327.76,1.04,1.02,2026-04-14,644,84,23.7
4.13447,34.87284,337.54,1.07,1.03,2026-04-14,644,87,35.18
6.28832,32.26741,326.88,1.06,1.03,2026-04-14,644,79,16.09
6.28964,32.25809,362.52,1.06,1.03,2026-04-14,644,100,90.02
6.29096,32.24876,345.8,1.06,1.03,2026-04-14,644,93,47.31
6.30001,32.24999,330.65,1.06,1.03,2026-04-14,644,82,21.7
6.30133,32.24066,324.93,1.06,1.03,2026-04-14,644,76,14.34
7.98758,33.69218,346.84,1.0,1.0,2026-04-14,644,93,45.87
7.98883,33.68333,363.45,1.0,1.0,2026-04-14,644,100,87.01
8.59848,32.95491,328.03,1.04,1.02,2026-04-14,644,71,14.52
8.76055,30.6814,333.3,1.37,1.16,2026-04-14,644,79,43.9
8.81487,32.59632,353.34,1.08,1.04,2026-04-14,644,96,63.23
8.8162,32.58679,336.96,1.08,1.04,2026-04-14,644,86,28.77
9.00309,32.22883,332.04,1.12,1.06,2026-04-14,644,82,23.12
9.00444,32.21891,336.33,1.12,1.06,2026-04-14,644,86,30.02
9.16058,31.3551,322.75,1.25,1.11,2026-04-14,644,74,19.25
9.25639,32.73628,324.37,1.07,1.03,2026-04-14,644,70,8.86
9.25771,32.72678,344.03,1.07,1.03,2026-04-14,644,91,40.33
9.46927,31.11455,352.46,1.31,1.14,2026-04-14,644,96,88.53
9.58496,31.76366,334.56,1.2,1.09,2026-04-14,644,82,28.45
9.67507,33.69521,334.64,1.02,1.01,2026-04-14,644,83,20.51
9.67634,33.68621,329.67,1.02,1.01,2026-04-14,644,71,13.84
9.7039,33.6965,341.32,1.02,1.01,2026-04-14,644,89,33.02
9.70516,33.6875,339.51,1.02,1.01,2026-04-14,644,87,30.02
9.85604,29.39944,328.43,1.76,1.3,2026-04-14,644,76,36.87
9.85803,29.38382,327.29,1.77,1.3,2026-04-14,644,75,35.21
9.86749,29.40088,324.94,1.76,1.3,2026-04-14,644,71,27.87
9.8695,29.38525,328.91,1.77,1.3,2026-04-14,644,77,40.5
-1.41666,29.20136,374.71,1.25,1.11,2026-04-14,646,100,181.08
-1.40693,29.20284,379.68,1.25,1.11,2026-04-14,646,100,208.57
-12.07385,26.39692,323.86,1.34,1.15,2026-04-14,648,82,29.0
-18.36998,26.45327,319.09,1.11,1.05,2026-04-14,650,72,13.7
-27.09396,31.02032,312.68,1.48,1.2,2026-04-14,652,73,18.73
-27.33628,30.83614,376.83,1.45,1.19,2026-04-14,654,100,240.72
-27.32568,30.83751,321.31,1.45,1.19,2026-04-14,654,81,30.34
9.6445,-63.62004,313.22,3.82,1.83,2026-04-14,701,87,89.0
9.64848,-63.5936,306.91,3.8,1.82,2026-04-14,701,70,59.5
9.65273,-63.62679,336.18,3.82,1.83,2026-04-14,701,100,269.44
9.66037,-63.61764,327.98,3.82,1.83,2026-04-14,701,100,192.11
-6.57194,-51.09754,309.82,2.46,1.51,2026-04-14,707,78,36.18
-18.60361,-58.62154,318.86,1.1,1.05,2026-04-14,709,98,18.15
-17.48448,-59.54454,319.68,1.02,1.01,2026-04-14,709,99,16.9
-36.67478,-72.13615,307.23,1.86,1.33,2026-04-14,714,71,30.44
-36.67051,-72.15634,340.73,1.87,1.34,2026-04-14,714,100,123.6
-34.411,116.63489,319.94,1.14,1.06,2026-04-14,744,78,18.99
-34.39697,116.62555,341.38,1.14,1.06,2026-04-14,744,85,48.73
-34.39542,116.6377,372.28,1.14,1.06,2026-04-14,744,100,142.64
-34.3891,116.61161,340.81,1.14,1.07,2026-04-14,744,82,47.97
-34.38755,116.62381,362.28,1.14,1.06,2026-04-14,744,100,106.15
-34.30652,117.32216,317.18,1.08,1.04,2026-04-14,744,74,12.38
-34.305,117.33366,321.22,1.07,1.03,2026-04-14,744,78,16.6
-34.2657,115.71785,326.36,1.25,1.11,2026-04-14,744,83,29.41
-34.25006,117.05691,319.76,1.1,1.04,2026-04-14,744,77,14.11
-34.24855,117.06853,407.71,1.1,1.04,2026-04-14,744,100,339.9
-34.24701,117.08026,334.67,1.09,1.04,2026-04-14,744,88,33.73
-34.17796,117.10289,314.09,1.09,1.04,2026-04-14,744,70,9.09
-34.16874,117.10117,328.41,1.09,1.04,2026-04-14,744,84,24.99
-33.9688,116.49809,316.55,1.14,1.07,2026-04-14,744,72,12.11
-33.9673,116.5102,320.94,1.14,1.07,2026-04-14,744,77,17.08
-33.96357,116.50412,325.39,1.14,1.07,2026-04-14,744,81,23.2
-33.87019,116.20412,315.29,1.17,1.08,2026-04-14,744,70,12.4
-33.86358,117.7414,326.44,1.04,1.02,2026-04-14,744,81,20.08
-33.83448,116.99,318.09,1.09,1.04,2026-04-14,744,73,11.94
-33.82021,116.82529,319.91,1.11,1.05,2026-04-14,744,75,14.33
-33.81868,116.83704,318.84,1.11,1.05,2026-04-14,744,74,13.16
-33.7354,117.39635,317.78,1.06,1.03,2026-04-14,744,72,11.05
-33.71686,122.00297,315.84,1.16,1.07,2026-04-14,744,75,14.8
-33.57843,117.05235,317.32,1.08,1.04,2026-04-14,744,71,11.03
-33.57692,117.0638,318.54,1.08,1.04,2026-04-14,744,73,12.11
-33.56925,117.05065,349.43,1.08,1.04,2026-04-14,744,95,61.35
-33.56775,117.06213,338.99,1.08,1.04,2026-04-14,744,90,39.45
-33.54564,115.61269,319.31,1.24,1.11,2026-04-14,744,74,16.05
-33.54253,115.63892,334.12,1.24,1.11,2026-04-14,744,87,39.31
-33.52879,117.28681,321.69,1.06,1.03,2026-04-14,744,76,15.21
-33.5097,117.77079,328.28,1.03,1.02,2026-04-14,744,82,21.45
-33.5082,117.78169,342.02,1.03,1.02,2026-04-14,744,91,42.52
-33.50073,117.76902,318.09,1.03,1.02,2026-04-14,744,71,10.81
-33.4705,116.68815,322.37,1.11,1.05,2026-04-14,744,77,16.58
-33.46901,117.52654,324.76,1.05,1.02,2026-04-14,744,79,17.94
-33.41455,117.18385,321.35,1.07,1.03,2026-04-14,744,76,14.53
-33.39119,116.66819,324.57,1.11,1.05,2026-04-14,744,79,19.65
-33.369,117.7263,332.47,1.03,1.02,2026-04-14,744,85,26.78
-33.19112,117.61227,322.9,1.04,1.02,2026-04-14,744,77,15.73
-33.18098,118.98842,354.07,1.0,1.0,2026-04-14,744,97,66.21
-33.17218,118.98656,326.58,1.0,1.0,2026-04-14,744,81,19.18
-33.04354,116.21576,324.13,1.15,1.07,2026-04-14,744,78,22.59
-33.01467,117.48745,381.86,1.04,1.02,2026-04-14,744,100,163.78
-33.0132,117.49837,382.21,1.04,1.02,2026-04-14,744,100,165.06
-32.97725,117.21401,323.07,1.06,1.03,2026-04-14,744,77,14.8
-32.96818,117.21226,354.95,1.06,1.03,2026-04-14,744,97,71.51
-32.89745,117.05624,328.13,1.07,1.03,2026-04-14,744,82,21.31
-32.89597,117.06747,354.1,1.07,1.03,2026-04-14,744,97,70.84
-32.74368,116.9693,338.66,1.07,1.03,2026-04-14,744,89,38.5
-32.58923,117.36351,329.58,1.04,1.02,2026-04-14,744,82,23.03
-32.5673,116.91254,328.24,1.07,1.03,2026-04-14,744,81,22.26
-32.56583,116.92371,327.16,1.07,1.03,2026-04-14,744,80,20.59
-32.52355,116.89773,327.29,1.07,1.03,2026-04-14,744,80,21.06
-32.52205,116.90895,323.3,1.07,1.03,2026-04-14,744,76,16.03
-32.51014,117.47576,324.42,1.04,1.02,2026-04-14,744,77,15.42
-32.46095,117.29297,346.49,1.04,1.02,2026-04-14,744,93,51.24
-32.2566,116.96098,320.23,1.06,1.03,2026-04-14,744,71,11.89
-32.23489,116.99665,325.72,1.06,1.03,2026-04-14,744,78,18.16
-32.11119,117.36373,325.56,1.04,1.02,2026-04-14,744,78,15.67
-32.10406,117.48336,320.17,1.03,1.01,2026-04-14,744,71,9.18
-32.1026,117.49406,326.06,1.03,1.01,2026-04-14,744,78,15.73
-32.0717,117.65182,326.83,1.02,1.01,2026-04-14,744,79,15.94
-32.06262,117.03664,339.75,1.05,1.03,2026-04-14,744,89,37.51
-32.06116,117.04763,332.71,1.05,1.03,2026-04-14,744,84,25.74
-32.06105,117.65399,325.14,1.02,1.01,2026-04-14,744,77,14.19
-32.05623,116.74706,329.0,1.08,1.04,2026-04-14,744,81,24.13
-32.05561,117.02974,333.65,1.05,1.03,2026-04-14,744,85,26.71
-32.05412,117.04071,347.15,1.05,1.03,2026-04-14,744,94,51.77
-32.00794,117.24361,326.39,1.04,1.02,2026-04-14,744,79,18.59
-32.00648,117.25434,328.51,1.04,1.02,2026-04-14,744,81,21.23
-31.99142,117.22941,328.96,1.04,1.02,2026-04-14,744,81,21.85
-31.97048,118.16378,329.42,1.0,1.0,2026-04-14,744,81,19.14
-31.96898,118.17418,332.9,1.0,1.0,2026-04-14,744,84,23.74
-31.9523,116.90254,322.69,1.06,1.03,2026-04-14,744,74,13.2
-31.94214,117.0467,335.12,1.05,1.02,2026-04-14,744,86,28.98
-31.94066,117.05766,321.7,1.05,1.02,2026-04-14,744,73,11.46
-31.90002,118.01559,323.2,1.01,1.0,2026-04-14,744,74,12.19
-31.89117,118.01385,322.9,1.01,1.0,2026-04-14,744,74,11.93
-31.86748,117.18824,323.04,1.04,1.02,2026-04-14,744,74,13.0
-31.86497,117.34205,320.41,1.03,1.02,2026-04-14,744,71,10.47
-31.85994,117.17574,338.25,1.04,1.02,2026-04-14,744,88,32.71
-31.85848,117.18656,347.35,1.04,1.02,2026-04-14,744,94,50.23
-31.84608,116.66187,325.03,1.08,1.04,2026-04-14,744,77,17.11
-31.8145,116.62656,345.12,1.08,1.04,2026-04-14,744,92,49.68
-31.78265,117.93246,330.4,1.01,1.0,2026-04-14,744,82,21.96
-31.78117,117.94289,323.11,1.01,1.0,2026-04-14,744,74,13.15
-31.75278,117.3588,334.48,1.03,1.01,2026-04-14,744,86,26.49
-31.74383,117.35708,324.73,1.03,1.01,2026-04-14,744,76,14.02
-31.71678,117.21377,338.38,1.04,1.02,2026-04-14,744,88,33.99
-31.55699,117.23707,325.77,1.03,1.02,2026-04-14,744,77,15.24
-31.43014,118.46052,321.15,1.0,1.0,2026-04-14,744,71,9.53
-31.42133,118.45873,328.9,1.0,1.0,2026-04-14,744,80,18.02
-31.38952,120.50459,327.34,1.08,1.04,2026-04-14,744,81,21.83
-31.3877,120.51571,403.5,1.09,1.04,2026-04-14,744,94,302.72
-31.38587,120.52686,383.27,1.09,1.04,2026-04-14,744,94,181.81
-31.51983,117.30651,320.89,1.03,1.01,2026-04-14,746,70,9.93
-31.51234,117.29419,328.47,1.03,1.01,2026-04-14,746,80,18.01
-31.51088,117.30483,327.57,1.03,1.01,2026-04-14,746,79,17.12
-31.36829,117.92711,324.63,1.01,1.0,2026-04-14,746,75,13.35
-31.2991,117.37157,327.47,1.02,1.01,2026-04-14,746,79,18.88
-31.28813,116.50539,325.39,1.08,1.04,2026-04-14,746,78,16.28
-31.28664,116.51655,321.7,1.08,1.04,2026-04-14,746,73,11.83
-31.17829,116.50304,338.46,1.08,1.04,2026-04-14,746,88,36.77
-31.17682,116.51408,323.47,1.08,1.04,2026-04-14,746,75,14.44
-31.0659,116.22418,334.89,1.1,1.05,2026-04-14,746,86,31.41
-31.06041,116.21778,329.99,1.1,1.05,2026-04-14,746,82,23.24
-31.05893,116.22901,336.35,1.1,1.05,2026-04-14,746,87,33.25
-30.93024,116.35972,373.19,1.08,1.04,2026-04-14,746,100,133.99
-30.9262,116.17564,347.71,1.1,1.05,2026-04-14,746,94,56.98
-30.92472,116.18694,366.89,1.1,1.05,2026-04-14,746,100,113.09
-30.92107,116.35809,341.04,1.08,1.04,2026-04-14,746,90,41.96
-30.88052,118.10645,324.5,1.0,1.0,2026-04-14,746,76,13.76
-30.8717,118.10471,336.44,1.0,1.0,2026-04-14,746,87,29.27
-30.8595,116.81667,326.82,1.05,1.02,2026-04-14,746,75,15.87
-30.85804,116.82738,328.07,1.05,1.02,2026-04-14,746,80,17.69
-30.84902,116.82571,331.25,1.05,1.02,2026-04-14,746,83,22.41
-30.84,116.82405,340.46,1.05,1.02,2026-04-14,746,90,37.14
-30.83945,116.2124,334.89,1.1,1.04,2026-04-14,746,86,30.84
-30.83023,116.21074,325.43,1.1,1.04,2026-04-14,746,78,16.9
-30.80245,118.20659,327.31,1.0,1.0,2026-04-14,746,79,16.51
-30.74034,116.40425,386.38,1.08,1.04,2026-04-14,746,100,192.35
-30.7312,116.40258,387.96,1.08,1.04,2026-04-14,746,94,200.11
-30.70959,116.35355,333.04,1.08,1.04,2026-04-14,746,74,29.62
-30.50647,116.4286,328.9,1.07,1.03,2026-04-14,746,72,23.37
-30.50502,116.43951,392.13,1.07,1.03,2026-04-14,746,100,224.64
-30.4649,116.80727,324.16,1.04,1.02,2026-04-14,746,77,17.77
-30.16328,116.2422,357.59,1.08,1.04,2026-04-14,746,98,77.65
-30.16184,116.25311,331.6,1.08,1.04,2026-04-14,746,83,22.8
-30.15414,116.24051,340.88,1.08,1.04,2026-04-14,746,90,38.52
-29.90669,116.10025,324.49,1.09,1.04,2026-04-14,746,76,15.2
-29.90524,116.11127,319.97,1.08,1.04,2026-04-14,746,70,9.85
-29.78576,115.68987,355.15,1.12,1.06,2026-04-14,746,97,75.53
-29.7843,115.70119,341.53,1.12,1.05,2026-04-14,746,90,42.46
-29.7208,116.04414,359.8,1.09,1.04,2026-04-14,746,99,87.48
-29.71936,116.05511,345.05,1.09,1.04,2026-04-14,746,92,49.97
-29.71163,116.04248,333.19,1.09,1.04,2026-04-14,746,84,27.76
-29.71019,116.05348,326.12,1.09,1.04,2026-04-14,746,77,17.27
-29.70471,116.03471,348.83,1.09,1.04,2026-04-14,746,94,58.11
-29.50274,116.57607,323.85,1.04,1.02,2026-04-14,746,72,11.3
-29.49047,116.53076,327.86,1.05,1.02,2026-04-14,746,78,16.24
-28.83636,115.85165,326.99,1.08,1.04,2026-04-14,746,78,17.18
-28.8272,115.85003,328.16,1.08,1.04,2026-04-14,746,80,18.44
-21.6997,114.99436,340.18,1.03,1.01,2026-04-14,748,77,36.12
-19.22047,121.5424,338.38,2.0,1.38,2026-04-14,748,76,91.86
-19.21307,121.54797,328.83,2.0,1.38,2026-04-14,748,80,55.55
-18.86271,124.53606,325.94,3.43,1.74,2026-04-14,748,77,92.51
-18.8562,124.49454,340.26,3.41,1.74,2026-04-14,748,89,211.91
-18.8538,124.50181,350.3,3.41,1.74,2026-04-14,748,95,323.54
-18.85016,124.52557,334.8,3.43,1.74,2026-04-14,748,85,163.7
-18.79358,124.34734,348.42,3.34,1.72,2026-04-14,748,94,292.49
-18.79024,124.35143,337.75,3.34,1.72,2026-04-14,748,87,183.41
-18.78766,124.37795,334.67,3.35,1.73,2026-04-14,748,85,156.83
-18.70694,124.0727,322.22,3.19,1.69,2026-04-14,748,72,65.43
-18.66443,124.05858,332.28,3.19,1.69,2026-04-14,748,83,122.93
-18.6628,124.06309,358.76,3.19,1.69,2026-04-14,748,99,403.32
-18.65885,124.08766,332.28,3.21,1.7,2026-04-14,748,83,123.36
-18.65702,124.09212,328.52,3.21,1.7,2026-04-14,748,80,100.45
-18.64972,124.05535,408.29,3.19,1.69,2026-04-14,748,100,1598.94
-18.64808,124.05988,416.45,3.19,1.69,2026-04-14,748,100,1933.68
-18.64412,124.08438,386.06,3.21,1.7,2026-04-14,748,100,921.0
-18.64228,124.08886,363.9,3.21,1.7,2026-04-14,748,100,480.49
-18.34655,124.58171,332.9,3.55,1.77,2026-04-14,748,84,149.29
-18.34066,124.58547,336.69,3.55,1.77,2026-04-14,748,87,182.03
-16.64499,125.27652,322.16,4.38,1.93,2026-04-14,748,76,109.24
-16.57124,125.09457,321.91,4.25,1.91,2026-04-14,748,75,109.25
-16.5636,125.13174,333.89,4.28,1.91,2026-04-14,748,86,225.62
-16.56031,125.12627,336.09,4.28,1.91,2026-04-14,748,88,246.98
-16.54695,125.12849,332.28,4.28,1.91,2026-04-14,748,85,196.75
-16.42828,125.26181,338.66,4.41,1.93,2026-04-14,748,89,284.47
-16.42389,125.25323,339.55,4.41,1.93,2026-04-14,748,90,301.6
4.51937,114.01546,332.52,1.44,1.19,2026-04-14,754,86,42.94
9.83248,105.4404,351.29,1.37,1.16,2026-04-14,756,96,93.98
9.86785,105.33479,330.04,1.4,1.17,2026-04-14,756,82,34.04
10.32444,105.42713,326.18,1.35,1.15,2026-04-14,756,78,21.48
10.34126,104.74975,342.32,1.51,1.21,2026-04-14,756,91,66.56
10.35045,104.7005,322.47,1.52,1.22,2026-04-14,756,73,20.66
10.42757,105.17431,327.56,1.4,1.17,2026-04-14,756,79,30.05
10.45603,104.65027,326.84,1.53,1.22,2026-04-14,756,78,26.61
10.46664,104.64848,355.55,1.53,1.22,2026-04-14,756,98,120.02
10.54399,104.93085,322.74,1.45,1.19,2026-04-14,756,73,19.3
10.60215,105.04412,324.33,1.42,1.18,2026-04-14,756,74,22.3
10.67446,105.05231,322.33,1.42,1.18,2026-04-14,756,70,19.39
10.68472,105.05061,333.7,1.42,1.18,2026-04-14,756,84,40.94
10.71452,105.23461,335.83,1.37,1.16,2026-04-14,756,86,47.6
10.76695,105.62336,327.84,1.29,1.13,2026-04-14,756,78,23.13
10.82563,104.71348,322.85,1.49,1.2,2026-04-14,756,70,11.83
10.82859,105.69462,330.8,1.28,1.12,2026-04-14,756,81,29.05
10.85476,105.86168,335.29,1.25,1.11,2026-04-14,756,85,34.77
10.87374,105.6459,324.97,1.29,1.13,2026-04-14,756,74,17.71
10.92709,105.72949,330.35,1.27,1.12,2026-04-14,756,81,25.52
10.99201,105.74758,330.04,1.26,1.12,2026-04-14,756,81,27.81
10.99578,106.35561,330.3,1.17,1.08,2026-04-14,756,81,23.99
11.16729,106.14492,323.35,1.19,1.09,2026-04-14,756,73,16.0
11.89442,106.59951,324.61,1.11,1.05,2026-04-14,756,75,15.42
12.25335,108.6098,324.71,1.0,1.0,2026-04-14,756,80,18.22
12.29529,106.73969,326.5,1.09,1.04,2026-04-14,756,76,15.88
12.54568,108.65607,322.65,1.0,1.0,2026-04-14,756,73,13.2
12.61043,108.58491,327.61,1.0,1.0,2026-04-14,756,79,17.62
11.86471,99.29367,323.5,3.78,1.82,2026-04-14,758,76,91.81
11.86483,99.26221,335.52,3.8,1.82,2026-04-14,758,87,194.35
11.87127,99.29755,333.75,3.78,1.82,2026-04-14,758,86,177.07
11.87383,99.25599,326.13,3.8,1.82,2026-04-14,758,72,103.81
11.88029,99.29016,328.4,3.78,1.82,2026-04-14,758,75,124.8
12.30603,105.73768,328.74,1.21,1.1,2026-04-14,758,71,22.5
12.35847,105.66686,325.07,1.22,1.1,2026-04-14,758,72,16.78
12.66289,107.83298,325.1,1.01,1.0,2026-04-14,758,75,8.47
12.74179,105.50076,331.25,1.24,1.1,2026-04-14,758,77,26.36
12.98722,105.48685,331.89,1.23,1.1,2026-04-14,758,81,27.82
13.05356,108.45886,327.98,1.0,1.0,2026-04-14,758,72,21.14
13.20605,105.32495,335.03,1.25,1.11,2026-04-14,758,80,31.15
13.29245,109.0952,326.72,1.02,1.01,2026-04-14,758,76,14.22
13.30125,109.09385,324.34,1.02,1.01,2026-04-14,758,72,12.32
13.54572,107.85255,335.74,1.0,1.0,2026-04-14,758,84,18.63
13.5748,106.81712,331.05,1.05,1.02,2026-04-14,758,79,21.13
13.68187,108.32729,330.19,1.0,1.0,2026-04-14,758,76,13.59
13.69059,108.78166,326.47,1.01,1.0,2026-04-14,758,73,19.01
13.69188,108.79065,325.59,1.01,1.0,2026-04-14,758,71,17.84
13.69317,108.79957,326.21,1.01,1.01,2026-04-14,758,72,18.6
13.69657,105.68647,330.35,1.17,1.08,2026-04-14,758,74,23.12
13.71787,99.24186,327.77,3.49,1.76,2026-04-14,758,77,101.18
13.7212,99.24594,330.04,3.49,1.76,2026-04-14,758,79,119.06
13.7291,99.45708,342.21,3.35,1.73,2026-04-14,758,90,194.02
13.73102,99.21374,324.68,3.51,1.76,2026-04-14,758,72,87.14
13.81907,106.47607,334.16,1.08,1.04,2026-04-14,758,83,29.03
13.85,103.27531,332.76,1.68,1.27,2026-04-14,758,72,28.59
13.85499,103.30496,337.16,1.67,1.27,2026-04-14,758,85,40.8
13.86035,107.10424,337.5,1.03,1.01,2026-04-14,758,86,30.33
13.88336,106.77694,334.39,1.05,1.02,2026-04-14,758,79,24.0
13.88487,106.66479,343.71,1.06,1.03,2026-04-14,758,91,41.1
13.88633,106.67423,325.59,1.06,1.03,2026-04-14,758,74,11.64
13.91344,106.91562,331.25,1.04,1.02,2026-04-14,758,81,20.46
13.91475,107.1048,336.26,1.03,1.01,2026-04-14,758,85,27.2
13.91547,107.46845,339.43,1.01,1.01,2026-04-14,758,77,31.78
13.91613,107.11398,328.04,1.03,1.01,2026-04-14,758,77,15.82
13.9327,106.91624,331.75,1.04,1.02,2026-04-14,758,81,21.62
13.95089,107.16472,328.82,1.03,1.01,2026-04-14,758,78,17.15
13.95227,107.17391,333.84,1.02,1.01,2026-04-14,758,83,23.95
14.07821,106.96224,327.78,1.04,1.02,2026-04-14,758,72,17.45
14.10288,107.00549,323.11,1.03,1.02,2026-04-14,758,71,13.12
14.31802,106.65733,320.9,1.05,1.02,2026-04-14,758,70,13.51
14.36386,104.20181,338.21,1.41,1.18,2026-04-14,758,86,50.11
14.38837,108.74529,329.42,1.01,1.01,2026-04-14,758,82,22.55
14.51285,98.62979,324.73,3.75,1.81,2026-04-14,758,70,102.54
14.54439,100.6036,334.76,2.62,1.55,2026-04-14,758,83,84.38
14.55047,100.60722,331.15,2.62,1.55,2026-04-14,758,80,61.05
14.59083,108.87019,338.13,1.02,1.01,2026-04-14,758,89,33.47
14.62537,107.97173,322.49,1.0,1.0,2026-04-14,758,76,13.1
14.63465,106.30686,330.85,1.08,1.04,2026-04-14,758,80,14.73
14.67484,106.32343,335.74,1.07,1.03,2026-04-14,758,76,22.33
14.67633,106.33301,340.57,1.07,1.03,2026-04-14,758,88,32.01
14.74094,106.03773,335.47,1.1,1.05,2026-04-14,758,84,30.17
14.77526,107.41541,341.38,1.01,1.0,2026-04-14,758,90,40.16
14.99079,106.09446,326.88,1.09,1.04,2026-04-14,758,74,15.88
15.05935,107.15568,361.08,1.01,1.01,2026-04-14,758,100,84.72
15.09408,107.01399,320.11,1.02,1.01,2026-04-14,758,70,12.19
15.17907,107.19909,362.37,1.01,1.01,2026-04-14,758,100,88.62
15.21743,99.18346,327.12,3.28,1.71,2026-04-14,758,73,84.72
15.21841,99.18823,328.12,3.28,1.71,2026-04-14,758,71,84.5
15.25353,107.02311,320.39,1.02,1.01,2026-04-14,758,70,11.02
15.40568,100.17914,330.8,2.71,1.58,2026-04-14,758,78,69.68
15.63035,101.11537,328.12,2.27,1.46,2026-04-14,758,75,31.45
15.68079,106.66683,342.06,1.03,1.01,2026-04-14,758,84,36.63
15.68965,106.66557,371.31,1.03,1.01,2026-04-14,758,100,116.12
16.04239,99.23151,328.71,3.13,1.68,2026-04-14,758,77,102.02
16.04388,106.62073,344.85,1.03,1.01,2026-04-14,758,92,39.25
16.04529,106.62998,366.93,1.03,1.01,2026-04-14,758,100,96.46
16.05271,106.37997,327.33,1.04,1.02,2026-04-14,758,76,16.71
16.05723,105.57025,334.76,1.12,1.05,2026-04-14,758,82,27.37
16.05832,106.65626,353.9,1.03,1.01,2026-04-14,758,97,60.69
16.069,100.75869,331.94,2.37,1.49,2026-04-14,758,81,51.72
16.20893,101.62768,338.87,2.02,1.38,2026-04-14,758,84,80.85
16.24619,107.98365,340.57,1.0,1.0,2026-04-14,758,90,36.94
16.2475,107.99271,319.49,1.0,1.0,2026-04-14,758,71,9.73
16.26979,107.96142,319.36,1.0,1.0,2026-04-14,758,71,7.78
16.28117,101.86413,328.36,1.93,1.36,2026-04-14,758,75,44.53
16.28431,106.43917,334.76,1.04,1.02,2026-04-14,758,79,28.26
16.3056,106.82994,324.64,1.02,1.01,2026-04-14,758,73,12.58
16.31752,106.53813,342.8,1.03,1.01,2026-04-14,758,90,37.68
16.39285,106.18198,334.16,1.05,1.02,2026-04-14,758,82,19.41
16.41484,106.14321,338.42,1.05,1.03,2026-04-14,758,86,26.07
16.41632,106.15273,327.39,1.05,1.02,2026-04-14,758,74,9.2
16.45478,106.22437,346.85,1.05,1.02,2026-04-14,758,92,46.19
16.46218,106.81982,324.87,1.01,1.01,2026-04-14,758,71,12.65
16.47796,104.22317,327.86,1.3,1.13,2026-04-14,758,70,18.18
16.50854,106.63668,334.21,1.02,1.01,2026-04-14,758,83,21.73
16.53481,106.4357,327.55,1.03,1.02,2026-04-14,758,74,12.95
16.53628,105.90945,327.9,1.07,1.03,2026-04-14,758,74,12.69
16.55074,106.1238,350.39,1.05,1.02,2026-04-14,758,94,54.36
16.59511,105.99292,348.74,1.06,1.03,2026-04-14,758,93,52.66
16.60556,106.00107,345.85,1.06,1.03,2026-04-14,758,92,46.4
16.60704,106.01069,342.32,1.06,1.03,2026-04-14,758,89,39.29
16.63685,106.02538,327.69,1.06,1.03,2026-04-14,758,73,16.29
16.71386,105.44658,332.42,1.11,1.05,2026-04-14,758,79,14.79
16.75285,106.47321,329.94,1.03,1.01,2026-04-14,758,78,21.15
16.77108,105.15759,340.5,1.15,1.07,2026-04-14,758,87,36.58
16.78855,106.41041,326.86,1.03,1.01,2026-04-14,758,73,15.77
16.81137,101.50932,339.71,2.0,1.38,2026-04-14,758,88,96.05
16.81275,101.65611,330.9,1.95,1.36,2026-04-14,758,79,49.81
16.82019,101.51975,328.69,2.0,1.38,2026-04-14,758,77,52.74
16.84375,104.87368,334.07,1.18,1.08,2026-04-14,758,81,20.3
16.85811,105.54295,331.99,1.1,1.05,2026-04-14,758,73,18.87
16.91308,106.30991,325.93,1.03,1.02,2026-04-14,758,72,16.49
16.92818,106.23042,333.04,1.04,1.02,2026-04-14,758,81,27.57
16.96634,101.61399,324.64,1.95,1.36,2026-04-14,758,70,32.86
16.96921,101.63,327.26,1.95,1.36,2026-04-14,758,74,41.36
16.97169,106.03294,327.66,1.05,1.02,2026-04-14,758,72,14.97
16.97482,105.87457,330.14,1.07,1.03,2026-04-14,758,77,16.12
16.99858,105.14276,332.28,1.14,1.06,2026-04-14,758,80,17.97
17.0257,105.83957,334.48,1.07,1.03,2026-04-14,758,81,25.79
17.08626,103.55035,338.83,1.4,1.17,2026-04-14,758,86,46.86
17.08841,103.56297,331.15,1.4,1.17,2026-04-14,758,77,28.59
17.08933,103.5551,352.33,1.4,1.17,2026-04-14,758,95,89.42
17.12803,105.72699,335.38,1.07,1.03,2026-04-14,758,82,24.29
17.13852,105.73505,343.31,1.07,1.03,2026-04-14,758,90,39.07
17.14409,98.536,325.74,3.35,1.73,2026-04-14,758,73,86.42
17.14453,105.83371,365.12,1.07,1.03,2026-04-14,758,100,94.15
17.14602,105.84337,373.15,1.06,1.03,2026-04-14,758,100,122.59
17.1535,105.83218,392.4,1.07,1.03,2026-04-14,758,100,215.25
17.15499,105.84184,401.4,1.06,1.03,2026-04-14,758,94,270.26
17.1892,105.69987,335.47,1.08,1.04,2026-04-14,758,84,27.09
17.23693,104.59106,335.74,1.21,1.09,2026-04-14,758,83,30.03
17.25662,105.01496,328.25,1.15,1.07,2026-04-14,758,75,14.31
17.25801,105.142,327.21,1.13,1.06,2026-04-14,758,73,13.96
17.27464,105.53842,335.87,1.09,1.04,2026-04-14,758,84,31.49
17.31112,105.23782,354.65,1.12,1.05,2026-04-14,758,97,69.32
17.31271,105.24787,392.98,1.12,1.05,2026-04-14,758,100,235.29
17.32885,104.07465,327.36,1.29,1.13,2026-04-14,758,71,12.5
17.3326,100.35524,327.49,2.4,1.49,2026-04-14,758,75,53.79
17.37335,105.51475,331.55,1.09,1.04,2026-04-14,758,78,18.66
17.37838,105.78445,331.45,1.06,1.03,2026-04-14,758,78,20.5
17.38735,105.78294,331.4,1.06,1.03,2026-04-14,758,76,19.99
17.39716,105.259,327.2,1.12,1.05,2026-04-14,758,74,17.26
17.39881,105.26943,334.21,1.11,1.05,2026-04-14,758,82,28.34
17.3996,104.12807,332.71,1.28,1.12,2026-04-14,758,70,25.78
17.40423,105.1845,343.46,1.12,1.06,2026-04-14,758,90,42.49
17.42285,105.4807,338.17,1.09,1.04,2026-04-14,758,86,33.37
17.43818,103.86012,329.37,1.32,1.14,2026-04-14,758,76,16.48
17.44019,103.87212,332.09,1.32,1.14,2026-04-14,758,79,21.89
17.6013,106.4001,328.67,1.02,1.01,2026-04-14,758,78,19.3
17.64959,104.07585,327.83,1.28,1.12,2026-04-14,758,76,17.82
17.65912,106.34572,331.4,1.02,1.01,2026-04-14,758,81,22.7
17.66053,106.35499,331.4,1.02,1.01,2026-04-14,758,81,22.81
17.71522,105.39159,330.75,1.09,1.04,2026-04-14,758,80,24.58
17.72528,104.63033,327.88,1.19,1.08,2026-04-14,758,76,12.81
17.73207,106.28002,324.9,1.03,1.01,2026-04-14,758,75,17.28
17.79941,104.87262,324.64,1.15,1.07,2026-04-14,758,72,14.78
17.89478,104.43663,328.5,1.21,1.09,2026-04-14,758,77,18.6
17.90427,104.43488,348.74,1.21,1.09,2026-04-14,758,94,62.37
17.92377,104.55444,328.54,1.19,1.08,2026-04-14,758,78,19.18
17.93442,102.09876,325.16,1.72,1.29,2026-04-14,758,71,28.45
17.94547,105.21095,336.87,1.11,1.05,2026-04-14,758,86,35.98
17.94703,105.22083,349.65,1.1,1.05,2026-04-14,758,94,61.98
17.96486,105.15545,327.76,1.11,1.05,2026-04-14,758,71,19.08
17.96645,105.16562,426.43,1.11,1.05,2026-04-14,758,100,515.33
17.96806,105.17583,390.05,1.11,1.05,2026-04-14,758,94,220.83
17.97596,103.62533,349.62,1.34,1.15,2026-04-14,758,94,74.17
18.00197,106.22541,324.48,1.02,1.01,2026-04-14,758,76,14.7
18.01529,105.18154,342.32,1.11,1.05,2026-04-14,758,90,44.6
18.0169,105.19164,341.15,1.11,1.05,2026-04-14,758,89,42.41
18.04687,104.62579,328.49,1.17,1.08,2026-04-14,758,78,15.76
18.06472,102.0464,327.53,1.72,1.29,2026-04-14,758,76,35.29
18.09656,102.37419,328.56,1.63,1.26,2026-04-14,758,77,32.64
18.12476,101.79887,327.04,1.79,1.31,2026-04-14,758,76,36.8
18.12766,101.81519,330.9,1.79,1.31,2026-04-14,758,80,47.72
18.14791,106.22369,322.11,1.02,1.01,2026-04-14,758,73,11.35
18.14792,104.85249,333.52,1.14,1.06,2026-04-14,758,83,29.23
18.14963,104.86306,341.11,1.14,1.06,2026-04-14,758,89,42.82
18.15032,104.8083,326.8,1.15,1.07,2026-04-14,758,72,17.43
18.15202,104.81886,327.12,1.15,1.07,2026-04-14,758,76,18.79
18.15967,104.80717,331.79,1.15,1.07,2026-04-14,758,81,24.77
18.17471,102.35153,328.79,1.63,1.26,2026-04-14,758,77,28.97
18.17608,102.34618,329.63,1.63,1.26,2026-04-14,758,79,30.47
18.18574,105.08804,335.65,1.11,1.05,2026-04-14,758,85,32.28
18.19952,104.75781,356.25,1.15,1.07,2026-04-14,758,98,81.66
18.20689,104.70645,327.95,1.16,1.07,2026-04-14,758,78,21.03
18.2087,104.75538,335.21,1.15,1.07,2026-04-14,758,85,32.25
18.23039,103.05966,329.73,1.45,1.19,2026-04-14,758,73,27.24
18.2842,101.84253,322.56,1.77,1.3,2026-04-14,758,70,21.19
18.30694,102.90572,325.85,1.48,1.2,2026-04-14,758,74,27.46
18.32142,102.12003,327.39,1.68,1.27,2026-04-14,758,77,30.58
18.34221,104.84856,323.16,1.14,1.06,2026-04-14,758,71,14.31
18.34628,104.8148,345.05,1.14,1.06,2026-04-14,758,92,53.03
18.35715,105.11497,325.61,1.11,1.05,2026-04-14,758,75,20.29
18.36179,104.97077,326.7,1.12,1.06,2026-04-14,758,77,20.49
18.39151,103.08994,334.85,1.43,1.18,2026-04-14,758,84,42.94
18.4109,102.90517,329.63,1.47,1.2,2026-04-14,758,80,33.61
18.43602,104.74014,332.86,1.15,1.07,2026-04-14,758,83,29.45
18.43778,104.75111,331.35,1.15,1.07,2026-04-14,758,82,27.31
18.45233,104.96046,321.92,1.12,1.05,2026-04-14,758,70,15.28
18.45394,104.97054,327.07,1.12,1.05,2026-04-14,758,77,21.92
18.45398,104.51219,325.51,1.18,1.08,2026-04-14,758,75,15.61
18.45568,104.52256,341.69,1.17,1.08,2026-04-14,758,90,44.62
18.47747,104.41874,326.45,1.19,1.08,2026-04-14,758,77,17.74
18.5104,103.99486,356.7,1.25,1.11,2026-04-14,758,98,94.37
18.51704,103.852,328.63,1.28,1.12,2026-04-14,758,79,22.3
18.52635,103.58844,327.87,1.32,1.14,2026-04-14,758,79,25.59
18.53215,103.6232,329.21,1.32,1.14,2026-04-14,758,80,27.04
18.53411,103.63497,328.0,1.31,1.14,2026-04-14,758,79,24.25
18.53682,104.09598,332.04,1.24,1.1,2026-04-14,758,83,31.22
18.5515,104.3667,334.48,1.19,1.09,2026-04-14,758,85,32.66
18.552,103.92348,333.56,1.26,1.12,2026-04-14,758,84,33.12
18.55323,104.37729,323.45,1.19,1.09,2026-04-14,758,73,14.53
18.55381,103.32606,335.16,1.37,1.16,2026-04-14,758,85,45.69
18.55383,103.93449,327.15,1.26,1.12,2026-04-14,758,78,22.05
18.55668,103.21999,327.9,1.4,1.17,2026-04-14,758,79,28.16
18.55884,103.23276,327.12,1.39,1.17,2026-04-14,758,73,26.06
18.56125,103.97903,324.74,1.25,1.11,2026-04-14,758,71,17.08
18.56919,104.29563,324.68,1.2,1.09,2026-04-14,758,75,18.41
18.57106,104.30722,331.65,1.2,1.09,2026-04-14,758,82,28.66
18.57293,104.31883,358.05,1.2,1.09,2026-04-14,758,99,93.71
18.5926,103.00718,333.65,1.44,1.19,2026-04-14,758,85,39.65
18.60963,104.66662,327.74,1.15,1.07,2026-04-14,758,79,25.45
18.6152,104.40074,323.46,1.19,1.08,2026-04-14,758,73,14.23
18.61999,103.85034,334.94,1.27,1.12,2026-04-14,758,85,36.28
18.62004,104.39356,322.17,1.19,1.08,2026-04-14,758,72,13.88
18.62102,103.84451,322.8,1.27,1.12,2026-04-14,758,73,15.1
18.62296,103.85606,327.64,1.27,1.12,2026-04-14,758,79,22.63
18.64084,104.16247,322.38,1.22,1.1,2026-04-14,758,72,16.02
18.6581,103.76546,326.0,1.29,1.13,2026-04-14,758,77,21.21
18.67924,104.46014,339.27,1.18,1.08,2026-04-14,758,89,44.04
18.71623,103.55365,330.45,1.32,1.14,2026-04-14,758,81,29.73
18.72026,104.32396,330.35,1.19,1.09,2026-04-14,758,82,27.53
18.72204,104.33485,323.75,1.19,1.09,2026-04-14,758,75,17.56
18.7288,104.43537,325.37,1.18,1.08,2026-04-14,758,77,20.57
18.73631,104.42225,330.75,1.18,1.08,2026-04-14,758,82,28.84
18.73811,104.43325,333.04,1.18,1.08,2026-04-14,758,84,32.65
18.7473,103.126,326.76,1.41,1.17,2026-04-14,758,79,33.35
18.7596,103.1992,322.55,1.39,1.17,2026-04-14,758,74,25.11
18.76614,104.4275,360.89,1.18,1.08,2026-04-14,758,100,103.24
18.76715,104.4935,321.53,1.17,1.08,2026-04-14,758,72,14.3
18.76789,104.43836,356.28,1.18,1.08,2026-04-14,758,98,88.07
18.77555,104.42598,330.14,1.18,1.08,2026-04-14,758,82,27.38
18.7773,96.28672,321.26,4.57,1.96,2026-04-14,758,72,109.71
18.77733,104.43709,346.32,1.18,1.08,2026-04-14,758,93,60.45
18.78937,104.5121,326.69,1.17,1.07,2026-04-14,758,78,21.74
18.85396,104.39414,348.74,1.18,1.08,2026-04-14,758,94,66.21
18.8556,104.40426,334.8,1.18,1.08,2026-04-14,758,86,35.03
18.86326,104.39184,336.57,1.18,1.08,2026-04-14,758,87,38.98
18.86396,102.84471,321.67,1.46,1.19,2026-04-14,758,72,18.77
18.86499,104.40261,322.61,1.18,1.08,2026-04-14,758,74,16.55
18.88177,101.61694,319.93,1.79,1.31,2026-04-14,758,70,19.03
18.9199,103.54035,320.13,1.31,1.14,2026-04-14,758,71,17.43
18.92183,103.55208,333.89,1.31,1.14,2026-04-14,758,85,41.73
18.99863,103.52052,345.54,1.31,1.14,2026-04-14,758,93,68.86
19.00551,104.82384,323.46,1.12,1.05,2026-04-14,758,75,16.71
19.00602,101.99166,320.66,1.67,1.27,2026-04-14,758,72,24.27
19.00864,102.48004,322.75,1.54,1.22,2026-04-14,758,75,24.71
19.01479,103.86009,319.54,1.25,1.11,2026-04-14,758,70,18.94
19.01656,103.68994,328.12,1.28,1.12,2026-04-14,758,81,28.95
19.01693,101.98903,328.86,1.67,1.27,2026-04-14,758,81,41.4
19.01876,103.70329,323.64,1.28,1.12,2026-04-14,758,76,23.14
19.01968,102.00481,325.92,1.66,1.27,2026-04-14,758,78,33.68
19.04535,103.17891,331.3,1.38,1.16,2026-04-14,758,84,40.42
19.05422,104.0387,351.02,1.22,1.1,2026-04-14,758,96,79.4
19.07773,102.82256,318.97,1.46,1.19,2026-04-14,758,70,19.6
19.08137,103.15403,319.39,1.38,1.16,2026-04-14,758,71,18.9
19.09349,105.3822,327.1,1.06,1.03,2026-04-14,758,79,18.84
19.0987,102.88387,323.12,1.44,1.19,2026-04-14,758,76,24.82
19.11412,101.95219,323.6,1.67,1.27,2026-04-14,758,76,31.27
19.13363,101.47543,324.66,1.81,1.32,2026-04-14,758,72,27.49
19.30651,105.08308,335.07,1.09,1.04,2026-04-14,758,86,31.1
19.38516,104.05893,326.31,1.21,1.09,2026-04-14,758,79,23.23
19.4141,103.85143,319.15,1.24,1.11,2026-04-14,758,71,11.19
19.42441,102.86605,332.81,1.42,1.18,2026-04-14,758,85,42.36
19.42665,102.87919,321.79,1.42,1.18,2026-04-14,758,74,19.59
19.4496,102.71734,319.47,1.46,1.19,2026-04-14,758,70,14.77
19.45199,102.731,320.34,1.45,1.19,2026-04-14,758,71,16.22
19.45329,102.7232,326.98,1.46,1.19,2026-04-14,758,79,27.31
19.47046,102.0605,325.44,1.62,1.25,2026-04-14,758,72,35.52
19.63481,96.64648,336.91,4.11,1.88,2026-04-14,758,83,258.4
19.63828,105.48824,325.88,1.05,1.02,2026-04-14,758,78,18.12
19.67522,105.31312,322.58,1.06,1.03,2026-04-14,758,74,14.68
19.72596,104.34957,320.31,1.16,1.07,2026-04-14,758,72,12.37
19.72958,104.37161,326.2,1.15,1.07,2026-04-14,758,79,20.07
19.73906,104.01462,323.76,1.2,1.09,2026-04-14,758,76,15.2
19.76283,104.39987,320.76,1.15,1.07,2026-04-14,758,72,16.01
19.76488,103.34962,328.51,1.31,1.14,2026-04-14,758,81,29.89
19.76684,103.3612,326.11,1.31,1.13,2026-04-14,758,79,24.42
19.76706,104.60198,325.68,1.12,1.06,2026-04-14,758,78,20.5
19.77202,104.39771,326.86,1.15,1.07,2026-04-14,758,79,23.34
19.78987,105.33073,324.5,1.05,1.03,2026-04-14,758,77,17.09
19.79668,102.14015,326.69,1.57,1.24,2026-04-14,758,79,33.62
19.82083,105.23508,320.33,1.06,1.03,2026-04-14,758,72,12.35
19.84192,105.3709,337.54,1.05,1.02,2026-04-14,758,88,34.13
19.8426,103.75407,319.99,1.24,1.11,2026-04-14,758,72,15.22
19.85145,103.07263,322.39,1.36,1.15,2026-04-14,758,74,16.23
19.85192,101.92628,324.2,1.62,1.25,2026-04-14,758,76,27.48
19.86008,104.43103,339.99,1.14,1.06,2026-04-14,758,90,46.12
19.86163,104.44063,371.64,1.14,1.06,2026-04-14,758,100,140.61
19.86934,104.42953,342.8,1.14,1.06,2026-04-14,758,91,52.24
19.87091,104.43928,382.67,1.14,1.06,2026-04-14,758,100,192.8
19.87395,102.52827,325.7,1.47,1.2,2026-04-14,758,78,30.33
19.87501,104.5237,324.44,1.13,1.06,2026-04-14,758,77,16.73
19.88416,104.52173,388.75,1.13,1.06,2026-04-14,758,100,220.7
19.90031,103.74457,319.82,1.24,1.11,2026-04-14,758,72,17.1
19.97722,105.28513,324.22,1.05,1.03,2026-04-14,758,77,16.27
20.0021,102.62855,322.27,1.44,1.19,2026-04-14,758,75,21.13
20.05608,100.66817,325.57,1.99,1.38,2026-04-14,758,78,46.81
20.05756,103.57111,325.85,1.26,1.11,2026-04-14,758,79,21.69
20.05943,103.58259,333.84,1.26,1.11,2026-04-14,758,86,35.92
20.06109,103.57678,331.1,1.26,1.11,2026-04-14,758,84,31.51
20.06275,103.66386,333.28,1.24,1.11,2026-04-14,758,85,32.0
20.06551,102.75085,325.9,1.41,1.18,2026-04-14,758,79,27.08
20.06773,102.76391,333.04,1.41,1.18,2026-04-14,758,85,42.3
20.07279,105.24174,323.21,1.06,1.03,2026-04-14,758,76,16.34
20.08686,103.81221,323.31,1.22,1.1,2026-04-14,758,76,17.22
20.09366,105.19904,320.52,1.06,1.03,2026-04-14,758,73,14.37
20.09513,105.20847,319.56,1.06,1.03,2026-04-14,758,71,12.9
20.12114,102.72119,323.44,1.42,1.18,2026-04-14,758,76,21.78
20.14781,104.25043,323.8,1.16,1.07,2026-04-14,758,77,19.63
20.1694,101.0253,332.57,1.86,1.33,2026-04-14,758,85,60.66
20.17709,102.56681,319.81,1.45,1.19,2026-04-14,758,72,16.94
20.19667,103.76959,324.98,1.22,1.1,2026-04-14,758,78,23.22
20.1986,103.78114,323.41,1.22,1.1,2026-04-14,758,77,21.13
20.21382,103.695,327.99,1.23,1.1,2026-04-14,758,81,25.63
20.22393,104.61052,319.99,1.11,1.05,2026-04-14,758,72,13.68
20.23218,104.61409,326.95,1.11,1.05,2026-04-14,758,80,22.93
20.26206,103.92924,320.75,1.2,1.09,2026-04-14,758,73,18.34
20.26389,103.94046,326.91,1.19,1.09,2026-04-14,758,80,26.98
20.26816,99.47322,322.46,2.43,1.5,2026-04-14,758,74,53.2
20.271,99.47745,319.59,2.43,1.5,2026-04-14,758,70,40.21
20.27328,104.11653,322.09,1.17,1.08,2026-04-14,758,75,18.66
20.2908,104.04655,347.19,1.18,1.08,2026-04-14,758,94,63.88
20.29659,100.72889,326.43,1.95,1.36,2026-04-14,758,79,43.86
20.29938,100.71478,327.62,1.95,1.36,2026-04-14,758,80,48.21
20.30264,100.73291,321.7,1.95,1.36,2026-04-14,758,74,31.35
20.32269,104.18475,323.36,1.16,1.07,2026-04-14,758,77,19.4
20.32431,104.19486,337.92,1.16,1.07,2026-04-14,758,89,42.85
20.33117,103.1029,318.97,1.33,1.14,2026-04-14,758,70,15.04
20.3562,104.2748,339.23,1.15,1.07,2026-04-14,758,89,42.86
20.35705,104.34004,336.04,1.14,1.06,2026-04-14,758,87,36.75
20.35709,102.7698,322.59,1.39,1.17,2026-04-14,758,75,22.09
20.36367,104.10526,324.96,1.17,1.08,2026-04-14,758,78,22.01
20.39112,104.27422,334.48,1.14,1.07,2026-04-14,758,86,34.61
20.39292,104.28533,322.73,1.14,1.07,2026-04-14,758,76,17.19
20.41142,103.03115,344.42,1.34,1.15,2026-04-14,758,92,68.82
20.4134,103.04295,328.55,1.34,1.15,2026-04-14,758,82,31.03
20.42326,105.53741,319.56,1.03,1.01,2026-04-14,758,72,9.85
20.47065,104.01202,367.83,1.18,1.08,2026-04-14,758,100,132.23
20.47239,104.02276,318.89,1.17,1.08,2026-04-14,758,71,14.53
20.50413,105.57549,338.66,1.03,1.01,2026-04-14,758,89,36.58
20.50559,105.585,325.75,1.03,1.01,2026-04-14,758,79,18.3
20.53239,100.66898,320.53,1.95,1.36,2026-04-14,758,72,33.2
20.53464,100.81323,323.28,1.9,1.35,2026-04-14,758,76,37.14
20.54929,104.04717,319.01,1.17,1.08,2026-04-14,758,71,13.36
20.54966,100.82931,333.28,1.89,1.34,2026-04-14,758,85,66.72
20.55027,104.28779,336.87,1.14,1.06,2026-04-14,758,88,40.64
20.5519,104.29783,324.22,1.14,1.06,2026-04-14,758,77,20.76
20.55619,103.91122,344.98,1.19,1.08,2026-04-14,758,93,57.2
20.58701,105.57462,321.41,1.03,1.01,2026-04-14,758,74,13.05
20.59076,101.63033,318.62,1.65,1.26,2026-04-14,758,70,17.18
20.59346,101.64543,320.65,1.65,1.26,2026-04-14,758,73,20.41
20.63325,104.56858,339.27,1.1,1.05,2026-04-14,758,89,39.38
20.63536,103.44295,319.84,1.25,1.11,2026-04-14,758,72,15.95
20.64451,104.17693,328.16,1.15,1.07,2026-04-14,758,81,25.13
20.64568,104.58791,357.38,1.1,1.05,2026-04-14,758,98,80.53
20.64729,104.59807,358.35,1.1,1.05,2026-04-14,758,99,84.92
20.65036,100.36864,338.62,2.04,1.39,2026-04-14,758,89,99.73
20.65354,100.3857,327.78,2.03,1.39,2026-04-14,758,81,54.81
20.66066,104.56432,323.93,1.1,1.05,2026-04-14,758,74,14.97
20.66628,101.73926,327.32,1.62,1.25,2026-04-14,758,80,31.73
20.67596,100.0743,324.21,2.14,1.42,2026-04-14,758,77,44.21
20.69423,103.91717,339.43,1.18,1.08,2026-04-14,758,89,44.49
20.69561,100.31131,321.85,2.05,1.39,2026-04-14,758,74,36.32
20.69586,103.92707,320.76,1.18,1.08,2026-04-14,758,73,13.9
20.69692,103.57623,324.33,1.23,1.1,2026-04-14,758,78,23.34
20.6987,103.58708,321.29,1.23,1.1,2026-04-14,758,74,18.75
20.69894,104.45511,330.35,1.11,1.05,2026-04-14,758,83,24.26
20.703,101.74158,320.85,1.61,1.25,2026-04-14,758,73,21.35
20.70337,100.31761,324.03,2.05,1.39,2026-04-14,758,77,43.65
20.75301,100.41798,335.83,2.01,1.38,2026-04-14,758,87,84.52
20.75796,103.12729,356.44,1.3,1.13,2026-04-14,758,98,101.7
20.76,103.13934,332.66,1.3,1.13,2026-04-14,758,85,36.0
20.76427,102.86077,330.7,1.35,1.15,2026-04-14,758,83,36.75
20.76776,103.12528,344.46,1.3,1.13,2026-04-14,758,92,64.71
20.77732,105.49008,323.18,1.03,1.01,2026-04-14,758,76,15.65
20.77947,109.97421,321.6,1.31,1.13,2026-04-14,758,74,16.36
20.78844,100.40859,319.61,2.01,1.38,2026-04-14,758,71,28.64
20.7899,103.19695,322.24,1.29,1.13,2026-04-14,758,75,20.56
20.8139,99.8894,320.54,2.19,1.44,2026-04-14,758,70,31.96
20.8226,100.16068,321.32,2.09,1.41,2026-04-14,758,73,37.54
20.83295,100.78561,338.42,1.88,1.34,2026-04-14,758,89,86.56
20.8364,103.5361,331.7,1.23,1.1,2026-04-14,758,84,33.96
20.8424,100.83746,323.01,1.86,1.33,2026-04-14,758,76,35.05
20.84568,102.85147,324.66,1.35,1.15,2026-04-14,758,78,25.52
20.86277,100.3104,318.77,2.04,1.39,2026-04-14,758,70,29.3
20.86414,102.247,320.54,1.48,1.2,2026-04-14,758,73,20.96
20.87265,103.01255,328.03,1.32,1.14,2026-04-14,758,81,30.39
20.88342,100.75385,320.65,1.89,1.34,2026-04-14,758,73,31.18
20.8921,102.82436,320.64,1.35,1.15,2026-04-14,758,72,18.22
20.89417,102.83646,335.87,1.35,1.15,2026-04-14,758,87,47.51
20.90431,102.83544,328.82,1.35,1.15,2026-04-14,758,82,32.46
20.91743,102.9729,322.36,1.32,1.14,2026-04-14,758,75,21.63
20.92655,102.48209,332.66,1.42,1.18,2026-04-14,758,85,44.36
20.93472,102.46826,320.85,1.42,1.18,2026-04-14,758,73,21.87
20.94925,100.60516,321.94,1.93,1.36,2026-04-14,758,74,32.92
20.96095,100.60265,331.05,1.93,1.36,2026-04-14,758,84,59.3
21.01796,104.01565,319.78,1.16,1.07,2026-04-14,758,72,13.09
21.02257,101.51366,319.2,1.65,1.26,2026-04-14,758,71,21.65
21.02257,102.194,333.89,1.48,1.2,2026-04-14,758,86,47.09
21.02495,102.20795,336.69,1.48,1.2,2026-04-14,758,88,53.88
21.03116,102.20117,322.16,1.48,1.2,2026-04-14,758,75,23.52
21.03326,103.83988,321.06,1.18,1.08,2026-04-14,758,72,13.6
21.03517,103.85139,325.67,1.18,1.08,2026-04-14,758,79,19.88
21.05992,102.7802,323.77,1.35,1.15,2026-04-14,758,76,23.82
21.15579,104.18104,319.39,1.13,1.06,2026-04-14,758,71,9.67
21.17071,107.47151,322.05,1.03,1.01,2026-04-14,758,76,14.62
21.18197,102.64471,323.62,1.37,1.16,2026-04-14,758,76,22.64
21.21098,104.23875,319.21,1.12,1.06,2026-04-14,758,71,10.21
21.21351,102.83194,370.51,1.34,1.15,2026-04-14,758,100,168.33
21.21578,102.60677,320.46,1.38,1.16,2026-04-14,758,73,19.37
21.22661,101.94842,322.97,1.53,1.22,2026-04-14,758,76,26.49
21.233,100.00322,332.42,2.11,1.41,2026-04-14,758,85,72.96
21.24061,103.61839,324.29,1.2,1.09,2026-04-14,758,77,19.06
21.24503,99.99982,322.13,2.11,1.41,2026-04-14,758,70,35.8
21.26255,104.10532,320.28,1.14,1.06,2026-04-14,758,73,10.05
21.26626,101.92524,334.62,1.53,1.22,2026-04-14,758,86,52.32
21.26709,102.05634,318.88,1.5,1.21,2026-04-14,758,70,19.54
21.27019,101.91942,327.44,1.53,1.22,2026-04-14,758,81,35.2
21.30022,107.27216,335.78,1.02,1.01,2026-04-14,758,87,32.5
21.30321,102.20402,319.41,1.46,1.19,2026-04-14,758,71,16.3
21.32578,102.76259,327.69,1.34,1.15,2026-04-14,758,81,30.33
21.33568,102.76038,319.85,1.34,1.15,2026-04-14,758,72,17.9
21.38051,107.0022,324.91,1.01,1.0,2026-04-14,758,78,17.34
21.38655,107.10722,319.99,1.01,1.01,2026-04-14,758,73,12.02
21.3879,107.11669,330.14,1.01,1.01,2026-04-14,758,83,23.74
21.40477,107.04633,318.78,1.01,1.01,2026-04-14,758,71,11.6
21.41241,102.25445,325.34,1.44,1.19,2026-04-14,758,78,27.01
21.41569,102.26015,321.91,1.44,1.19,2026-04-14,758,75,21.81
21.42576,104.06758,322.98,1.14,1.06,2026-04-14,758,76,14.06
21.43716,107.27335,320.56,1.02,1.01,2026-04-14,758,74,12.77
21.43852,107.28291,344.0,1.02,1.01,2026-04-14,758,92,45.94
21.48551,101.7763,323.79,1.55,1.23,2026-04-14,758,77,30.76
21.4923,102.06243,319.35,1.48,1.2,2026-04-14,758,71,17.06
21.49814,98.77187,322.91,2.57,1.54,2026-04-14,758,75,53.9
21.50275,98.77766,360.67,2.57,1.54,2026-04-14,758,100,320.34
21.50316,98.79681,331.6,2.56,1.54,2026-04-14,758,84,97.08
21.50808,98.80527,350.78,2.56,1.54,2026-04-14,758,95,224.48
21.5082,98.94756,328.92,2.5,1.52,2026-04-14,758,78,73.68
21.50843,107.71475,331.05,1.05,1.02,2026-04-14,758,84,25.82
21.5115,98.76933,341.11,2.57,1.54,2026-04-14,758,90,149.38
21.51632,98.77624,328.2,2.57,1.54,2026-04-14,758,81,78.72
21.51733,98.79839,360.94,2.56,1.54,2026-04-14,758,100,322.64
21.5184,102.86169,336.48,1.31,1.14,2026-04-14,758,78,40.35
21.52045,102.87363,348.48,1.31,1.14,2026-04-14,758,94,74.11
21.52822,102.8596,363.5,1.31,1.14,2026-04-14,758,100,127.35
21.53028,102.87155,429.37,1.31,1.14,2026-04-14,758,100,701.73
21.53241,102.88401,324.64,1.31,1.14,2026-04-14,758,78,21.74
21.53821,102.85838,337.42,1.31,1.14,2026-04-14,758,88,43.79
21.54026,102.87041,380.72,1.31,1.14,2026-04-14,758,100,219.87
21.54382,98.91969,324.38,2.51,1.52,2026-04-14,758,77,55.25
21.55537,102.42231,330.75,1.4,1.17,2026-04-14,758,83,37.37
21.55819,102.91599,321.13,1.3,1.13,2026-04-14,758,74,18.47
21.56991,102.32404,319.81,1.42,1.18,2026-04-14,758,72,16.0
21.58341,106.87899,318.71,1.01,1.0,2026-04-14,758,71,10.98
21.64723,105.06652,317.94,1.04,1.02,2026-04-14,758,70,11.07
21.64962,102.73027,326.27,1.33,1.14,2026-04-14,758,80,26.76
21.6538,98.88116,326.45,2.51,1.52,2026-04-14,758,79,74.16
21.65814,98.90316,325.52,2.5,1.52,2026-04-14,758,78,68.81
21.67612,106.04047,320.68,1.0,1.0,2026-04-14,758,74,12.54
21.72006,102.83564,344.07,1.31,1.14,2026-04-14,758,92,65.36
21.75043,102.06348,321.27,1.46,1.2,2026-04-14,758,74,20.66
21.75422,101.96364,326.62,1.49,1.2,2026-04-14,758,75,30.23
21.83363,102.95988,319.39,1.28,1.12,2026-04-14,758,71,14.54
21.85752,101.96429,320.63,1.48,1.2,2026-04-14,758,73,18.52
21.85999,101.97828,320.81,1.48,1.2,2026-04-14,758,73,18.57
21.86893,102.08992,319.4,1.45,1.19,2026-04-14,758,71,14.59
21.9335,109.31837,321.25,1.24,1.11,2026-04-14,758,74,17.45
21.95409,101.9821,330.4,1.47,1.2,2026-04-14,758,83,39.54
21.99698,105.65195,322.38,1.01,1.0,2026-04-14,758,76,14.69
22.00947,102.72263,332.38,1.32,1.14,2026-04-14,758,85,36.65
22.02646,105.41779,318.84,1.02,1.01,2026-04-14,758,72,11.38
22.17423,101.99506,318.17,1.46,1.19,2026-04-14,758,70,17.97
22.19466,101.82977,335.56,1.49,1.21,2026-04-14,758,87,52.51
22.19743,101.84531,322.03,1.49,1.2,2026-04-14,758,73,22.9
22.22598,106.21248,323.16,1.0,1.0,2026-04-14,758,77,14.83
22.23388,101.80698,320.84,1.49,1.21,2026-04-14,758,74,20.93
22.23548,102.53178,342.88,1.34,1.15,2026-04-14,758,92,61.74
22.2432,101.92211,322.2,1.47,1.2,2026-04-14,758,75,24.9
22.24555,101.93557,320.71,1.46,1.2,2026-04-14,758,74,22.39
22.24785,103.09551,323.92,1.24,1.11,2026-04-14,758,77,21.01
22.26055,102.61837,323.68,1.32,1.14,2026-04-14,758,77,20.87
22.26733,102.71775,330.8,1.31,1.13,2026-04-14,758,84,33.99
22.26943,102.73006,349.8,1.3,1.13,2026-04-14,758,95,82.18
22.30834,101.9437,324.83,1.46,1.19,2026-04-14,758,78,28.46
22.3107,101.95705,327.0,1.46,1.19,2026-04-14,758,80,33.65
22.33176,106.36055,324.75,1.0,1.0,2026-04-14,758,78,16.36
22.33281,105.12815,318.65,1.03,1.01,2026-04-14,758,72,11.25
22.33312,106.36991,334.39,1.0,1.0,2026-04-14,758,86,28.52
22.3598,105.05853,317.69,1.03,1.01,2026-04-14,758,70,10.78
22.38165,106.31747,357.02,1.0,1.0,2026-04-14,758,98,72.44
22.41994,102.0526,329.16,1.43,1.18,2026-04-14,758,83,35.58
22.42238,102.06647,338.87,1.42,1.18,2026-04-14,758,89,58.57
22.48195,105.18807,331.55,1.02,1.01,2026-04-14,758,85,26.48
22.48526,106.72428,323.45,1.01,1.0,2026-04-14,758,77,15.32
22.56963,106.52369,318.72,1.0,1.0,2026-04-14,758,71,10.01
22.57769,103.16474,326.53,1.22,1.1,2026-04-14,758,80,19.2
22.65814,105.74458,317.73,1.0,1.0,2026-04-14,758,70,9.24
22.66685,105.74296,318.49,1.0,1.0,2026-04-14,758,71,9.94
22.80025,105.16169,321.36,1.02,1.01,2026-04-14,758,75,13.67
23.15675,108.10537,325.8,1.11,1.05,2026-04-14,758,79,19.29
23.04661,99.20763,338.17,2.21,1.44,2026-04-14,801,89,113.73
23.08301,96.40489,344.88,3.55,1.77,2026-04-14,801,87,286.57
23.08641,96.411,339.43,3.55,1.77,2026-04-14,801,84,224.7
23.46487,104.12643,323.45,1.08,1.04,2026-04-14,801,75,8.86
23.50356,105.09431,322.0,1.02,1.01,2026-04-14,801,74,12.56
23.52369,103.27782,328.39,1.17,1.08,2026-04-14,801,80,16.79
23.5255,103.28895,333.28,1.17,1.08,2026-04-14,801,84,24.48
23.5784,97.8704,324.49,2.7,1.57,2026-04-14,801,78,78.52
23.58477,97.87489,324.62,2.7,1.57,2026-04-14,801,78,73.17
23.58828,104.14338,324.38,1.07,1.03,2026-04-14,801,75,10.93
23.65049,103.84148,328.21,1.1,1.05,2026-04-14,801,78,17.53
23.79581,104.05014,327.05,1.08,1.04,2026-04-14,801,76,17.89
23.85979,97.46059,332.66,2.86,1.61,2026-04-14,801,85,135.76
23.86473,97.4525,326.26,2.86,1.61,2026-04-14,801,80,99.01
24.0173,103.98589,322.53,1.08,1.04,2026-04-14,801,71,11.51
24.05521,103.41628,320.61,1.13,1.06,2026-04-14,801,71,9.0
24.09645,104.4278,328.2,1.04,1.02,2026-04-14,801,79,18.59
24.13682,104.27775,325.76,1.05,1.02,2026-04-14,801,76,17.66
24.28393,103.73974,329.47,1.09,1.04,2026-04-14,801,81,23.58
24.32276,104.57408,321.28,1.03,1.01,2026-04-14,801,71,11.78
24.81765,109.20393,316.56,1.33,1.14,2026-04-14,801,71,16.58
25.35479,94.47069,315.32,4.34,1.92,2026-04-14,801,72,96.36
25.48581,96.15991,316.25,3.25,1.7,2026-04-14,801,71,50.5
38.63844,102.21016,326.08,1.0,1.0,2026-04-14,805,77,14.18
38.64712,102.2081,333.14,1.0,1.0,2026-04-14,805,84,23.03
58.07495,31.05605,310.21,1.31,1.14,2026-04-14,807,70,16.68
50.52127,31.14083,316.17,2.21,1.44,2026-04-14,809,76,41.68
50.52807,31.11223,315.93,2.2,1.44,2026-04-14,809,76,40.41
51.0413,33.30859,311.33,2.7,1.57,2026-04-14,809,71,49.29
52.25497,83.38538,311.15,2.9,1.62,2026-04-14,809,71,50.34
52.62247,83.58219,344.98,2.75,1.59,2026-04-14,809,82,228.97
52.62725,83.5752,334.48,2.75,1.59,2026-04-14,809,84,148.5
53.53688,78.13873,310.77,4.38,1.93,2026-04-14,809,70,100.66
55.32201,31.53685,311.84,1.63,1.26,2026-04-14,809,71,22.08
56.57768,95.80665,355.17,1.02,1.01,2026-04-14,809,97,80.43
13.27235,14.00014,334.39,1.34,1.15,2026-04-14,820,84,41.21
13.28149,14.00749,331.64,1.34,1.15,2026-04-14,820,82,33.27
13.28238,14.00176,337.84,1.34,1.15,2026-04-14,820,87,48.09
13.28339,13.99559,338.52,1.33,1.14,2026-04-14,820,88,48.83
13.2842,13.98985,325.53,1.33,1.14,2026-04-14,820,74,22.57
13.29341,13.9972,327.47,1.33,1.14,2026-04-14,820,77,25.47
7.2226,16.31538,319.73,2.55,1.54,2026-04-14,822,71,24.25
8.58295,13.26899,326.32,1.4,1.17,2026-04-14,822,70,13.07
11.62711,13.08433,333.98,1.24,1.11,2026-04-14,822,80,23.81
-4.86625,12.03124,317.38,1.85,1.33,2026-04-14,824,74,27.66
-4.86414,12.01525,324.63,1.84,1.33,2026-04-14,824,81,44.51
-4.85656,12.02194,328.18,1.84,1.33,2026-04-14,824,84,51.67
33.76274,-79.25191,318.44,1.79,1.31,2026-04-14,835,97,40.53
22.4218,-83.84795,320.32,2.65,1.56,2026-04-14,837,100,79.73
7.22279,-80.73165,313.28,1.04,1.02,2026-04-14,841,82,11.08
-2.00376,-78.34198,332.62,1.31,1.14,2026-04-14,843,100,55.72
12.28516,77.5835,353.48,2.17,1.43,2026-04-14,937,96,173.1
12.39154,77.88742,326.17,2.04,1.39,2026-04-14,937,73,42.75
13.00722,78.70934,327.65,1.72,1.29,2026-04-14,937,74,29.84
13.85135,79.06223,327.5,1.56,1.23,2026-04-14,937,71,20.22
13.89851,79.12231,334.16,1.54,1.22,2026-04-14,937,80,40.68
13.93643,79.08672,332.57,1.55,1.23,2026-04-14,937,78,36.93
13.93873,79.10072,328.19,1.55,1.23,2026-04-14,937,71,25.5
13.95152,79.11192,333.04,1.54,1.22,2026-04-14,937,79,33.94
13.95806,79.11757,334.62,1.54,1.22,2026-04-14,937,80,34.89
13.96035,79.13101,332.38,1.54,1.22,2026-04-14,937,77,28.22
13.9625,80.00321,328.33,1.34,1.15,2026-04-14,937,71,18.13
13.96424,79.12283,339.67,1.54,1.22,2026-04-14,937,86,49.61
14.0149,79.06445,350.17,1.55,1.23,2026-04-14,937,94,90.58
14.02992,79.08907,360.89,1.54,1.22,2026-04-14,937,100,135.9
14.03223,79.1031,336.95,1.54,1.22,2026-04-14,937,83,41.04
14.33934,79.05059,331.05,1.53,1.22,2026-04-14,937,74,20.42
14.34167,79.06438,343.21,1.53,1.22,2026-04-14,937,88,55.65
14.34994,79.04865,343.39,1.53,1.22,2026-04-14,937,89,55.27
14.35229,79.06266,354.93,1.53,1.22,2026-04-14,937,97,100.22
14.52599,78.99334,334.76,1.54,1.22,2026-04-14,937,79,40.85
14.52812,79.00602,332.95,1.53,1.22,2026-04-14,937,77,33.98
15.51124,78.79357,328.46,1.53,1.22,2026-04-14,937,72,25.81
15.60276,79.33833,333.84,1.39,1.17,2026-04-14,937,79,28.7
15.60294,78.78468,335.83,1.52,1.22,2026-04-14,937,82,44.08
15.67322,78.88095,331.05,1.49,1.21,2026-04-14,937,76,26.06
16.49846,80.79716,332.95,1.12,1.05,2026-04-14,937,81,19.85
16.81878,79.90703,333.28,1.23,1.1,2026-04-14,937,80,27.13
17.35839,81.38533,328.97,1.05,1.02,2026-04-14,937,77,18.75
17.43732,81.65584,324.74,1.03,1.01,2026-04-14,937,71,14.2
17.61499,81.4887,328.41,1.04,1.02,2026-04-14,937,76,17.63
17.6883,81.79227,330.85,1.02,1.01,2026-04-14,937,79,22.89
17.68971,81.80167,326.27,1.02,1.01,2026-04-14,937,73,16.98
17.90812,82.70547,323.58,1.0,1.0,2026-04-14,937,72,11.21
17.90945,82.71459,323.51,1.0,1.0,2026-04-14,937,72,10.93
17.7322,80.6914,338.38,1.1,1.05,2026-04-14,939,85,29.74
18.12808,80.49798,329.21,1.11,1.05,2026-04-14,939,73,13.96
18.15838,82.28249,325.71,1.0,1.0,2026-04-14,939,72,9.6
18.19109,80.31405,328.36,1.13,1.06,2026-04-14,939,72,14.31
18.28988,80.2898,342.02,1.13,1.06,2026-04-14,939,88,34.44
18.31003,80.07771,331.84,1.15,1.07,2026-04-14,939,77,18.65
18.34334,80.50997,328.06,1.1,1.05,2026-04-14,939,71,11.62
18.38503,80.12865,328.22,1.15,1.07,2026-04-14,939,72,13.18
18.38683,81.20437,328.89,1.04,1.02,2026-04-14,939,72,12.35
18.52506,80.26181,327.46,1.12,1.06,2026-04-14,939,70,12.12
18.55103,80.24667,328.29,1.13,1.06,2026-04-14,939,71,14.24
18.58959,80.49059,330.09,1.1,1.05,2026-04-14,939,71,11.04
18.59554,80.46895,331.25,1.1,1.05,2026-04-14,939,76,12.95
18.61139,80.2188,328.17,1.13,1.06,2026-04-14,939,71,11.79
18.61368,80.82122,329.94,1.07,1.03,2026-04-14,939,75,14.25
18.65434,81.14105,331.05,1.04,1.02,2026-04-14,939,71,18.02
18.74494,83.7856,327.21,1.05,1.02,2026-04-14,939,74,17.12
18.82403,81.09948,328.48,1.04,1.02,2026-04-14,939,71,15.92
18.97919,80.61217,337.25,1.08,1.04,2026-04-14,939,83,25.76
19.01436,80.53838,334.62,1.08,1.04,2026-04-14,939,71,18.89
19.02339,80.53675,331.99,1.08,1.04,2026-04-14,939,76,15.96
19.04459,80.55338,333.65,1.08,1.04,2026-04-14,939,70,16.27
19.12655,79.03632,335.91,1.28,1.12,2026-04-14,939,79,29.76
19.14859,80.56998,330.95,1.08,1.04,2026-04-14,939,75,15.51
19.18256,80.96402,334.48,1.05,1.02,2026-04-14,939,80,23.96
19.1988,80.89205,329.37,1.05,1.02,2026-04-14,939,73,15.65
19.23578,80.12861,340.03,1.12,1.05,2026-04-14,939,86,28.51
19.25796,81.03955,331.94,1.04,1.02,2026-04-14,939,77,20.28
19.25942,81.04912,334.53,1.04,1.02,2026-04-14,939,80,23.38
19.26451,80.77444,331.1,1.06,1.03,2026-04-14,939,76,17.15
19.26681,81.03791,337.75,1.04,1.02,2026-04-14,939,84,27.92
19.26823,78.58158,335.78,1.36,1.15,2026-04-14,939,77,25.53
19.26908,80.8038,337.38,1.06,1.03,2026-04-14,939,84,26.26
19.27057,80.81339,338.05,1.05,1.03,2026-04-14,939,84,27.43
19.27193,83.19282,336.78,1.02,1.01,2026-04-14,939,85,27.9
19.27552,81.09502,342.91,1.04,1.02,2026-04-14,939,89,34.48
19.27679,81.02964,343.02,1.04,1.02,2026-04-14,939,89,37.13
19.27828,81.0392,333.79,1.04,1.02,2026-04-14,939,80,21.01
19.28465,80.493,327.87,1.08,1.04,2026-04-14,939,70,9.63
19.28831,78.57796,334.85,1.36,1.15,2026-04-14,939,76,22.19
19.3241,80.80387,331.15,1.05,1.03,2026-04-14,939,76,17.38
19.34453,81.11552,334.53,1.03,1.02,2026-04-14,939,81,22.09
19.34922,80.96788,333.37,1.04,1.02,2026-04-14,939,79,19.12
19.34923,80.90337,333.09,1.05,1.02,2026-04-14,939,70,19.52
19.35074,80.91304,347.15,1.05,1.02,2026-04-14,939,92,44.27
19.35222,80.92255,344.32,1.05,1.02,2026-04-14,939,90,38.09
19.35369,80.93202,336.04,1.04,1.02,2026-04-14,939,76,23.13
19.35838,83.02942,329.68,1.02,1.01,2026-04-14,939,77,18.62
19.35971,83.03874,336.0,1.02,1.01,2026-04-14,939,84,27.75
19.36115,80.92126,333.28,1.05,1.02,2026-04-14,939,75,21.12
19.36262,80.93073,340.65,1.04,1.02,2026-04-14,939,87,32.32
19.37004,80.91977,347.61,1.05,1.02,2026-04-14,939,92,48.06
19.42321,80.96905,333.61,1.04,1.02,2026-04-14,939,79,22.34
19.45533,81.1198,334.53,1.03,1.01,2026-04-14,939,81,24.43
19.46271,81.03413,338.46,1.04,1.02,2026-04-14,939,85,29.97
19.4759,80.82504,328.74,1.05,1.02,2026-04-14,939,72,16.66
19.51188,81.91235,328.21,1.0,1.0,2026-04-14,939,75,13.41
19.51257,82.8784,354.04,1.01,1.01,2026-04-14,939,96,61.22
19.51275,81.06428,333.37,1.03,1.02,2026-04-14,939,79,21.67
19.52378,83.9394,351.08,1.08,1.04,2026-04-14,939,95,56.64
19.52513,83.94935,328.29,1.08,1.04,2026-04-14,939,76,13.91
19.52662,82.91393,328.92,1.01,1.01,2026-04-14,939,76,16.65
19.52794,82.92316,357.92,1.01,1.01,2026-04-14,939,98,71.4
19.53057,80.81991,327.41,1.05,1.02,2026-04-14,939,70,14.21
19.5321,80.82973,327.85,1.05,1.02,2026-04-14,939,71,14.74
19.55881,80.94299,340.07,1.04,1.02,2026-04-14,939,86,32.66
19.5677,80.88263,348.13,1.04,1.02,2026-04-14,939,93,49.26
19.58393,80.92874,340.18,1.04,1.02,2026-04-14,939,86,33.28
19.58536,80.70062,343.42,1.06,1.03,2026-04-14,939,89,38.71
19.5854,80.93828,345.23,1.04,1.02,2026-04-14,939,91,42.74
19.58687,80.71049,327.64,1.06,1.03,2026-04-14,939,70,13.35
19.66806,79.57578,332.04,1.18,1.08,2026-04-14,939,72,18.44
19.72029,83.82515,332.42,1.07,1.03,2026-04-14,939,81,19.8
19.72164,83.83495,372.28,1.07,1.03,2026-04-14,939,100,122.89
19.73072,83.83393,326.59,1.07,1.03,2026-04-14,939,74,12.91
19.74133,83.252,334.16,1.03,1.01,2026-04-14,939,83,23.58
19.74218,83.65173,328.77,1.06,1.03,2026-04-14,939,77,16.35
19.74265,83.26142,332.71,1.03,1.02,2026-04-14,939,82,21.1
19.74613,80.83884,332.47,1.04,1.02,2026-04-14,939,74,21.13
19.76562,83.62228,326.82,1.06,1.03,2026-04-14,939,73,14.14
19.76698,83.6322,350.05,1.06,1.03,2026-04-14,939,95,54.51
19.77937,80.15754,329.78,1.1,1.05,2026-04-14,939,71,12.67
19.78774,80.16082,332.86,1.1,1.05,2026-04-14,939,76,17.67
19.85461,83.66065,355.98,1.06,1.03,2026-04-14,939,92,70.48
19.86491,80.11565,334.71,1.1,1.05,2026-04-14,939,78,21.51
19.8665,80.1258,334.03,1.1,1.05,2026-04-14,939,77,21.01
19.89216,83.53538,327.49,1.05,1.02,2026-04-14,939,76,16.97
19.91552,83.57169,336.0,1.06,1.03,2026-04-14,939,85,29.04
19.91674,83.44675,325.99,1.05,1.02,2026-04-14,939,74,12.05
19.94579,83.39375,325.61,1.04,1.02,2026-04-14,939,73,9.7
19.9668,83.88026,328.68,1.08,1.04,2026-04-14,939,78,16.61
19.96914,83.82926,337.46,1.08,1.04,2026-04-14,939,86,30.27
19.97049,83.83923,342.99,1.08,1.04,2026-04-14,939,90,40.42
19.97084,83.50799,336.69,1.05,1.02,2026-04-14,939,86,26.3
19.97218,83.51764,344.63,1.05,1.02,2026-04-14,939,91,42.78
19.97589,83.87903,331.75,1.08,1.04,2026-04-14,939,81,20.44
19.98603,83.48599,326.57,1.05,1.02,2026-04-14,939,72,12.49
20.06008,84.01997,331.1,1.1,1.05,2026-04-14,939,76,23.87
20.22483,78.26782,333.98,1.37,1.16,2026-04-14,939,71,19.84
20.47895,78.00184,338.66,1.41,1.18,2026-04-14,939,77,28.91
20.49961,78.18255,345.16,1.37,1.16,2026-04-14,939,88,46.52
20.77724,81.59295,334.12,1.0,1.0,2026-04-14,939,79,16.77
20.79286,81.63789,330.95,1.0,1.0,2026-04-14,939,74,11.75
20.79424,81.64718,332.09,1.0,1.0,2026-04-14,939,76,13.13
20.8159,80.27461,334.71,1.07,1.03,2026-04-14,939,77,20.02
20.83599,81.68764,336.52,1.0,1.0,2026-04-14,939,82,20.28
20.83736,81.69692,334.07,1.0,1.0,2026-04-14,939,79,16.75
20.84481,81.42221,333.7,1.01,1.0,2026-04-14,939,78,16.07
21.15467,82.92747,329.99,1.03,1.01,2026-04-14,939,75,11.7
21.18577,79.97134,337.46,1.09,1.04,2026-04-14,939,81,25.84
21.25857,79.27087,343.86,1.16,1.07,2026-04-14,939,80,34.63
21.26033,79.28163,357.35,1.16,1.07,2026-04-14,939,98,71.85
21.27057,79.52039,352.53,1.13,1.06,2026-04-14,939,95,61.38
21.27418,78.4278,335.29,1.29,1.13,2026-04-14,939,76,20.26
21.28835,78.51105,333.14,1.28,1.12,2026-04-14,939,71,17.67
21.31723,79.3372,332.38,1.15,1.07,2026-04-14,939,72,14.41
21.36864,80.72778,332.52,1.03,1.01,2026-04-14,939,74,17.23
21.37966,84.37767,326.38,1.18,1.08,2026-04-14,939,71,18.45
21.46085,81.9575,333.09,1.0,1.0,2026-04-14,939,74,12.49
21.46957,81.95603,343.75,1.0,1.0,2026-04-14,939,88,28.55
21.52258,78.50198,332.71,1.27,1.12,2026-04-14,939,73,14.18
21.56549,83.29559,330.65,1.06,1.03,2026-04-14,939,73,13.69
21.61704,76.76048,335.74,1.64,1.26,2026-04-14,939,76,31.14
21.61865,83.1392,340.1,1.05,1.02,2026-04-14,939,85,26.48
21.63794,78.38288,331.7,1.28,1.12,2026-04-14,939,71,12.69
21.65034,81.30473,336.61,1.0,1.0,2026-04-14,939,81,17.56
21.65174,81.31409,330.8,1.0,1.0,2026-04-14,939,71,9.61
21.67477,81.34847,339.87,1.0,1.0,2026-04-14,939,84,23.62
21.71061,76.76756,333.09,1.63,1.26,2026-04-14,939,72,25.26
21.72035,81.47475,333.28,1.0,1.0,2026-04-14,939,76,12.9
21.72174,81.48409,333.28,1.0,1.0,2026-04-14,939,76,13.01
21.74086,79.56405,332.66,1.11,1.05,2026-04-14,939,75,18.22
21.7415,83.84364,331.79,1.12,1.05,2026-04-14,939,77,16.08
21.81381,81.72007,331.1,1.0,1.0,2026-04-14,939,72,12.69
21.82772,78.48677,335.38,1.26,1.11,2026-04-14,939,77,20.67
21.86926,77.26707,335.96,1.49,1.21,2026-04-14,939,77,32.51
21.91237,79.47782,335.38,1.12,1.05,2026-04-14,939,79,20.61
21.91983,81.8783,331.84,1.0,1.0,2026-04-14,939,74,13.41
21.93297,77.10307,333.23,1.53,1.22,2026-04-14,939,72,25.14
21.94486,79.504,337.33,1.11,1.05,2026-04-14,939,81,24.9
21.94653,79.51437,343.93,1.11,1.05,2026-04-14,939,88,38.02
21.95588,80.27177,332.23,1.05,1.02,2026-04-14,939,75,20.32
21.99185,76.84362,333.56,1.59,1.24,2026-04-14,939,73,21.73
21.99443,76.85831,332.47,1.58,1.24,2026-04-14,939,71,18.69
22.0199,79.33215,335.43,1.13,1.06,2026-04-14,939,79,21.16
22.04842,79.39181,331.7,1.12,1.06,2026-04-14,939,73,15.36
22.0584,79.33582,331.99,1.13,1.06,2026-04-14,939,73,14.74
22.06008,79.34634,344.42,1.13,1.06,2026-04-14,939,89,38.46
22.12616,79.88248,332.86,1.07,1.03,2026-04-14,939,76,18.95
22.13182,79.21836,331.0,1.14,1.06,2026-04-14,939,71,13.57
22.15537,79.14124,335.47,1.15,1.07,2026-04-14,939,71,24.5
22.1629,79.1288,337.25,1.15,1.07,2026-04-14,939,81,24.73
22.16464,79.13948,380.73,1.15,1.07,2026-04-14,939,100,170.12
22.17853,79.22487,330.9,1.14,1.06,2026-04-14,939,70,13.39
22.1877,77.85868,331.94,1.35,1.15,2026-04-14,939,70,22.07
22.22739,79.41048,368.6,1.12,1.05,2026-04-14,939,100,107.25
22.22905,79.42085,347.25,1.12,1.05,2026-04-14,939,91,43.02
22.23653,79.40874,361.49,1.12,1.05,2026-04-14,939,100,82.3
22.2533,82.26628,331.84,1.01,1.01,2026-04-14,939,75,13.01
22.26995,79.67771,331.6,1.09,1.04,2026-04-14,939,72,14.11
22.27576,79.65563,338.33,1.09,1.04,2026-04-14,939,83,23.86
22.29532,77.41685,334.21,1.43,1.18,2026-04-14,939,76,25.93
22.29931,77.42152,336.61,1.43,1.18,2026-04-14,939,79,30.34
22.30818,79.7434,339.27,1.08,1.04,2026-04-14,939,84,28.29
22.30976,79.75348,363.45,1.08,1.04,2026-04-14,939,100,88.95
22.31732,79.7466,351.95,1.08,1.04,2026-04-14,939,94,55.55
22.31893,79.75667,336.87,1.08,1.04,2026-04-14,939,80,24.41
22.35496,79.74993,335.69,1.08,1.04,2026-04-14,939,78,21.5
22.36871,80.80117,346.15,1.01,1.01,2026-04-14,939,91,39.24
22.39308,77.61478,338.05,1.39,1.17,2026-04-14,939,82,38.2
22.3953,77.62773,339.31,1.39,1.17,2026-04-14,939,83,40.92
22.40802,78.63257,337.12,1.21,1.09,2026-04-14,939,80,30.43
22.40864,79.61852,335.38,1.09,1.04,2026-04-14,939,77,19.18
22.49161,79.38592,331.99,1.11,1.05,2026-04-14,939,70,13.03
22.49903,79.49075,334.62,1.1,1.05,2026-04-14,939,76,16.94
22.65417,81.41509,335.69,1.0,1.0,2026-04-14,939,78,20.99
22.72091,79.42596,331.84,1.1,1.05,2026-04-14,939,71,12.62
22.7228,85.36213,332.18,1.39,1.17,2026-04-14,939,79,34.02
22.89157,83.89515,327.98,1.16,1.07,2026-04-14,939,72,15.3
22.92112,83.64302,328.92,1.13,1.06,2026-04-14,939,73,15.71
22.95078,77.5579,346.29,1.37,1.16,2026-04-14,939,89,54.16
22.95296,77.57066,340.61,1.37,1.16,2026-04-14,939,83,37.72
22.96298,77.56859,339.79,1.37,1.16,2026-04-14,939,82,34.51
22.96517,77.58143,335.87,1.36,1.16,2026-04-14,939,76,25.55
23.04469,78.29215,332.57,1.24,1.1,2026-04-14,939,71,15.2
23.05077,77.59671,351.11,1.36,1.15,2026-04-14,939,92,66.35
23.07131,77.05502,336.48,1.47,1.2,2026-04-14,939,77,24.7
23.08301,78.28455,340.73,1.24,1.1,2026-04-14,939,84,32.27
23.08468,77.43819,333.61,1.39,1.17,2026-04-14,939,71,21.48
23.17577,77.18121,333.37,1.43,1.18,2026-04-14,939,71,19.63
23.32207,79.4166,341.76,1.09,1.04,2026-04-14,939,85,27.05
23.32656,78.0113,339.23,1.27,1.12,2026-04-14,939,81,33.57
23.32769,78.00556,334.3,1.27,1.12,2026-04-14,939,73,24.63
23.33571,77.81696,339.27,1.3,1.13,2026-04-14,939,81,31.43
23.3378,77.82919,333.23,1.3,1.13,2026-04-14,939,71,18.66
23.42019,78.93359,339.95,1.13,1.06,2026-04-14,939,83,25.57
23.44541,81.3761,332.62,1.0,1.0,2026-04-14,939,76,12.49
23.44679,81.38555,355.15,1.0,1.0,2026-04-14,939,97,54.06
23.44819,76.85878,335.12,1.49,1.2,2026-04-14,939,75,27.45
23.45126,79.88256,331.99,1.05,1.02,2026-04-14,939,71,13.96
23.45282,79.89243,339.99,1.05,1.02,2026-04-14,939,83,26.81
23.46256,77.83517,354.98,1.29,1.13,2026-04-14,939,96,76.97
23.46459,77.84724,365.89,1.29,1.13,2026-04-14,939,100,119.85
23.47232,77.83315,357.48,1.29,1.13,2026-04-14,939,98,86.44
23.47436,77.84527,363.86,1.29,1.13,2026-04-14,939,100,111.21
23.48269,74.47469,330.6,2.19,1.44,2026-04-14,939,70,36.14
23.50323,78.37235,332.9,1.21,1.09,2026-04-14,939,70,17.18
23.53942,77.13601,333.23,1.42,1.18,2026-04-14,939,71,23.45
23.55194,77.69721,341.84,1.31,1.14,2026-04-14,939,85,41.72
23.56131,79.81483,333.0,1.05,1.02,2026-04-14,939,73,14.85
23.57393,79.37167,338.25,1.09,1.04,2026-04-14,939,81,21.66
23.5754,78.01695,333.56,1.26,1.11,2026-04-14,939,71,18.23
23.58295,79.36992,335.25,1.09,1.04,2026-04-14,939,76,16.04
23.58652,77.90389,344.91,1.28,1.12,2026-04-14,939,88,45.49
23.58829,77.89694,336.95,1.28,1.12,2026-04-14,939,78,26.23
23.59035,77.90894,333.79,1.27,1.12,2026-04-14,939,72,19.02
23.60935,82.39686,331.99,1.03,1.02,2026-04-14,939,77,18.99
23.61743,77.89101,335.43,1.28,1.12,2026-04-14,939,75,23.99
23.61802,77.53551,336.99,1.34,1.15,2026-04-14,939,78,28.13
23.62378,80.27552,333.98,1.02,1.01,2026-04-14,939,75,17.69
23.62527,80.28517,334.35,1.02,1.01,2026-04-14,939,76,18.18
23.62689,77.52823,349.4,1.34,1.15,2026-04-14,939,92,62.03
23.63213,80.09455,335.52,1.03,1.01,2026-04-14,939,78,20.21
23.63363,80.10429,340.42,1.03,1.01,2026-04-14,939,84,28.4
23.63543,79.29006,333.52,1.09,1.04,2026-04-14,939,73,15.65
23.63615,79.2368,340.5,1.1,1.04,2026-04-14,939,83,26.13
23.63783,79.24715,352.5,1.1,1.04,2026-04-14,939,95,53.06
23.6616,78.35825,339.43,1.2,1.09,2026-04-14,939,82,30.77
23.66769,78.36211,336.22,1.2,1.09,2026-04-14,939,77,26.44
23.67496,80.19652,336.0,1.03,1.01,2026-04-14,939,79,20.13
23.70545,78.41279,333.33,1.19,1.09,2026-04-14,939,71,18.54
23.711,81.87291,329.94,1.01,1.01,2026-04-14,939,72,12.54
23.71237,81.8825,335.56,1.01,1.01,2026-04-14,939,80,20.35
23.71974,76.94083,336.48,1.45,1.19,2026-04-14,939,77,30.17
23.73682,80.84396,339.11,1.0,1.0,2026-04-14,939,84,23.99
23.73823,80.85344,338.5,1.0,1.0,2026-04-14,939,83,22.98
23.83184,77.82278,336.0,1.28,1.12,2026-04-14,939,76,24.04
23.83386,77.83479,359.97,1.28,1.12,2026-04-14,939,99,94.78
23.83588,77.84677,349.46,1.27,1.12,2026-04-14,939,92,56.71
23.84389,79.25896,334.03,1.09,1.04,2026-04-14,939,73,14.54
23.84554,79.26923,334.39,1.09,1.04,2026-04-14,939,74,14.85
23.84759,77.85674,340.92,1.27,1.12,2026-04-14,939,83,36.65
23.84959,77.86871,333.28,1.27,1.12,2026-04-14,939,71,20.35
23.85835,77.19547,334.62,1.39,1.17,2026-04-14,939,73,25.2
23.86759,82.86253,348.23,1.07,1.03,2026-04-14,939,92,47.5
23.86898,82.87267,338.99,1.07,1.03,2026-04-14,939,85,28.82
23.88922,82.82207,335.69,1.07,1.03,2026-04-14,939,81,22.44
23.92296,83.00455,330.4,1.09,1.04,2026-04-14,939,73,14.94
23.92451,82.87871,329.0,1.07,1.03,2026-04-14,939,70,11.89
23.95465,82.61954,338.0,1.05,1.03,2026-04-14,939,83,24.04
23.96677,78.98735,338.99,1.11,1.05,2026-04-14,939,81,24.49
23.96695,77.82038,337.33,1.27,1.12,2026-04-14,939,78,27.51
23.96849,78.99787,334.26,1.11,1.05,2026-04-14,939,73,15.58
23.969,77.83234,337.67,1.27,1.12,2026-04-14,939,79,29.03
23.98167,83.16499,331.55,1.1,1.05,2026-04-14,939,75,16.06
24.03712,83.23549,342.29,1.11,1.05,2026-04-14,939,87,33.45
24.03852,83.2461,333.89,1.11,1.05,2026-04-14,939,78,18.53
24.05027,77.88416,345.19,1.26,1.11,2026-04-14,939,88,45.01
24.05577,81.37281,342.99,1.0,1.0,2026-04-14,939,76,31.69
24.05658,85.18636,330.75,1.42,1.18,2026-04-14,939,75,26.85
24.09367,77.72684,335.43,1.28,1.12,2026-04-14,939,75,23.4
24.09675,80.10829,333.47,1.02,1.01,2026-04-14,939,73,13.55
24.12443,77.71391,348.23,1.28,1.12,2026-04-14,939,91,56.72
24.14507,83.00936,331.75,1.09,1.04,2026-04-14,939,74,17.31
24.14576,83.08361,332.09,1.1,1.04,2026-04-14,939,75,17.41
24.17463,73.99393,339.31,2.29,1.47,2026-04-14,939,84,84.57
24.17469,74.0008,350.39,2.29,1.47,2026-04-14,939,93,156.11
24.17895,74.01543,340.22,2.29,1.46,2026-04-14,939,85,88.99
24.17942,83.05698,335.07,1.1,1.04,2026-04-14,939,75,23.14
24.20709,77.53991,334.8,1.31,1.13,2026-04-14,939,74,22.52
24.22494,78.01177,338.54,1.23,1.1,2026-04-14,939,80,27.72
24.22806,82.93652,332.76,1.09,1.04,2026-04-14,939,75,16.87
24.24562,77.88113,333.28,1.25,1.11,2026-04-14,939,71,17.24
24.27768,79.53861,338.99,1.06,1.03,2026-04-14,939,81,19.62
24.28503,79.52692,339.75,1.06,1.03,2026-04-14,939,82,20.95
24.29677,78.18192,334.35,1.2,1.09,2026-04-14,939,74,16.23
24.30979,82.72873,356.59,1.07,1.03,2026-04-14,939,98,64.6
24.39705,79.65414,335.25,1.05,1.02,2026-04-14,939,76,16.59
24.41489,77.06907,334.48,1.39,1.17,2026-04-14,939,73,23.72
24.44464,78.09817,342.95,1.21,1.09,2026-04-14,939,86,35.23
24.44653,78.10959,334.71,1.21,1.09,2026-04-14,939,74,17.56
24.46864,78.93504,340.81,1.1,1.05,2026-04-14,939,84,29.78
24.47032,78.94552,353.73,1.1,1.05,2026-04-14,939,95,59.77
24.48922,79.82301,335.34,1.03,1.02,2026-04-14,939,77,17.73
24.49075,79.83283,338.95,1.03,1.02,2026-04-14,939,82,24.02
24.51449,83.22613,333.75,1.12,1.06,2026-04-14,939,77,20.58
24.54343,80.2927,345.37,1.01,1.01,2026-04-14,939,89,34.05
24.55072,80.28146,352.91,1.01,1.01,2026-04-14,939,95,49.92
24.55218,80.29108,359.5,1.01,1.01,2026-04-14,939,99,66.59
24.55466,80.01212,336.91,1.02,1.01,2026-04-14,939,79,19.76
24.60221,78.55544,342.36,1.14,1.07,2026-04-14,939,86,33.98
24.61496,78.57525,342.84,1.14,1.06,2026-04-14,939,86,33.21
24.61671,78.58605,361.7,1.14,1.06,2026-04-14,939,100,86.1
24.66177,79.33095,334.21,1.06,1.03,2026-04-14,939,75,16.57
24.66267,79.5126,332.47,1.05,1.02,2026-04-14,939,71,14.49
24.66306,78.87391,349.43,1.11,1.05,2026-04-14,939,92,47.91
24.66474,78.88443,350.42,1.1,1.05,2026-04-14,939,93,50.49
24.67216,78.87211,341.19,1.11,1.05,2026-04-14,939,84,30.18
24.67384,78.88262,334.71,1.1,1.05,2026-04-14,939,75,18.45
24.78019,83.93559,334.39,1.22,1.1,2026-04-14,939,75,23.76
24.78645,79.65753,333.04,1.04,1.02,2026-04-14,939,73,15.62
24.7953,79.65584,331.79,1.04,1.02,2026-04-14,939,70,13.75
24.83129,87.38094,327.26,2.07,1.4,2026-04-14,939,76,33.24
24.83612,76.64253,335.61,1.45,1.19,2026-04-14,939,76,25.48
24.83955,77.68587,334.89,1.25,1.11,2026-04-14,939,75,22.44
24.865,76.33823,332.28,1.51,1.21,2026-04-14,939,70,21.67
24.96711,76.57349,346.89,1.46,1.19,2026-04-14,939,90,58.3
24.9729,82.65459,342.66,1.08,1.04,2026-04-14,939,87,34.62
24.97428,82.66489,336.44,1.08,1.04,2026-04-14,939,81,23.49
24.97742,76.57124,349.37,1.46,1.19,2026-04-14,939,92,67.3
24.97806,73.22242,332.57,2.51,1.52,2026-04-14,939,76,63.22
24.99841,85.76789,327.61,1.6,1.24,2026-04-14,939,72,19.58
25.00204,83.92589,353.05,1.23,1.1,2026-04-14,939,95,70.81
25.00354,83.93765,364.32,1.23,1.1,2026-04-14,939,100,110.71
25.02072,83.99526,345.43,1.24,1.11,2026-04-14,939,90,50.0
25.03175,82.07062,335.56,1.03,1.02,2026-04-14,939,79,19.82
25.04056,79.5595,331.94,1.04,1.02,2026-04-14,939,70,12.56
25.04061,82.06911,346.69,1.03,1.02,2026-04-14,939,91,39.97
25.05361,83.91104,348.16,1.23,1.1,2026-04-14,939,92,57.23
25.06028,83.88608,334.98,1.22,1.1,2026-04-14,939,79,24.8
25.06376,85.75896,335.43,1.6,1.24,2026-04-14,939,82,39.07
25.06556,85.77431,345.19,1.6,1.25,2026-04-14,939,91,71.79
25.08522,83.77532,331.94,1.21,1.09,2026-04-14,939,70,18.64
25.0942,83.84506,334.12,1.22,1.1,2026-04-14,939,78,23.76
25.0957,83.85675,332.28,1.22,1.1,2026-04-14,939,75,20.71
25.09748,84.02517,333.04,1.24,1.11,2026-04-14,939,77,23.91
25.09898,84.03712,330.45,1.25,1.11,2026-04-14,939,72,19.51
25.10379,83.84359,357.04,1.22,1.1,2026-04-14,939,98,80.94
25.1053,83.85528,346.22,1.22,1.1,2026-04-14,939,91,49.9
25.13002,83.71574,331.89,1.2,1.09,2026-04-14,939,75,18.41
25.13113,77.02976,334.03,1.35,1.15,2026-04-14,939,71,20.67
25.13114,84.05668,384.71,1.25,1.11,2026-04-14,939,100,218.16
25.13268,84.06869,409.82,1.25,1.11,2026-04-14,939,100,419.89
25.14018,83.95248,339.35,1.24,1.1,2026-04-14,939,84,35.45
25.14086,84.05521,374.65,1.25,1.11,2026-04-14,939,100,159.28
25.14228,84.04948,347.15,1.25,1.11,2026-04-14,939,91,50.03
25.1424,84.06722,355.12,1.25,1.11,2026-04-14,939,97,78.82
25.14376,84.0615,350.84,1.25,1.11,2026-04-14,939,94,63.53
25.14865,81.32318,341.76,1.01,1.0,2026-04-14,939,86,25.85
25.14903,84.024,363.04,1.25,1.11,2026-04-14,939,100,100.06
25.15051,84.036,362.86,1.25,1.11,2026-04-14,939,100,99.35
25.15876,81.33129,356.99,1.01,1.0,2026-04-14,939,98,57.76
25.16197,79.03416,337.92,1.08,1.04,2026-04-14,939,80,22.1
25.17892,84.10535,331.1,1.26,1.12,2026-04-14,939,74,19.72
25.18042,84.11748,331.1,1.26,1.12,2026-04-14,939,74,20.34
25.1842,84.22894,331.0,1.28,1.12,2026-04-14,939,74,21.36
25.19358,83.90812,341.11,1.23,1.1,2026-04-14,939,81,35.06
25.19387,84.06615,338.5,1.25,1.11,2026-04-14,939,84,32.11
25.20418,83.99123,337.33,1.24,1.11,2026-04-14,939,82,31.43
25.21387,83.98976,339.07,1.24,1.11,2026-04-14,939,84,35.92
25.22152,84.04968,336.13,1.25,1.11,2026-04-14,939,81,27.64
25.22218,77.25888,335.96,1.31,1.13,2026-04-14,939,78,23.36
25.22305,84.06173,341.84,1.25,1.11,2026-04-14,939,87,41.36
25.22957,83.8477,349.9,1.22,1.1,2026-04-14,939,93,61.47
25.23104,83.85945,338.0,1.22,1.1,2026-04-14,939,83,31.89
25.24926,76.99898,342.58,1.35,1.15,2026-04-14,939,86,43.84
25.37852,79.23203,333.47,1.06,1.03,2026-04-14,939,74,15.02
25.44155,78.86925,332.18,1.09,1.04,2026-04-14,939,72,14.4
25.5917,78.94074,332.9,1.08,1.04,2026-04-14,939,73,15.91
25.93576,82.89944,330.65,1.12,1.06,2026-04-14,939,74,17.2
26.09302,83.40227,328.52,1.19,1.08,2026-04-14,939,71,14.15
26.1571,83.33968,331.94,1.18,1.08,2026-04-14,939,77,20.09
26.28997,83.77421,333.28,1.25,1.11,2026-04-14,939,79,24.2
26.29151,83.7863,344.95,1.25,1.11,2026-04-14,939,90,50.67
26.4223,83.5222,346.49,1.21,1.1,2026-04-14,939,86,47.96
26.43187,83.52071,353.87,1.21,1.1,2026-04-14,939,96,68.16
26.43338,83.5325,343.46,1.22,1.1,2026-04-14,939,80,39.44
26.43921,83.97676,334.76,1.29,1.13,2026-04-14,939,81,27.68
26.44145,83.51921,351.26,1.21,1.1,2026-04-14,939,95,59.82
26.45102,83.51771,346.15,1.21,1.1,2026-04-14,939,89,46.5
26.46219,83.75988,331.25,1.25,1.11,2026-04-14,939,77,20.49
26.47586,83.1421,331.15,1.16,1.07,2026-04-14,939,76,17.15
26.47698,83.53081,346.95,1.22,1.1,2026-04-14,939,87,47.69
26.47987,83.39877,337.16,1.2,1.09,2026-04-14,939,70,27.21
26.4814,83.56635,331.05,1.22,1.1,2026-04-14,939,76,20.41
26.48509,83.51749,342.55,1.22,1.1,2026-04-14,939,76,39.15
26.48525,83.14059,358.07,1.16,1.07,2026-04-14,939,98,80.58
26.48939,83.39727,334.07,1.2,1.09,2026-04-14,939,73,22.34
26.49764,83.53963,337.16,1.22,1.1,2026-04-14,939,82,28.61
26.54409,83.52029,333.89,1.22,1.1,2026-04-14,939,80,23.95
26.54659,83.51434,338.29,1.22,1.1,2026-04-14,939,85,33.57
26.55618,83.51283,340.38,1.22,1.1,2026-04-14,939,87,38.55
26.6141,82.93588,333.75,1.14,1.07,2026-04-14,939,80,21.76
26.6185,83.26987,331.7,1.19,1.08,2026-04-14,939,78,18.92
26.61995,83.2814,334.98,1.19,1.08,2026-04-14,939,82,24.42
26.63474,85.88615,324.56,1.72,1.29,2026-04-14,939,73,22.53
26.6513,83.30002,332.71,1.19,1.09,2026-04-14,939,79,19.5
26.65277,83.3116,334.12,1.19,1.09,2026-04-14,939,81,22.31
26.66079,83.29852,334.76,1.19,1.09,2026-04-14,939,81,23.47
26.69073,83.30556,335.38,1.19,1.09,2026-04-14,939,82,25.8
26.74122,83.62312,332.09,1.24,1.11,2026-04-14,939,79,21.95
26.74444,83.62935,329.58,1.24,1.11,2026-04-14,939,72,17.45
26.78582,82.98695,332.18,1.15,1.07,2026-04-14,939,78,20.28
26.82083,82.88999,335.74,1.14,1.07,2026-04-14,939,82,24.97
26.82213,83.27235,334.35,1.19,1.09,2026-04-14,939,73,23.41
26.82933,83.17697,328.8,1.18,1.08,2026-04-14,939,74,14.36
26.83843,83.02445,330.19,1.16,1.07,2026-04-14,939,75,16.44
26.8581,82.91238,331.5,1.15,1.07,2026-04-14,939,77,15.68
26.86024,82.85516,331.55,1.14,1.06,2026-04-14,939,77,15.5
26.86167,82.86628,340.26,1.14,1.06,2026-04-14,939,87,31.31
26.90962,82.86985,330.35,1.14,1.07,2026-04-14,939,76,14.59
26.94865,84.22005,327.35,1.35,1.15,2026-04-14,939,74,20.29
26.98848,83.05728,336.18,1.17,1.08,2026-04-14,939,83,28.16
26.99378,82.80404,328.6,1.14,1.06,2026-04-14,939,73,13.55
27.0148,82.89164,333.14,1.15,1.07,2026-04-14,939,80,18.97
27.07865,83.0487,331.7,1.17,1.08,2026-04-14,939,78,20.54
27.08468,83.50771,336.09,1.23,1.1,2026-04-14,939,84,31.49
27.09763,82.82677,328.82,1.14,1.07,2026-04-14,939,74,12.53
27.12679,82.84956,336.44,1.15,1.07,2026-04-14,939,84,26.92
27.13324,82.9751,336.04,1.16,1.07,2026-04-14,939,84,27.32
27.13467,82.98645,368.48,1.16,1.07,2026-04-14,939,100,120.27
27.13611,82.99783,337.04,1.17,1.07,2026-04-14,939,85,30.69
27.14261,82.97358,331.79,1.16,1.07,2026-04-14,939,76,20.64
27.14398,82.83533,332.28,1.15,1.07,2026-04-14,939,79,20.51
27.19124,82.64079,331.4,1.12,1.06,2026-04-14,939,76,17.8
27.19208,84.72903,337.46,1.46,1.19,2026-04-14,939,86,48.62
27.2013,83.0573,327.01,1.17,1.08,2026-04-14,939,72,13.44
27.20747,82.5487,333.89,1.12,1.05,2026-04-14,939,81,22.3
27.21176,82.58144,337.54,1.12,1.05,2026-04-14,939,85,27.81
27.2132,82.59236,352.96,1.12,1.05,2026-04-14,939,96,62.6
27.21606,82.61427,334.21,1.12,1.06,2026-04-14,939,81,22.59
27.21765,82.92107,333.28,1.16,1.07,2026-04-14,939,81,22.09
27.25146,82.53475,328.31,1.12,1.05,2026-04-14,939,74,15.71
27.26093,82.96039,337.54,1.16,1.07,2026-04-14,939,85,30.29
27.30253,82.63825,347.71,1.13,1.06,2026-04-14,939,93,45.75
27.30889,82.61471,344.42,1.12,1.06,2026-04-14,939,90,39.39
27.31033,82.62571,338.66,1.13,1.06,2026-04-14,939,86,26.92
27.31177,82.63673,330.4,1.13,1.06,2026-04-14,939,77,13.69
27.31321,82.64775,329.63,1.13,1.06,2026-04-14,939,76,13.03
27.33717,82.90653,325.22,1.16,1.07,2026-04-14,939,70,12.09
27.34454,83.11615,335.74,1.19,1.08,2026-04-14,939,84,28.0
27.35401,83.11463,341.38,1.19,1.08,2026-04-14,939,89,39.03
27.35719,83.41006,331.84,1.23,1.1,2026-04-14,939,80,22.34
27.36057,83.40271,328.69,1.23,1.1,2026-04-14,939,77,18.24
27.36205,83.41473,326.89,1.23,1.1,2026-04-14,939,74,14.64
27.37168,83.41322,335.25,1.23,1.1,2026-04-14,939,84,28.23
27.37316,83.42527,342.8,1.23,1.1,2026-04-14,939,90,44.93
27.38104,82.87627,335.87,1.16,1.07,2026-04-14,939,84,27.49
27.38252,82.8876,334.85,1.16,1.07,2026-04-14,939,83,25.7
27.38499,82.98021,341.46,1.17,1.08,2026-04-14,939,89,41.01
27.38696,82.92165,341.84,1.16,1.07,2026-04-14,939,89,41.49
27.38704,82.88124,353.62,1.16,1.07,2026-04-14,939,96,69.68
27.39134,82.91531,325.8,1.16,1.07,2026-04-14,939,71,13.28
27.39277,82.9267,336.82,1.16,1.07,2026-04-14,939,85,31.9
27.41084,83.10551,330.4,1.19,1.08,2026-04-14,939,78,16.52
27.41473,83.44334,330.04,1.24,1.1,2026-04-14,939,79,21.68
27.49205,83.25452,332.42,1.21,1.09,2026-04-14,939,81,26.27
27.50161,83.253,333.28,1.21,1.09,2026-04-14,939,82,27.51
27.54159,83.1436,333.28,1.2,1.09,2026-04-14,939,82,25.07
27.54306,83.15533,330.3,1.2,1.09,2026-04-14,939,79,20.41
27.67695,82.53991,326.06,1.13,1.06,2026-04-14,939,74,13.7
27.7123,81.97793,325.65,1.07,1.03,2026-04-14,939,73,13.92
27.71242,82.7392,323.78,1.15,1.07,2026-04-14,939,71,14.71
27.72224,82.40275,326.9,1.11,1.05,2026-04-14,939,76,13.25
27.74643,77.79671,327.6,1.13,1.06,2026-04-14,939,70,12.27
27.85647,82.09254,325.53,1.09,1.04,2026-04-14,939,74,15.71
27.88618,81.96817,324.93,1.08,1.04,2026-04-14,939,73,14.46
27.89133,82.07567,322.88,1.09,1.04,2026-04-14,939,70,12.77
27.98321,81.66062,325.63,1.05,1.03,2026-04-14,939,74,13.11
27.98461,81.67098,345.5,1.05,1.03,2026-04-14,939,92,44.83
28.23339,81.8073,321.56,1.07,1.03,2026-04-14,939,70,10.68
28.27198,82.23684,322.88,1.11,1.05,2026-04-14,939,73,15.74
28.27337,82.24739,320.64,1.11,1.05,2026-04-14,939,70,13.02
28.32579,81.53334,328.03,1.05,1.02,2026-04-14,939,79,13.63
28.34555,81.47697,327.53,1.05,1.02,2026-04-14,939,78,15.22
28.34688,82.1719,322.75,1.1,1.05,2026-04-14,939,73,15.74
28.35468,82.16016,325.13,1.1,1.05,2026-04-14,939,76,17.77
28.3561,82.17095,329.99,1.1,1.05,2026-04-14,939,82,24.09
28.38153,80.87052,331.6,1.02,1.01,2026-04-14,939,81,20.43
28.41141,81.82852,339.35,1.07,1.03,2026-04-14,939,89,36.4
28.45826,81.35542,324.76,1.04,1.02,2026-04-14,939,75,12.97
28.49497,81.6236,324.08,1.06,1.03,2026-04-14,939,74,14.13
28.55699,82.01479,338.54,1.09,1.04,2026-04-14,939,88,32.8
28.40681,77.52636,338.33,1.14,1.06,2026-04-14,941,85,33.51
28.53928,80.87058,333.79,1.02,1.01,2026-04-14,941,84,23.56
28.57301,80.8541,327.08,1.02,1.01,2026-04-14,941,77,15.42
28.75533,80.4435,328.85,1.01,1.0,2026-04-14,941,79,16.59
28.76406,80.44186,332.04,1.01,1.0,2026-04-14,941,80,19.95
28.86131,80.28426,343.53,1.0,1.0,2026-04-14,941,91,40.53
28.86275,80.29419,333.28,1.0,1.0,2026-04-14,941,84,23.75
28.87003,80.28262,321.82,1.0,1.0,2026-04-14,941,70,11.22
28.87147,80.29254,337.33,1.0,1.0,2026-04-14,941,87,30.72
28.91361,81.03645,330.95,1.03,1.01,2026-04-14,941,83,23.08
29.04395,81.38724,321.64,1.05,1.02,2026-04-14,941,75,13.26
29.50649,81.12295,318.24,1.04,1.02,2026-04-14,941,74,10.74
29.63631,79.20348,320.65,1.01,1.0,2026-04-14,941,71,11.8
29.72501,79.80143,340.38,1.0,1.0,2026-04-14,941,90,38.33
29.72643,79.81133,342.99,1.0,1.0,2026-04-14,941,92,42.52
30.2709,78.97449,320.3,1.01,1.0,2026-04-14,941,73,11.26
30.32506,79.03601,318.28,1.0,1.0,2026-04-14,941,70,9.14
38.04385,67.26047,331.3,2.94,1.63,2026-04-14,943,85,114.5
43.81112,79.38595,339.31,1.24,1.11,2026-04-14,945,89,49.36
43.81829,73.83193,349.52,1.04,1.02,2026-04-14,945,94,54.25
45.17107,77.81897,320.32,1.12,1.06,2026-04-14,945,70,12.53
45.44209,79.30009,323.05,1.29,1.13,2026-04-14,945,77,20.0
46.52631,76.48667,337.71,1.06,1.03,2026-04-14,945,77,35.94
46.52805,76.50002,356.78,1.06,1.03,2026-04-14,945,74,77.8
46.72601,80.87405,328.13,1.6,1.25,2026-04-14,945,83,45.92
46.72787,80.89451,348.96,1.61,1.25,2026-04-14,945,95,113.71
46.75714,79.42075,327.24,1.36,1.16,2026-04-14,945,82,31.93
46.75892,79.43806,331.2,1.36,1.16,2026-04-14,945,85,39.52
46.94473,81.03038,322.83,1.65,1.26,2026-04-14,945,79,33.26
49.35016,72.09419,317.86,1.02,1.01,2026-04-14,947,73,11.78
49.40693,63.28648,337.29,2.21,1.44,2026-04-14,947,90,101.62
49.40755,63.27898,326.35,2.21,1.44,2026-04-14,947,83,55.96
49.41364,63.31437,344.81,2.2,1.44,2026-04-14,947,88,140.83
49.4144,63.30679,351.56,2.2,1.44,2026-04-14,947,96,186.54
49.43309,63.32765,318.82,2.19,1.44,2026-04-14,947,72,34.89
52.03217,67.17081,335.87,1.25,1.11,2026-04-14,947,90,50.79
52.29862,75.0806,322.35,1.1,1.05,2026-04-14,947,82,26.64
52.40574,83.55884,310.95,2.6,1.55,2026-04-14,947,71,45.91
52.40757,83.59664,328.86,2.61,1.55,2026-04-14,947,86,116.01
53.49829,80.91698,355.34,1.98,1.37,2026-04-14,947,98,211.62
53.50036,80.94607,334.53,1.98,1.37,2026-04-14,947,89,105.22
53.50205,80.91151,348.32,1.98,1.37,2026-04-14,947,95,168.75
53.50399,80.94061,344.67,1.98,1.37,2026-04-14,947,94,150.13
54.21876,79.66653,321.29,1.77,1.3,2026-04-14,947,70,49.18
54.22055,79.67324,325.4,1.77,1.3,2026-04-14,947,71,54.25
54.22072,79.69296,312.9,1.77,1.3,2026-04-14,947,73,31.77
54.24557,80.65774,313.57,1.96,1.37,2026-04-14,947,74,38.26
57.13508,60.68732,346.12,1.61,1.25,2026-04-14,949,94,110.09
57.14056,60.71121,318.35,1.6,1.25,2026-04-14,949,78,32.92
57.93773,60.04685,326.92,1.6,1.25,2026-04-14,949,85,46.53
57.93887,60.04124,321.53,1.6,1.25,2026-04-14,949,81,34.59
57.9433,60.07129,311.47,1.6,1.24,2026-04-14,949,71,18.12
57.94453,60.06562,318.01,1.6,1.24,2026-04-14,949,78,28.67
58.05096,65.29277,325.34,1.1,1.04,2026-04-14,949,84,27.06
58.05412,65.31005,314.68,1.1,1.04,2026-04-14,949,71,15.21
59.16676,61.8951,319.15,1.28,1.12,2026-04-14,949,79,25.35
39.85644,-0.15925,313.86,1.94,1.36,2026-04-14,952,74,27.66
11.68633,-11.77001,325.69,1.2,1.09,2026-04-14,958,74,18.38
11.99623,-12.40239,328.74,1.11,1.05,2026-04-14,958,81,26.66
12.00549,-12.40142,328.07,1.11,1.05,2026-04-14,958,80,26.2
12.72936,-11.49429,327.3,1.21,1.09,2026-04-14,958,79,19.09
12.79245,-14.17126,325.73,1.0,1.0,2026-04-14,958,74,16.16
12.90177,-10.67485,337.38,1.35,1.15,2026-04-14,958,88,43.22
13.13341,-15.88905,333.3,1.09,1.04,2026-04-14,958,83,23.47
13.14254,-15.88779,333.68,1.09,1.04,2026-04-14,958,83,23.51
13.16621,-14.26556,326.74,1.0,1.0,2026-04-14,958,75,13.81
13.16919,-16.08419,325.28,1.11,1.05,2026-04-14,958,73,14.69
13.22254,-12.75372,330.69,1.05,1.02,2026-04-14,958,82,21.78
13.22394,-12.76313,332.35,1.05,1.02,2026-04-14,958,83,24.24
13.24696,-12.54651,329.62,1.07,1.03,2026-04-14,958,81,25.17
13.25601,-12.54516,325.39,1.07,1.03,2026-04-14,958,76,19.55
14.22411,-13.6048,323.94,1.0,1.0,2026-04-14,958,72,11.07
8.2037,-12.10061,321.82,1.28,1.12,2026-04-14,1000,76,17.02
8.84864,-12.01197,318.72,1.27,1.12,2026-04-14,1000,71,12.26
9.34889,-12.19647,334.68,1.22,1.1,2026-04-14,1000,87,36.25
10.79958,-12.68292,357.32,1.11,1.05,2026-04-14,1000,98,87.92
29.86685,-94.90149,309.48,1.35,1.15,2026-04-14,1013,77,14.47
16.74224,-93.90725,329.94,2.99,1.64,2026-04-14,1017,100,155.49
16.74452,-93.89919,326.46,2.99,1.64,2026-04-14,1017,100,133.74
16.74963,-93.92527,313.33,2.97,1.64,2026-04-14,1017,87,71.88
17.50684,-93.80025,325.56,2.93,1.63,2026-04-14,1017,100,120.69
17.50981,-93.79218,317.75,2.93,1.63,2026-04-14,1017,96,83.83
17.51175,-93.8266,316.01,2.91,1.63,2026-04-14,1017,92,74.04
17.51497,-93.81879,330.25,2.91,1.63,2026-04-14,1017,100,146.42
17.76057,-99.51682,314.69,1.15,1.07,2026-04-14,1017,90,16.55
17.93142,-102.20515,319.08,1.0,1.0,2026-04-14,1017,98,15.52
18.50747,-96.14034,315.92,1.84,1.33,2026-04-14,1017,92,34.62
20.12984,-105.12498,313.36,1.39,1.17,2026-04-14,1017,87,18.7
20.13141,-105.13704,312.97,1.39,1.17,2026-04-14,1017,86,18.39
20.13998,-105.12322,312.61,1.39,1.17,2026-04-14,1017,85,17.58
20.14154,-105.13512,322.01,1.39,1.17,2026-04-14,1017,100,31.44
20.26815,-104.85489,329.05,1.34,1.15,2026-04-14,1017,100,44.82
20.34332,-105.51855,309.03,1.49,1.2,2026-04-14,1017,76,16.02
20.35529,-105.44501,314.98,1.47,1.2,2026-04-14,1017,90,21.33
20.36772,-105.45869,319.14,1.47,1.2,2026-04-14,1017,79,26.18
20.3742,-105.45204,317.83,1.47,1.2,2026-04-14,1017,89,26.0
-32.50401,150.72382,322.62,2.17,1.43,2026-04-14,1045,100,65.0
-32.49156,150.71602,318.0,2.17,1.43,2026-04-14,1045,92,53.1
-30.12039,149.87177,315.64,2.32,1.47,2026-04-14,1045,92,56.78
-30.11834,149.89581,330.88,2.31,1.47,2026-04-14,1045,100,111.27
-30.11754,149.87816,330.0,2.32,1.47,2026-04-14,1045,100,107.65
-30.11567,149.90215,321.72,2.31,1.47,2026-04-14,1045,100,74.67
-29.47105,153.00061,314.45,1.41,1.17,2026-04-14,1045,89,23.82
-29.46956,153.01498,328.23,1.4,1.17,2026-04-14,1045,100,46.66
-29.46386,153.00795,374.27,1.4,1.17,2026-04-14,1045,100,219.1
-29.46231,153.02211,319.11,1.4,1.17,2026-04-14,1045,98,30.06
-29.45342,153.00653,327.7,1.4,1.17,2026-04-14,1045,100,44.65
-28.14129,146.50243,319.84,3.82,1.83,2026-04-14,1045,99,137.25
-28.13251,146.5069,313.46,3.82,1.83,2026-04-14,1045,87,94.79
-22.82411,149.33104,308.66,2.04,1.39,2026-04-14,1047,75,23.03
44.88223,132.94495,312.37,1.67,1.27,2026-04-14,1104,85,35.69
44.89301,132.94057,317.62,1.67,1.27,2026-04-14,1104,95,45.05
47.8985,132.05402,313.9,1.55,1.23,2026-04-14,1104,88,34.09
48.73918,135.44211,316.93,1.1,1.05,2026-04-14,1104,94,23.61
48.75354,133.73401,360.46,1.25,1.11,2026-04-14,1106,100,128.74
48.75421,133.68134,351.17,1.26,1.12,2026-04-14,1106,100,96.8
48.75648,133.7502,320.05,1.25,1.11,2026-04-14,1106,100,32.0
48.75716,133.69759,339.33,1.26,1.11,2026-04-14,1106,100,65.39
48.7601,133.71381,332.83,1.26,1.11,2026-04-14,1106,100,51.38
48.76077,133.66104,338.59,1.26,1.12,2026-04-14,1106,100,63.64
48.76303,133.73001,339.33,1.25,1.11,2026-04-14,1106,100,65.69
48.76372,133.67731,353.45,1.26,1.12,2026-04-14,1106,100,104.18
48.76437,133.62439,331.42,1.27,1.12,2026-04-14,1106,100,49.17
48.76733,133.64072,414.34,1.26,1.12,2026-04-14,1106,100,499.63
48.7696,133.70979,315.06,1.26,1.11,2026-04-14,1106,90,25.04
48.77028,133.65701,409.34,1.26,1.12,2026-04-14,1106,100,446.64
48.77095,133.60399,324.91,1.27,1.12,2026-04-14,1106,100,37.46
48.77323,133.67329,324.38,1.26,1.12,2026-04-14,1106,97,36.29
48.77391,133.62035,389.59,1.27,1.12,2026-04-14,1106,100,282.86
48.77686,133.63667,353.68,1.26,1.12,2026-04-14,1106,100,104.35
48.77822,133.57756,317.32,1.27,1.12,2026-04-14,1106,95,28.08
48.7798,133.65298,340.26,1.26,1.12,2026-04-14,1106,100,66.82
48.78049,133.59995,327.69,1.27,1.12,2026-04-14,1106,100,41.96
48.78124,133.59392,328.13,1.27,1.12,2026-04-14,1106,100,43.55
48.78344,133.6163,327.97,1.27,1.12,2026-04-14,1106,100,42.61
48.78426,133.61026,327.72,1.27,1.12,2026-04-14,1106,100,43.55
48.78776,133.5735,352.53,1.27,1.12,2026-04-14,1106,100,103.69
48.79078,133.58987,324.85,1.27,1.12,2026-04-14,1106,100,38.7
48.79429,133.55307,315.06,1.27,1.12,2026-04-14,1106,90,25.97
48.79779,133.51613,337.92,1.28,1.12,2026-04-14,1106,100,63.55
48.80082,133.53258,338.11,1.28,1.12,2026-04-14,1106,100,64.04
49.8367,129.07384,328.86,1.92,1.35,2026-04-14,1106,100,85.99
49.95409,136.87071,310.3,1.01,1.0,2026-04-14,1106,75,14.7
49.96276,136.86755,333.39,1.01,1.0,2026-04-14,1106,100,38.88
51.02208,127.97575,325.16,2.0,1.38,2026-04-14,1106,82,74.65
51.02804,128.00195,384.77,1.99,1.38,2026-04-14,1106,100,488.18
28.98311,51.02566,324.77,1.4,1.17,2026-04-14,1119,78,20.95
29.007,47.65788,328.89,2.35,1.48,2026-04-14,1119,74,49.29
30.14872,50.4171,319.78,1.45,1.19,2026-04-14,1119,71,13.12
30.36086,50.7369,319.0,1.37,1.16,2026-04-14,1119,71,17.22
30.47904,50.47643,320.02,1.42,1.18,2026-04-14,1119,76,19.52
32.48466,47.2076,320.5,2.08,1.4,2026-04-14,1121,72,28.19
34.80601,46.4908,314.57,2.04,1.39,2026-04-14,1121,71,32.12
34.88407,48.55652,314.95,1.51,1.21,2026-04-14,1121,72,15.71
34.88613,43.80355,321.17,3.03,1.66,2026-04-14,1121,78,65.67
34.8884,43.79549,334.39,3.03,1.66,2026-04-14,1121,88,146.48
35.84497,48.19255,312.23,1.51,1.21,2026-04-14,1121,71,14.58
35.91555,47.01276,312.12,1.78,1.31,2026-04-14,1121,71,21.64
35.918,50.59374,315.28,1.14,1.06,2026-04-14,1121,73,11.72
36.74055,47.66764,311.54,1.55,1.23,2026-04-14,1121,71,12.53
58.33273,49.25253,310.38,1.21,1.09,2026-04-14,1128,70,14.74
57.3191,31.04502,315.96,2.49,1.52,2026-04-14,1130,76,55.89
-11.1426,-46.78286,318.93,1.24,1.1,2026-04-14,1145,73,15.28
-22.6977,-47.65686,314.82,1.04,1.02,2026-04-14,1147,74,10.91
-17.14459,-45.08018,314.35,1.0,1.0,2026-04-14,1147,72,9.32
-17.14328,-45.08936,314.63,1.0,1.0,2026-04-14,1147,72,9.75
-25.40295,-50.51623,310.51,1.28,1.12,2026-04-14,1149,70,12.55
-36.65392,141.78714,325.53,1.96,1.37,2026-04-14,1219,100,70.98
-36.65076,141.77939,326.83,1.96,1.37,2026-04-14,1219,100,74.04
-18.44147,137.84332,324.4,2.7,1.57,2026-04-14,1225,100,84.06
-18.4363,137.8356,324.44,2.7,1.57,2026-04-14,1225,100,87.37
-18.34034,137.57681,307.37,2.6,1.55,2026-04-14,1225,71,24.72
-18.33776,137.55838,312.37,2.58,1.54,2026-04-14,1225,85,38.57
-18.3334,137.58209,315.65,2.6,1.55,2026-04-14,1225,92,49.24
-18.32676,137.57414,318.7,2.6,1.55,2026-04-14,1225,97,59.74
-18.30679,137.72673,330.56,2.66,1.57,2026-04-14,1225,100,118.33
-18.30114,137.7189,327.24,2.66,1.57,2026-04-14,1225,100,98.99
-18.29675,137.74367,313.46,2.68,1.57,2026-04-14,1225,87,44.21
-18.29305,137.72404,312.85,2.66,1.57,2026-04-14,1225,86,40.82
-18.26825,137.58662,310.29,2.61,1.55,2026-04-14,1225,80,33.39
-18.259,137.56009,307.14,2.6,1.55,2026-04-14,1225,70,27.39
-18.25467,137.58385,328.75,2.61,1.55,2026-04-14,1225,100,107.2
-18.24826,137.57716,312.75,2.61,1.55,2026-04-14,1225,86,43.38
-18.8395,124.00151,307.44,2.02,1.39,2026-04-14,1227,71,19.05
-18.78731,123.75594,317.25,2.11,1.41,2026-04-14,1227,95,42.33
-18.34521,124.64723,319.08,1.78,1.31,2026-04-14,1227,98,35.18
-18.34061,124.60676,318.73,1.79,1.31,2026-04-14,1227,97,35.61
-18.33684,124.63988,334.72,1.78,1.31,2026-04-14,1227,100,79.48
-18.0106,130.25591,307.31,1.0,1.0,2026-04-14,1227,71,8.06
-17.50472,125.91429,308.65,1.41,1.18,2026-04-14,1227,75,11.31
-17.49166,127.74735,311.92,1.11,1.05,2026-04-14,1227,84,12.7
-17.45858,127.78418,308.58,1.11,1.05,2026-04-14,1227,75,9.62
-17.1435,125.18488,307.79,1.57,1.23,2026-04-14,1227,73,12.26
-16.67819,125.43625,309.15,1.48,1.2,2026-04-14,1227,77,15.7
-16.67655,125.44987,331.51,1.48,1.2,2026-04-14,1227,100,54.66
-16.40642,125.04163,315.09,1.57,1.23,2026-04-14,1227,91,20.36
-16.35485,127.64802,314.72,1.1,1.05,2026-04-14,1227,90,14.39
-16.28971,134.96515,321.95,1.81,1.32,2026-04-14,1227,100,44.81
-16.28707,134.98157,319.41,1.81,1.32,2026-04-14,1227,99,39.38
-16.28572,134.97018,335.86,1.81,1.32,2026-04-14,1227,100,85.25
-16.27816,134.96292,328.03,1.81,1.32,2026-04-14,1227,100,60.47
-16.27548,134.97943,315.3,1.81,1.32,2026-04-14,1227,90,30.06
-16.27416,134.96799,332.22,1.81,1.32,2026-04-14,1227,100,74.03
-16.26659,134.96078,338.59,1.81,1.32,2026-04-14,1227,100,96.18
-16.14586,134.91531,308.47,1.8,1.32,2026-04-14,1227,75,16.82
-16.03568,134.73959,323.96,1.76,1.3,2026-04-14,1227,98,44.2
-15.9721,129.5489,316.21,1.0,1.0,2026-04-14,1227,93,12.68
-15.97083,129.55803,313.9,1.0,1.0,2026-04-14,1227,88,10.36
-15.92498,130.41263,315.57,1.02,1.01,2026-04-14,1227,91,12.9
-15.88393,125.68375,316.26,1.39,1.17,2026-04-14,1227,93,18.89
-15.80776,125.64173,317.44,1.4,1.17,2026-04-14,1227,95,21.14
-15.80617,125.65486,309.94,1.39,1.17,2026-04-14,1227,79,11.73
-15.72397,129.34396,312.87,1.0,1.0,2026-04-14,1227,86,9.78
-15.7164,129.33353,321.61,1.0,1.0,2026-04-14,1227,100,17.35
-15.71515,129.34264,315.3,1.0,1.0,2026-04-14,1227,91,11.95
-15.70758,129.3322,318.94,1.0,1.0,2026-04-14,1227,98,14.92
-15.70632,129.34131,318.23,1.0,1.0,2026-04-14,1227,96,14.36
-15.6564,127.58208,308.9,1.09,1.04,2026-04-14,1227,76,8.86
-15.55767,127.56173,308.01,1.09,1.04,2026-04-14,1227,71,6.76
-15.51432,127.62025,307.14,1.08,1.04,2026-04-14,1227,70,6.47
-15.48667,126.41965,307.86,1.24,1.11,2026-04-14,1227,73,10.8
-15.44955,129.46124,315.65,1.0,1.0,2026-04-14,1227,92,10.97
-15.44828,129.47034,315.1,1.0,1.0,2026-04-14,1227,91,10.58
-15.43946,129.46901,312.06,1.0,1.0,2026-04-14,1227,84,8.37
-15.37691,127.39223,314.84,1.1,1.05,2026-04-14,1227,90,14.12
-15.29663,125.66577,310.51,1.37,1.16,2026-04-14,1227,80,13.1
-15.28644,125.66407,312.68,1.37,1.16,2026-04-14,1227,85,16.01
-1.45501,127.44004,313.6,1.03,1.01,2026-04-14,1229,83,13.35
0.48301,127.99232,310.12,1.12,1.05,2026-04-14,1232,79,9.82
1.49424,127.63325,311.15,1.1,1.05,2026-04-14,1232,74,11.98
8.24569,125.3015,313.19,1.02,1.01,2026-04-14,1234,87,12.28
8.28505,123.44974,312.94,1.02,1.01,2026-04-14,1234,86,10.49
8.36734,124.70886,316.32,1.0,1.0,2026-04-14,1234,93,13.62
8.36855,124.7177,315.83,1.0,1.0,2026-04-14,1234,92,13.26
9.61684,122.81875,316.79,1.05,1.02,2026-04-14,1234,94,14.65
9.719,122.75359,312.23,1.05,1.02,2026-04-14,1234,84,11.12
9.7207,122.57272,330.28,1.06,1.03,2026-04-14,1234,100,30.67
10.157,124.98914,311.75,1.03,1.01,2026-04-14,1234,83,9.05
10.53341,123.09763,306.92,1.02,1.01,2026-04-14,1234,70,6.24
10.53468,123.10666,316.27,1.02,1.01,2026-04-14,1234,93,13.25
10.89176,122.04633,312.24,1.09,1.04,2026-04-14,1234,84,10.33
11.24158,122.10603,321.05,1.08,1.04,2026-04-14,1234,100,18.42
13.00902,120.85833,309.34,1.18,1.08,2026-04-14,1234,77,7.69
13.2343,123.68999,314.61,1.0,1.0,2026-04-14,1234,86,13.13
13.243,123.68843,313.55,1.0,1.0,2026-04-14,1234,82,12.55
13.25368,123.68064,332.87,1.0,1.0,2026-04-14,1234,100,33.38
13.2549,123.68954,351.41,1.0,1.0,2026-04-14,1234,100,66.59
16.55815,121.32335,312.2,1.04,1.02,2026-04-14,1234,84,10.34
16.61664,121.27892,310.95,1.05,1.02,2026-04-14,1234,81,8.71
16.61804,121.28856,318.51,1.05,1.02,2026-04-14,1234,97,15.38
16.62556,121.27744,315.21,1.05,1.02,2026-04-14,1234,91,11.87
16.62698,121.28719,322.47,1.05,1.02,2026-04-14,1234,100,19.18
16.69858,121.2694,327.17,1.05,1.02,2026-04-14,1234,100,24.64
16.69998,121.27902,336.96,1.04,1.02,2026-04-14,1234,100,38.53
16.70753,121.2681,354.84,1.05,1.02,2026-04-14,1234,100,75.99
16.70892,121.27765,335.26,1.04,1.02,2026-04-14,1234,100,35.73
16.89531,121.22608,306.87,1.05,1.02,2026-04-14,1234,70,5.9
16.90429,121.22501,314.05,1.05,1.02,2026-04-14,1234,88,11.29
16.93578,121.31692,316.0,1.04,1.02,2026-04-14,1234,92,13.95
16.94804,120.82885,308.8,1.08,1.04,2026-04-14,1234,76,9.6
17.62249,121.72704,308.11,1.01,1.01,2026-04-14,1234,74,5.73
-23.35355,44.01696,334.26,1.05,1.03,2026-04-14,1244,84,27.03
-23.191,44.10387,325.53,1.06,1.03,2026-04-14,1244,76,16.17
-23.15256,44.06009,330.6,1.06,1.03,2026-04-14,1244,82,24.31
-22.99967,44.20213,320.77,1.08,1.04,2026-04-14,1244,70,11.53
-22.94979,44.29224,368.17,1.09,1.04,2026-04-14,1244,100,112.95
-22.94816,44.30254,392.74,1.09,1.04,2026-04-14,1244,100,228.42
-22.94066,44.29058,339.27,1.09,1.04,2026-04-14,1244,89,35.54
-22.93902,44.30093,342.29,1.09,1.04,2026-04-14,1244,91,41.44
-22.89876,44.02396,323.48,1.06,1.03,2026-04-14,1244,74,15.43
-22.80063,45.77821,326.07,1.29,1.13,2026-04-14,1244,79,24.9
-22.79746,43.90648,323.66,1.06,1.03,2026-04-14,1244,75,13.11
-22.7959,43.91645,321.74,1.06,1.03,2026-04-14,1244,72,11.27
-22.10679,44.81487,348.39,1.17,1.08,2026-04-14,1244,94,63.18
-22.03506,44.38615,330.75,1.12,1.05,2026-04-14,1244,81,23.53
-22.03334,44.3967,331.15,1.12,1.05,2026-04-14,1244,81,24.24
-22.02303,44.46014,324.1,1.13,1.06,2026-04-14,1244,73,13.54
-21.98433,43.89803,327.6,1.07,1.03,2026-04-14,1244,77,16.12
-21.7513,44.54499,322.84,1.15,1.07,2026-04-14,1244,71,12.19
-21.73417,44.2506,326.5,1.11,1.05,2026-04-14,1244,76,17.44
-21.48878,44.11235,321.96,1.1,1.05,2026-04-14,1244,70,11.77
-21.48449,44.07975,350.11,1.1,1.05,2026-04-14,1244,95,60.33
-21.48286,44.09005,345.37,1.1,1.05,2026-04-14,1244,92,48.83
-20.76382,44.29184,321.79,1.15,1.07,2026-04-14,1244,72,14.11
-2.94573,37.13729,324.04,1.02,1.01,2026-04-14,1249,75,20.92
-2.94442,37.1462,317.04,1.02,1.01,2026-04-14,1249,71,14.22
-2.64604,40.23734,324.51,1.17,1.08,2026-04-14,1249,72,13.68
-1.46427,34.94432,324.94,1.21,1.09,2026-04-14,1249,72,18.57
-1.46274,34.95485,331.94,1.21,1.09,2026-04-14,1249,86,31.35
-1.45472,34.94296,330.85,1.21,1.09,2026-04-14,1249,81,26.18
2.49907,28.66849,325.42,3.13,1.68,2026-04-14,1251,81,102.96
2.50057,28.66097,326.4,3.13,1.68,2026-04-14,1251,82,108.77
3.33601,32.59716,329.05,1.47,1.2,2026-04-14,1251,81,33.38
5.31893,30.65804,323.29,1.91,1.35,2026-04-14,1251,75,30.1
6.15234,31.32378,340.77,1.64,1.26,2026-04-14,1251,78,76.61
7.03668,30.12756,334.03,1.96,1.37,2026-04-14,1251,84,55.12
7.03937,30.14453,355.85,1.95,1.36,2026-04-14,1251,98,168.69
7.0863,30.44131,325.51,1.85,1.33,2026-04-14,1251,74,34.93
7.12234,30.46312,322.98,1.83,1.33,2026-04-14,1251,70,26.01
7.15128,33.09541,325.61,1.2,1.09,2026-04-14,1251,70,13.33
7.27044,28.14693,327.77,2.8,1.6,2026-04-14,1251,77,69.01
7.27539,28.14135,324.6,2.8,1.6,2026-04-14,1251,72,51.59
7.42232,28.53949,330.5,2.58,1.54,2026-04-14,1251,80,66.92
7.42347,28.52312,325.69,2.6,1.55,2026-04-14,1251,74,45.18
7.42714,28.54567,332.57,2.58,1.54,2026-04-14,1251,82,78.45
7.53907,29.15461,326.39,2.29,1.47,2026-04-14,1251,76,49.73
7.54226,29.17447,333.56,2.29,1.46,2026-04-14,1251,83,80.68
7.54243,29.16751,340.03,2.29,1.46,2026-04-14,1251,88,112.22
7.58385,29.18094,323.34,2.28,1.46,2026-04-14,1251,71,36.68
7.59329,29.15902,326.49,2.29,1.46,2026-04-14,1251,75,48.04
7.59654,29.1788,350.45,2.28,1.46,2026-04-14,1251,95,176.36
7.63323,33.25972,354.46,1.16,1.07,2026-04-14,1251,97,68.46
7.69523,33.73529,349.52,1.1,1.05,2026-04-14,1251,94,58.27
7.69873,33.63911,327.48,1.11,1.05,2026-04-14,1251,72,18.33
7.70172,33.65851,328.1,1.11,1.05,2026-04-14,1251,76,20.46
7.70939,33.64739,333.33,1.11,1.05,2026-04-14,1251,82,27.58
7.71088,33.65709,341.84,1.11,1.05,2026-04-14,1251,89,43.48
7.71855,33.64597,335.16,1.11,1.05,2026-04-14,1251,84,29.82
7.8518,33.85543,327.86,1.08,1.04,2026-04-14,1251,72,15.43
7.85942,33.84453,328.94,1.09,1.04,2026-04-14,1251,77,16.05
7.97463,33.68302,342.77,1.1,1.05,2026-04-14,1251,90,40.36
7.98156,33.67639,339.63,1.1,1.05,2026-04-14,1251,87,36.59
7.99363,33.6942,361.91,1.1,1.04,2026-04-14,1251,100,94.65
7.9998,33.67356,336.35,1.1,1.05,2026-04-14,1251,85,30.0
8.00127,33.68317,341.11,1.1,1.05,2026-04-14,1251,89,38.41
8.00274,33.69278,334.26,1.1,1.04,2026-04-14,1251,83,27.56
8.09898,33.27978,337.96,1.14,1.07,2026-04-14,1251,85,38.07
8.10049,33.28978,328.89,1.14,1.07,2026-04-14,1251,75,22.65
8.10593,33.28352,336.44,1.14,1.07,2026-04-14,1251,84,34.46
8.14022,33.98457,328.01,1.07,1.03,2026-04-14,1251,76,16.67
8.19874,33.09684,334.85,1.17,1.07,2026-04-14,1251,80,26.46
8.21359,33.86209,329.26,1.08,1.04,2026-04-14,1251,77,17.97
8.22763,27.86155,324.37,2.83,1.61,2026-04-14,1251,70,46.87
8.23623,27.8668,324.62,2.83,1.61,2026-04-14,1251,71,47.93
8.25737,33.35495,333.52,1.13,1.06,2026-04-14,1251,81,25.32
8.26661,33.3535,331.25,1.13,1.06,2026-04-14,1251,78,21.72
8.28903,31.11166,331.3,1.56,1.23,2026-04-14,1251,78,41.49
8.2894,33.27329,328.15,1.14,1.06,2026-04-14,1251,73,17.73
8.29974,31.1099,325.72,1.56,1.23,2026-04-14,1251,70,30.92
8.33589,33.20452,326.5,1.15,1.07,2026-04-14,1251,70,13.87
8.34102,33.84532,341.46,1.07,1.03,2026-04-14,1251,89,35.66
8.38234,33.27246,337.63,1.14,1.06,2026-04-14,1251,75,27.48
8.39055,31.24145,332.95,1.52,1.22,2026-04-14,1251,80,41.37
8.40706,33.24817,332.81,1.14,1.06,2026-04-14,1251,70,18.1
8.43923,33.33458,334.62,1.13,1.06,2026-04-14,1251,82,24.58
8.44836,30.23551,333.89,1.81,1.32,2026-04-14,1251,82,50.07
8.45054,30.24196,340.88,1.81,1.32,2026-04-14,1251,88,74.92
8.45513,33.87015,327.8,1.07,1.03,2026-04-14,1251,74,12.35
8.46413,33.86875,331.4,1.07,1.03,2026-04-14,1251,79,17.19
8.4777,33.83122,336.13,1.07,1.03,2026-04-14,1251,84,23.06
8.47913,33.84062,332.57,1.07,1.03,2026-04-14,1251,80,17.44
8.50894,32.89742,337.12,1.18,1.08,2026-04-14,1251,82,32.41
8.51056,32.90778,333.42,1.18,1.08,2026-04-14,1251,79,26.2
8.52715,33.614,327.55,1.09,1.04,2026-04-14,1251,73,13.39
8.53125,30.09074,331.6,1.85,1.33,2026-04-14,1251,79,39.98
8.53242,32.8618,342.91,1.19,1.08,2026-04-14,1251,87,40.13
8.56101,32.06506,345.16,1.33,1.14,2026-04-14,1251,91,55.36
8.56378,32.53566,353.08,1.24,1.11,2026-04-14,1251,96,77.02
8.57512,32.54497,350.24,1.24,1.11,2026-04-14,1251,94,68.53
8.58306,32.53259,345.57,1.24,1.11,2026-04-14,1251,91,53.31
8.58475,32.54343,339.27,1.24,1.11,2026-04-14,1251,76,37.63
8.58643,32.55426,338.62,1.24,1.1,2026-04-14,1251,85,36.9
8.58738,30.66305,335.34,1.67,1.27,2026-04-14,1251,83,56.56
8.59102,32.5202,343.86,1.24,1.11,2026-04-14,1251,89,47.93
8.59188,32.65245,328.2,1.22,1.1,2026-04-14,1251,70,13.4
8.5927,32.53106,341.04,1.24,1.11,2026-04-14,1251,87,41.68
8.60482,32.95623,341.57,1.17,1.08,2026-04-14,1251,83,34.24
8.61079,32.96019,337.75,1.17,1.08,2026-04-14,1251,84,32.29
8.61198,32.52798,334.16,1.24,1.11,2026-04-14,1251,80,29.27
8.63081,32.84059,337.04,1.19,1.08,2026-04-14,1251,83,30.32
8.65073,32.55967,331.45,1.23,1.1,2026-04-14,1251,77,23.36
8.65242,32.57044,327.55,1.23,1.1,2026-04-14,1251,70,16.73
8.67337,32.86578,340.34,1.18,1.08,2026-04-14,1251,86,34.86
8.68079,32.75117,347.05,1.2,1.09,2026-04-14,1251,92,51.61
8.70405,30.16479,327.18,1.81,1.32,2026-04-14,1251,71,22.83
8.70707,32.60573,333.19,1.22,1.1,2026-04-14,1251,79,26.0
8.70871,32.61642,332.81,1.22,1.1,2026-04-14,1251,78,25.9
8.715,32.59349,334.39,1.22,1.1,2026-04-14,1251,80,28.03
8.71665,32.60421,391.28,1.22,1.1,2026-04-14,1251,100,257.85
8.7176,32.86287,334.53,1.18,1.08,2026-04-14,1251,81,25.92
8.71829,32.6149,377.83,1.22,1.1,2026-04-14,1251,100,177.72
8.72048,31.43574,332.18,1.46,1.19,2026-04-14,1251,80,26.5
8.73124,33.37171,332.23,1.12,1.05,2026-04-14,1251,79,15.4
8.74248,33.25916,330.25,1.13,1.06,2026-04-14,1251,75,15.85
8.74298,33.02682,330.09,1.16,1.07,2026-04-14,1251,75,16.91
8.74579,32.79449,352.82,1.19,1.09,2026-04-14,1251,96,73.09
8.74738,32.80492,351.68,1.19,1.09,2026-04-14,1251,95,69.32
8.75052,30.10294,338.38,1.83,1.32,2026-04-14,1251,86,55.23
8.76306,33.2797,338.13,1.12,1.06,2026-04-14,1251,85,27.89
8.77389,33.22736,331.65,1.13,1.06,2026-04-14,1251,78,23.12
8.77404,33.10466,331.89,1.15,1.07,2026-04-14,1251,76,20.63
8.77464,32.76294,360.38,1.2,1.09,2026-04-14,1251,100,96.85
8.77541,33.23727,353.93,1.13,1.06,2026-04-14,1251,96,70.64
8.7764,34.03381,325.39,1.05,1.02,2026-04-14,1251,71,12.68
8.77681,32.58907,370.56,1.22,1.1,2026-04-14,1251,100,140.97
8.77694,33.24717,337.25,1.13,1.06,2026-04-14,1251,84,31.12
8.7778,34.04301,331.65,1.05,1.02,2026-04-14,1251,80,21.01
8.77847,32.59977,368.88,1.22,1.1,2026-04-14,1251,100,132.74
8.77997,33.26693,333.14,1.13,1.06,2026-04-14,1251,80,22.41
8.78286,33.347,336.52,1.12,1.05,2026-04-14,1251,84,25.15
8.78488,33.11324,335.69,1.15,1.07,2026-04-14,1251,82,30.03
8.78804,32.59824,380.48,1.22,1.1,2026-04-14,1251,100,189.89
8.7897,32.60892,344.39,1.22,1.1,2026-04-14,1251,90,49.9
8.79412,32.8875,333.75,1.18,1.08,2026-04-14,1251,80,30.76
8.79417,33.11177,359.85,1.15,1.07,2026-04-14,1251,99,91.58
8.80005,30.055,342.91,1.84,1.33,2026-04-14,1251,90,70.92
8.80044,30.0452,335.74,1.85,1.33,2026-04-14,1251,71,43.93
8.80299,30.06129,335.43,1.84,1.33,2026-04-14,1251,82,40.06
8.80422,33.36367,336.78,1.11,1.05,2026-04-14,1251,84,30.89
8.80691,32.5292,331.75,1.23,1.1,2026-04-14,1251,78,27.93
8.80887,31.48077,331.45,1.44,1.19,2026-04-14,1251,79,25.72
8.80893,30.03701,330.8,1.85,1.33,2026-04-14,1251,79,31.6
8.81881,33.14891,333.47,1.14,1.06,2026-04-14,1251,80,26.79
8.81943,32.98838,332.47,1.16,1.07,2026-04-14,1251,79,25.24
8.82032,33.15891,342.77,1.14,1.06,2026-04-14,1251,89,44.32
8.82757,28.96786,352.53,2.24,1.45,2026-04-14,1251,96,187.34
8.83505,33.0275,343.31,1.16,1.07,2026-04-14,1251,84,47.57
8.83807,31.86405,328.63,1.35,1.15,2026-04-14,1251,75,14.43
8.83995,31.87588,328.18,1.35,1.15,2026-04-14,1251,74,13.82
8.8825,27.50086,339.51,2.94,1.63,2026-04-14,1251,87,130.49
8.8872,33.30498,338.99,1.12,1.05,2026-04-14,1251,86,31.36
8.8895,33.0085,340.88,1.16,1.07,2026-04-14,1251,83,39.24
8.89715,33.05907,331.79,1.15,1.07,2026-04-14,1251,75,21.87
8.89869,28.76712,338.91,2.32,1.47,2026-04-14,1251,87,105.34
8.93757,32.49617,338.21,1.23,1.1,2026-04-14,1251,85,37.24
8.94381,32.47301,335.65,1.24,1.1,2026-04-14,1251,83,34.2
8.9455,32.48383,341.61,1.23,1.1,2026-04-14,1251,88,47.03
8.9493,32.57129,339.75,1.22,1.1,2026-04-14,1251,86,41.99
8.96056,33.90791,326.03,1.06,1.03,2026-04-14,1251,73,10.05
8.96807,32.81599,331.6,1.18,1.08,2026-04-14,1251,77,27.05
8.97603,33.09147,329.83,1.14,1.07,2026-04-14,1251,76,22.84
8.98075,33.05988,334.12,1.15,1.07,2026-04-14,1251,75,28.11
8.98756,32.56519,338.91,1.22,1.1,2026-04-14,1251,86,40.52
9.00577,32.81001,335.07,1.18,1.08,2026-04-14,1251,82,32.88
9.00995,36.1758,331.45,1.02,1.01,2026-04-14,1251,83,19.97
9.0188,32.22921,335.29,1.28,1.12,2026-04-14,1251,82,24.0
9.07009,32.36826,335.29,1.25,1.11,2026-04-14,1251,82,26.09
9.10821,31.81397,328.65,1.35,1.15,2026-04-14,1251,71,11.83
9.16176,31.37323,361.01,1.45,1.19,2026-04-14,1251,100,134.41
9.16375,31.38587,362.14,1.44,1.19,2026-04-14,1251,100,139.73
9.1721,31.37153,334.21,1.45,1.19,2026-04-14,1251,78,39.45
9.17409,31.38418,343.42,1.44,1.19,2026-04-14,1251,90,65.59
9.17653,34.84594,362.54,1.01,1.0,2026-04-14,1251,100,85.47
9.18118,36.22712,322.93,1.03,1.01,2026-04-14,1251,70,8.1
9.18442,31.38248,328.99,1.44,1.19,2026-04-14,1251,75,29.22
9.20795,31.34606,329.94,1.45,1.19,2026-04-14,1251,76,31.95
9.21129,30.5928,337.38,1.65,1.26,2026-04-14,1251,85,60.3
9.21541,31.5813,342.66,1.4,1.17,2026-04-14,1251,89,51.07
9.21609,31.39656,331.1,1.44,1.19,2026-04-14,1251,77,30.75
9.21731,31.59351,348.29,1.39,1.17,2026-04-14,1251,93,68.18
9.2264,31.39487,338.7,1.44,1.19,2026-04-14,1251,86,49.87
9.22807,29.561,328.24,1.98,1.37,2026-04-14,1251,74,51.89
9.25584,30.73117,339.79,1.6,1.25,2026-04-14,1251,87,68.39
9.27115,32.7279,347.61,1.18,1.08,2026-04-14,1251,92,46.54
9.27899,32.71601,356.09,1.19,1.08,2026-04-14,1251,97,72.46
9.28059,32.72639,385.37,1.18,1.08,2026-04-14,1251,100,200.88
9.2873,31.90497,337.16,1.32,1.14,2026-04-14,1251,83,38.66
9.28843,32.7145,358.3,1.19,1.08,2026-04-14,1251,99,80.96
9.28915,31.91656,351.23,1.32,1.14,2026-04-14,1251,94,77.01
9.29002,32.72489,382.68,1.18,1.08,2026-04-14,1251,100,187.39
9.3412,30.75326,329.32,1.59,1.24,2026-04-14,1251,74,37.51
9.35742,31.76803,350.39,1.35,1.15,2026-04-14,1251,94,72.15
9.35931,31.77982,360.19,1.35,1.15,2026-04-14,1251,100,107.25
9.44862,36.59776,333.0,1.06,1.03,2026-04-14,1251,84,16.97
9.48668,36.54483,332.52,1.05,1.02,2026-04-14,1251,83,19.17
9.62589,35.90446,338.29,1.02,1.01,2026-04-14,1251,87,28.89
9.66465,31.94924,339.15,1.3,1.13,2026-04-14,1251,83,31.08
9.73304,33.56931,341.27,1.07,1.03,2026-04-14,1251,85,30.12
9.88184,37.58157,337.38,1.18,1.08,2026-04-14,1251,82,29.97
9.88266,34.70454,331.45,1.0,1.0,2026-04-14,1251,75,12.82
9.9009,35.31355,351.35,1.0,1.0,2026-04-14,1251,95,55.11
9.90398,33.60423,341.19,1.07,1.03,2026-04-14,1251,84,25.06
9.91832,33.94296,336.69,1.04,1.02,2026-04-14,1251,79,20.1
10.08123,33.73582,337.21,1.05,1.02,2026-04-14,1251,79,15.91
10.12854,36.90797,337.88,1.1,1.05,2026-04-14,1251,76,31.99
10.13174,35.1405,332.18,1.0,1.0,2026-04-14,1251,77,11.02
10.24464,35.45961,331.7,1.01,1.0,2026-04-14,1251,77,14.0
10.27335,35.08863,332.28,1.0,1.0,2026-04-14,1251,73,12.43
9.8757,29.26374,331.99,2.03,1.39,2026-04-14,1253,70,42.69
10.2117,34.28587,346.79,1.02,1.01,2026-04-14,1253,90,39.91
10.33499,32.84642,338.38,1.13,1.06,2026-04-14,1253,79,22.4
10.33651,32.85641,339.31,1.13,1.06,2026-04-14,1253,81,24.19
10.33806,34.77499,351.86,1.0,1.0,2026-04-14,1253,95,50.75
10.33936,34.78381,345.67,1.0,1.0,2026-04-14,1253,90,37.85
10.37977,33.81184,336.74,1.04,1.02,2026-04-14,1253,77,10.83
10.38114,33.82102,338.09,1.04,1.02,2026-04-14,1253,79,13.27
10.39587,28.57604,362.3,2.25,1.45,2026-04-14,1253,100,233.55
10.39668,28.569,358.15,2.25,1.45,2026-04-14,1253,98,195.85
10.40008,28.5886,336.18,2.24,1.45,2026-04-14,1253,75,52.52
10.40898,32.4991,336.99,1.18,1.08,2026-04-14,1253,76,20.03
10.4106,32.50946,334.26,1.18,1.08,2026-04-14,1253,70,14.39
10.42531,31.69439,350.36,1.31,1.14,2026-04-14,1253,92,61.7
10.42712,31.70593,348.39,1.31,1.14,2026-04-14,1253,91,56.42
10.69917,35.85941,342.73,1.02,1.01,2026-04-14,1253,89,36.85
10.70047,35.86841,351.65,1.02,1.01,2026-04-14,1253,95,54.68
10.78698,33.50956,343.42,1.06,1.03,2026-04-14,1253,85,26.68
10.78839,33.51888,352.59,1.06,1.03,2026-04-14,1253,94,47.6
10.81478,35.69206,344.28,1.02,1.01,2026-04-14,1253,90,40.43
10.8829,27.41878,337.04,2.73,1.58,2026-04-14,1253,76,62.43
10.89135,35.40121,360.75,1.01,1.0,2026-04-14,1253,100,71.64
10.89264,35.41009,373.9,1.01,1.0,2026-04-14,1253,100,114.44
10.89672,32.95278,343.35,1.11,1.05,2026-04-14,1253,85,29.42
10.90105,33.34495,336.61,1.07,1.03,2026-04-14,1253,74,12.58
10.90249,33.35437,337.63,1.07,1.03,2026-04-14,1253,76,14.22
10.90414,33.0015,336.22,1.1,1.05,2026-04-14,1253,74,16.59
10.9054,34.9219,333.28,1.0,1.0,2026-04-14,1253,74,12.99
10.90562,33.01122,339.79,1.1,1.05,2026-04-14,1253,80,23.62
10.91179,32.99031,345.67,1.1,1.05,2026-04-14,1253,88,33.68
10.91221,33.4776,338.91,1.06,1.03,2026-04-14,1253,78,19.68
10.91326,33.00004,341.46,1.1,1.05,2026-04-14,1253,83,25.09
10.9374,33.28115,338.17,1.07,1.03,2026-04-14,1253,77,14.6
10.94497,33.27025,343.06,1.07,1.03,2026-04-14,1253,85,23.98
10.94641,33.27973,365.7,1.07,1.03,2026-04-14,1253,100,83.08
10.95768,35.4026,335.47,1.01,1.0,2026-04-14,1253,80,20.64
10.96516,35.39246,339.47,1.01,1.0,2026-04-14,1253,85,26.33
10.99849,33.31334,339.79,1.07,1.03,2026-04-14,1253,79,17.61
11.00391,34.39693,353.96,1.01,1.0,2026-04-14,1253,95,46.55
11.0055,31.72704,337.29,1.28,1.12,2026-04-14,1253,75,22.06
11.03457,32.6444,337.21,1.14,1.06,2026-04-14,1253,70,23.17
11.10093,31.60589,348.87,1.3,1.13,2026-04-14,1253,91,50.72
11.11732,31.7082,336.61,1.28,1.12,2026-04-14,1253,73,23.04
11.12841,30.74392,335.74,1.49,1.2,2026-04-14,1253,71,23.47
11.17797,32.74216,342.55,1.12,1.06,2026-04-14,1253,83,30.05
11.17952,32.75206,340.46,1.12,1.06,2026-04-14,1253,80,25.74
11.21217,27.10994,338.05,2.84,1.61,2026-04-14,1253,77,85.19
11.23172,33.20586,337.63,1.07,1.03,2026-04-14,1253,73,13.04
11.23315,33.21536,349.31,1.07,1.03,2026-04-14,1253,91,36.56
11.24104,33.20851,335.43,1.07,1.03,2026-04-14,1253,71,10.48
11.26365,31.8615,340.81,1.25,1.11,2026-04-14,1253,81,29.86
11.27642,33.31889,340.5,1.06,1.03,2026-04-14,1253,81,18.24
11.27786,33.32826,348.71,1.06,1.03,2026-04-14,1253,90,34.0
11.30822,30.66857,335.83,1.49,1.21,2026-04-14,1253,72,20.37
11.36213,29.8831,335.43,1.7,1.28,2026-04-14,1253,71,22.3
11.40465,36.40147,349.4,1.07,1.03,2026-04-14,1253,94,44.04
11.406,36.41097,350.11,1.08,1.04,2026-04-14,1253,94,45.96
11.49952,34.11905,335.25,1.01,1.01,2026-04-14,1253,70,9.12
11.51228,34.14448,337.29,1.01,1.0,2026-04-14,1253,75,12.33
11.52754,32.11573,347.74,1.2,1.09,2026-04-14,1253,90,39.77
11.54229,33.23842,351.2,1.06,1.03,2026-04-14,1253,93,40.95
11.54373,33.24784,340.07,1.06,1.03,2026-04-14,1253,70,16.86
11.56318,35.94886,334.07,1.04,1.02,2026-04-14,1253,74,19.98
11.69506,33.27584,336.74,1.06,1.03,2026-04-14,1253,74,11.01
11.7378,28.79658,342.95,2.04,1.39,2026-04-14,1253,84,71.01
11.74565,28.80688,335.16,2.03,1.39,2026-04-14,1253,70,33.33
11.80877,29.65314,337.29,1.74,1.29,2026-04-14,1253,75,37.64
11.87805,30.8063,342.91,1.43,1.18,2026-04-14,1253,82,39.34
11.88758,35.31944,337.75,1.01,1.01,2026-04-14,1253,75,16.56
11.88887,35.3284,337.75,1.01,1.01,2026-04-14,1253,76,16.39
11.89895,35.33605,342.43,1.01,1.01,2026-04-14,1253,83,23.64
11.90025,35.34502,349.34,1.01,1.01,2026-04-14,1253,91,37.3
11.9113,35.29753,344.18,1.01,1.01,2026-04-14,1253,86,28.36
11.91675,36.36751,333.93,1.08,1.04,2026-04-14,1253,71,9.25
11.93452,36.1035,334.67,1.06,1.03,2026-04-14,1253,71,12.44
11.9464,36.04758,335.87,1.05,1.03,2026-04-14,1253,73,11.73
11.94869,33.23573,344.0,1.06,1.03,2026-04-14,1253,85,23.92
11.99522,41.56068,329.16,2.46,1.51,2026-04-14,1253,74,30.15
11.998,41.58272,334.48,2.47,1.51,2026-04-14,1253,81,57.08
12.00115,33.33635,352.85,1.05,1.02,2026-04-14,1253,94,43.57
12.01613,29.93158,342.77,1.65,1.26,2026-04-14,1253,84,47.7
12.01951,29.94059,343.96,1.64,1.26,2026-04-14,1253,85,52.73
12.04207,31.82374,337.08,1.22,1.1,2026-04-14,1253,74,16.6
12.05972,33.4218,338.58,1.04,1.02,2026-04-14,1253,77,15.28
12.10987,33.37891,338.78,1.04,1.02,2026-04-14,1253,74,14.13
12.11323,35.02972,336.0,1.0,1.0,2026-04-14,1253,72,13.26
12.17221,31.62823,345.05,1.25,1.11,2026-04-14,1253,87,35.33
12.18188,31.6266,337.8,1.25,1.11,2026-04-14,1253,76,18.85
12.25045,31.59724,342.66,1.25,1.11,2026-04-14,1253,84,28.91
12.27117,34.78411,353.19,1.0,1.0,2026-04-14,1253,94,44.98
12.27247,34.793,345.57,1.0,1.0,2026-04-14,1253,87,28.49
12.2812,34.79166,349.43,1.0,1.0,2026-04-14,1253,91,36.93
12.37606,34.7432,362.72,1.0,1.0,2026-04-14,1253,100,75.89
12.37736,34.75208,362.0,1.0,1.0,2026-04-14,1253,100,74.46
12.37905,35.52893,338.17,1.03,1.01,2026-04-14,1253,77,19.03
12.38452,34.59999,338.87,1.0,1.0,2026-04-14,1253,78,17.6
12.38479,34.74186,343.89,1.0,1.0,2026-04-14,1253,85,31.89
12.38582,34.60888,366.09,1.0,1.0,2026-04-14,1253,100,80.42
12.38609,34.75074,340.46,1.0,1.0,2026-04-14,1253,80,25.75
12.38739,34.75963,335.65,1.0,1.0,2026-04-14,1253,71,18.67
12.41599,36.50061,335.87,1.11,1.05,2026-04-14,1253,75,17.47
12.47922,30.8399,341.87,1.39,1.17,2026-04-14,1253,83,32.91
12.50367,35.81375,354.24,1.05,1.02,2026-04-14,1253,95,49.83
12.5125,34.47372,337.84,1.0,1.0,2026-04-14,1253,72,12.04
12.51381,34.4826,340.96,1.0,1.0,2026-04-14,1253,81,17.6
12.55779,35.67703,341.95,1.04,1.02,2026-04-14,1253,83,19.59
12.75147,30.9991,339.23,1.34,1.15,2026-04-14,1253,78,31.41
12.80651,33.52619,344.74,1.02,1.01,2026-04-14,1253,86,23.64
12.80788,33.5353,365.14,1.02,1.01,2026-04-14,1253,100,75.08
12.86412,35.94567,345.19,1.06,1.03,2026-04-14,1253,87,25.7
12.86545,35.95515,342.69,1.06,1.03,2026-04-14,1253,84,20.6
12.86777,36.50482,335.38,1.12,1.05,2026-04-14,1253,71,14.08
12.98095,34.19122,343.28,1.0,1.0,2026-04-14,1253,84,17.34
12.98836,34.18094,339.39,1.0,1.0,2026-04-14,1253,78,10.69
13.00118,35.81382,340.57,1.05,1.03,2026-04-14,1253,81,16.76
13.09463,35.03159,338.17,1.01,1.01,2026-04-14,1253,77,12.74
13.11796,35.85133,337.67,1.06,1.03,2026-04-14,1253,73,10.86
13.12296,35.82173,339.91,1.06,1.03,2026-04-14,1253,80,14.82
13.153,36.88784,342.02,1.18,1.08,2026-04-14,1253,83,26.83
13.33508,34.98249,340.46,1.01,1.01,2026-04-14,1253,80,14.38
13.33639,34.99151,343.1,1.01,1.01,2026-04-14,1253,84,19.56
13.48239,36.7415,335.21,1.17,1.07,2026-04-14,1253,70,14.66
13.56201,35.65748,337.54,1.05,1.02,2026-04-14,1253,75,11.83
13.57095,35.65612,346.65,1.05,1.02,2026-04-14,1253,88,28.02
13.5873,35.38781,341.87,1.03,1.02,2026-04-14,1253,83,18.38
13.58862,35.39703,354.1,1.03,1.02,2026-04-14,1253,95,44.06
13.59111,35.60526,337.33,1.05,1.02,2026-04-14,1253,71,11.67
13.59776,35.65211,344.6,1.05,1.02,2026-04-14,1253,86,23.49
13.62914,36.20632,338.05,1.1,1.05,2026-04-14,1253,76,13.69
13.6305,36.21622,336.39,1.1,1.05,2026-04-14,1253,73,10.92
13.68543,35.62366,339.15,1.05,1.02,2026-04-14,1253,78,15.35
13.68547,35.0986,335.78,1.02,1.01,2026-04-14,1253,70,10.28
13.73287,35.24067,345.71,1.03,1.01,2026-04-14,1253,87,25.05
13.76337,36.11076,343.39,1.1,1.04,2026-04-14,1253,85,23.44
13.76475,36.12056,336.95,1.1,1.04,2026-04-14,1253,74,10.41
13.81133,36.52211,339.47,1.15,1.07,2026-04-14,1253,79,13.44
13.85993,31.82879,337.88,1.16,1.07,2026-04-14,1253,76,17.51
14.07452,33.40552,353.39,1.02,1.01,2026-04-14,1253,95,46.14
14.07589,33.4146,336.65,1.02,1.01,2026-04-14,1253,73,13.62
14.10381,36.10602,343.06,1.1,1.05,2026-04-14,1253,84,23.94
14.10518,36.11589,337.63,1.1,1.05,2026-04-14,1253,76,14.22
14.33469,33.46585,341.87,1.01,1.01,2026-04-14,1253,83,23.99
42.24057,24.39223,315.46,1.08,1.04,2026-04-14,1301,76,13.34
46.23365,24.31247,317.67,1.01,1.01,2026-04-14,1301,78,12.32
47.21151,26.93304,312.26,1.06,1.03,2026-04-14,1304,72,10.38
47.85098,22.46895,318.33,1.06,1.03,2026-04-14,1304,76,10.69
48.17491,26.80269,314.07,1.07,1.03,2026-04-14,1304,74,11.03
48.19329,26.09813,313.09,1.03,1.02,2026-04-14,1304,73,10.91
52.06004,26.5692,320.28,1.16,1.07,2026-04-14,1304,80,18.91
53.14195,31.55533,311.11,1.94,1.36,2026-04-14,1304,71,24.93
54.18472,31.10074,312.54,1.9,1.35,2026-04-14,1304,73,27.72
54.98754,29.55244,321.3,1.66,1.27,2026-04-14,1304,81,37.46
55.35015,29.25839,313.01,1.63,1.26,2026-04-14,1304,73,23.88
56.24515,30.95503,313.52,1.99,1.38,2026-04-14,1304,74,34.8
56.29682,30.38197,320.91,1.88,1.34,2026-04-14,1304,80,44.29
57.31084,31.05446,320.44,2.07,1.4,2026-04-14,1304,77,52.81
57.31756,31.02726,315.62,2.07,1.4,2026-04-14,1304,72,40.98
8.0301,-65.72112,323.22,1.04,1.02,2026-04-14,1316,70,9.94
8.03139,-65.7303,324.19,1.04,1.02,2026-04-14,1316,72,10.76
8.09503,-64.54539,332.04,1.0,1.0,2026-04-14,1316,82,21.55
8.10381,-64.54415,323.67,1.0,1.0,2026-04-14,1316,72,12.22
8.43725,-66.12556,328.79,1.08,1.04,2026-04-14,1316,78,19.01
8.4477,-66.13385,328.79,1.08,1.04,2026-04-14,1316,78,18.72
8.48927,-68.08617,324.85,1.39,1.17,2026-04-14,1316,74,19.02
8.49953,-68.08482,331.87,1.39,1.17,2026-04-14,1316,82,32.63
8.53888,-62.96191,324.92,1.06,1.03,2026-04-14,1316,78,16.29
8.80759,-63.5373,337.23,1.02,1.01,2026-04-14,1316,88,33.44
8.84571,-63.987,323.4,1.0,1.0,2026-04-14,1316,76,12.98
9.19869,-63.1156,341.04,1.04,1.02,2026-04-14,1316,91,41.55
9.62015,-63.72046,359.12,1.01,1.0,2026-04-14,1316,99,77.38
9.62144,-63.72935,359.23,1.01,1.0,2026-04-14,1316,99,77.49
9.64223,-63.56245,352.64,1.01,1.01,2026-04-14,1316,97,63.59
9.64353,-63.5714,324.13,1.01,1.01,2026-04-14,1316,80,16.3
9.65258,-63.63391,356.36,1.01,1.0,2026-04-14,1316,98,71.3
9.70861,-61.63899,325.54,1.19,1.08,2026-04-14,1316,83,26.76
10.40789,-63.81154,318.38,1.0,1.0,2026-04-14,1316,75,10.4
2.55779,-61.02557,317.04,1.65,1.26,2026-04-14,1318,75,25.47
7.24539,-65.64753,320.53,1.03,1.01,2026-04-14,1318,72,8.72
7.30829,-67.89037,325.8,1.3,1.13,2026-04-14,1318,76,16.15
7.35952,-62.28184,320.6,1.17,1.08,2026-04-14,1318,75,15.13
7.50599,-68.29723,344.54,1.39,1.17,2026-04-14,1318,92,70.21
7.62801,-64.38196,320.27,1.0,1.0,2026-04-14,1318,70,12.16
7.70578,-68.95022,325.35,1.56,1.23,2026-04-14,1318,76,23.85
7.82117,-68.59651,330.74,1.47,1.2,2026-04-14,1318,82,32.65
7.82288,-68.60954,369.79,1.48,1.2,2026-04-14,1318,100,184.89
7.83173,-68.59514,323.77,1.47,1.2,2026-04-14,1318,74,19.15
7.83345,-68.60815,333.98,1.48,1.2,2026-04-14,1318,85,42.43
8.06572,-67.82164,323.96,1.31,1.14,2026-04-14,1318,73,16.92
8.06687,-67.82703,328.27,1.32,1.14,2026-04-14,1318,79,24.43
-30.41966,116.32533,308.64,2.46,1.51,2026-04-14,1359,75,34.85
-30.40183,115.90353,329.05,2.3,1.47,2026-04-14,1359,100,97.4
-30.39714,115.92707,314.15,2.31,1.47,2026-04-14,1359,89,46.77
10.40485,105.06477,328.81,2.0,1.38,2026-04-14,1412,100,69.84
11.2461,99.18208,312.02,1.0,1.0,2026-04-14,1412,81,7.32
11.42929,98.82896,311.08,1.0,1.0,2026-04-14,1412,77,7.99
11.53621,99.47652,313.47,1.01,1.0,2026-04-14,1412,84,9.42
11.53744,99.48557,342.48,1.01,1.0,2026-04-14,1412,100,45.24
11.545,99.47529,311.65,1.01,1.0,2026-04-14,1412,79,8.02
11.54623,99.4843,331.64,1.01,1.0,2026-04-14,1412,100,28.42
11.63986,98.75869,310.47,1.0,1.0,2026-04-14,1412,74,7.13
11.64863,98.7574,312.46,1.0,1.0,2026-04-14,1412,81,8.39
11.7139,99.16579,314.97,1.0,1.0,2026-04-14,1412,88,10.06
11.75281,99.51547,313.61,1.01,1.0,2026-04-14,1412,84,9.57
11.80214,99.52969,313.04,1.01,1.0,2026-04-14,1412,82,9.19
11.80336,99.53868,319.93,1.01,1.0,2026-04-14,1412,99,15.4
11.80483,99.4834,324.9,1.01,1.0,2026-04-14,1412,100,20.17
11.80605,99.49234,327.11,1.01,1.0,2026-04-14,1412,100,22.69
11.83247,99.48871,312.23,1.01,1.0,2026-04-14,1412,80,8.07
11.84489,99.29842,312.22,1.0,1.0,2026-04-14,1412,80,7.54
11.8788,99.28442,312.86,1.0,1.0,2026-04-14,1412,82,8.17
11.8879,99.00387,315.72,1.0,1.0,2026-04-14,1412,90,11.02
11.88912,99.01279,329.2,1.0,1.0,2026-04-14,1412,100,25.08
11.89658,99.2181,314.87,1.0,1.0,2026-04-14,1412,88,9.73
11.90536,99.21682,310.03,1.0,1.0,2026-04-14,1412,72,5.85
11.96722,99.25624,317.45,1.0,1.0,2026-04-14,1412,94,12.41
11.99702,99.34319,311.62,1.0,1.0,2026-04-14,1412,78,7.88
12.11399,99.17722,323.29,1.0,1.0,2026-04-14,1412,100,18.45
12.11521,99.18616,331.24,1.0,1.0,2026-04-14,1412,100,27.94
12.4258,98.97719,317.42,1.0,1.0,2026-04-14,1412,94,12.76
12.67197,98.95008,312.87,1.0,1.0,2026-04-14,1412,83,9.13
12.78467,99.84737,315.67,1.03,1.02,2026-04-14,1412,80,9.08
12.796,99.86424,322.37,1.03,1.02,2026-04-14,1412,100,15.93
12.80491,99.86298,314.56,1.03,1.02,2026-04-14,1412,87,8.64
13.02276,105.58169,312.42,2.42,1.5,2026-04-14,1412,83,28.78
12.91597,98.77775,311.55,1.0,1.0,2026-04-14,1414,79,8.68
12.94089,98.82885,355.36,1.0,1.0,2026-04-14,1414,100,72.54
13.15342,98.96828,310.44,1.0,1.0,2026-04-14,1414,76,6.92
13.15636,99.51987,319.61,1.02,1.01,2026-04-14,1414,99,15.16
13.16397,99.50934,313.8,1.02,1.01,2026-04-14,1414,86,10.07
13.16519,99.51849,310.68,1.02,1.01,2026-04-14,1414,77,7.44
13.30137,98.89787,313.21,1.0,1.0,2026-04-14,1414,83,9.49
13.3069,98.67769,322.56,1.0,1.0,2026-04-14,1414,100,18.44
13.30814,98.68665,314.52,1.0,1.0,2026-04-14,1414,87,11.0
13.45479,101.15194,311.83,1.18,1.08,2026-04-14,1414,77,8.8
13.46033,101.15553,310.3,1.18,1.08,2026-04-14,1414,71,7.82
13.54593,99.20782,315.45,1.01,1.0,2026-04-14,1414,79,10.51
13.54718,99.21701,326.25,1.01,1.0,2026-04-14,1414,100,20.67
13.54845,99.22626,313.84,1.01,1.01,2026-04-14,1414,84,8.26
13.58329,99.06768,321.35,1.01,1.0,2026-04-14,1414,100,16.19
13.58717,99.03028,310.04,1.01,1.0,2026-04-14,1414,72,6.34
13.62064,99.14467,312.28,1.01,1.0,2026-04-14,1414,80,9.28
13.64442,99.18756,321.87,1.01,1.0,2026-04-14,1414,100,16.4
13.64567,99.19669,339.47,1.01,1.0,2026-04-14,1414,100,39.44
13.65197,99.17712,310.13,1.01,1.0,2026-04-14,1414,72,7.02
13.72763,99.18803,310.25,1.01,1.01,2026-04-14,1414,72,6.27
13.76446,99.52764,310.21,1.03,1.01,2026-04-14,1414,71,5.93
13.77127,99.02809,311.08,1.01,1.0,2026-04-14,1414,76,6.2
14.01138,99.57744,309.81,1.03,1.02,2026-04-14,1414,70,5.16
14.09814,98.45998,325.16,1.0,1.0,2026-04-14,1414,100,21.49
14.10606,100.37214,337.57,1.1,1.05,2026-04-14,1414,100,41.68
14.15456,99.48503,314.61,1.03,1.01,2026-04-14,1414,86,9.24
14.1558,99.49428,311.4,1.03,1.01,2026-04-14,1414,76,6.87
14.15714,100.40537,312.96,1.1,1.05,2026-04-14,1414,80,9.72
14.1742,98.86483,310.44,1.0,1.0,2026-04-14,1414,74,6.9
14.29089,98.52003,312.71,1.0,1.0,2026-04-14,1414,82,9.96
14.36221,99.10828,320.18,1.01,1.01,2026-04-14,1414,100,14.59
14.36347,99.11755,322.19,1.01,1.01,2026-04-14,1414,100,16.26
14.36394,104.20803,309.26,1.97,1.37,2026-04-14,1414,70,15.1
14.37463,98.8511,319.13,1.01,1.0,2026-04-14,1414,98,12.57
14.37586,98.86021,316.67,1.01,1.0,2026-04-14,1414,92,10.29
14.38029,99.02552,309.52,1.01,1.0,2026-04-14,1414,70,6.75
14.38465,98.85897,317.31,1.01,1.0,2026-04-14,1414,94,11.42
14.39132,99.10773,315.3,1.01,1.01,2026-04-14,1414,89,10.55
14.4121,99.34403,313.26,1.02,1.01,2026-04-14,1414,83,8.53
14.42884,99.18621,310.02,1.02,1.01,2026-04-14,1414,72,6.2
14.44933,98.7878,327.51,1.0,1.0,2026-04-14,1414,100,22.13
14.46092,100.99474,327.32,1.19,1.08,2026-04-14,1414,100,28.24
14.48063,99.16948,311.55,1.02,1.01,2026-04-14,1414,78,6.45
14.49927,99.22523,313.59,1.02,1.01,2026-04-14,1414,84,8.76
14.49981,98.63306,316.2,1.0,1.0,2026-04-14,1414,91,10.22
14.5069,99.2149,314.26,1.02,1.01,2026-04-14,1414,86,9.59
14.51167,98.63466,325.32,1.0,1.0,2026-04-14,1414,100,19.43
14.5129,98.64368,324.2,1.0,1.0,2026-04-14,1414,100,18.22
14.51401,99.33607,321.69,1.02,1.01,2026-04-14,1414,100,15.68
14.51575,99.21375,311.12,1.02,1.01,2026-04-14,1414,76,6.94
14.53921,98.63975,328.22,1.0,1.0,2026-04-14,1414,100,23.19
14.56569,98.507,312.77,1.0,1.0,2026-04-14,1414,82,9.99
14.57095,98.93921,321.77,1.01,1.0,2026-04-14,1414,100,16.56
14.61004,98.61376,315.63,1.0,1.0,2026-04-14,1414,90,10.91
14.61127,98.62267,336.22,1.0,1.0,2026-04-14,1414,100,34.56
14.64161,98.45273,315.25,1.0,1.0,2026-04-14,1414,89,10.97
14.64877,98.09638,309.69,1.0,1.0,2026-04-14,1414,73,7.5
14.65036,98.4514,314.63,1.0,1.0,2026-04-14,1414,87,10.54
14.66036,98.45913,329.01,1.0,1.0,2026-04-14,1414,100,25.03
14.6616,98.46813,312.37,1.0,1.0,2026-04-14,1414,81,8.53
14.66302,98.93793,310.1,1.01,1.0,2026-04-14,1414,73,6.95
14.66425,98.94706,311.25,1.01,1.0,2026-04-14,1414,77,7.71
14.68506,98.229,309.05,1.0,1.0,2026-04-14,1414,70,6.98
14.69503,98.30107,325.02,1.0,1.0,2026-04-14,1414,100,20.69
14.69627,98.31008,317.71,1.0,1.0,2026-04-14,1414,95,13.77
14.7947,98.16028,311.57,1.0,1.0,2026-04-14,1414,79,8.83
14.80729,99.12491,319.51,1.02,1.01,2026-04-14,1414,98,14.01
14.81256,98.74674,312.11,1.0,1.0,2026-04-14,1414,80,8.55
14.83564,98.98417,317.29,1.01,1.01,2026-04-14,1414,94,12.55
14.83687,98.99341,313.38,1.01,1.01,2026-04-14,1414,84,8.96
14.8739,99.20308,314.24,1.02,1.01,2026-04-14,1414,86,9.87
14.91243,98.60623,314.33,1.0,1.0,2026-04-14,1414,87,9.83
14.96656,99.00552,315.77,1.01,1.01,2026-04-14,1414,90,11.23
14.99393,101.11196,310.4,1.22,1.1,2026-04-14,1414,70,6.73
15.01535,99.16724,314.78,1.02,1.01,2026-04-14,1414,88,9.27
15.14619,99.3877,310.52,1.04,1.02,2026-04-14,1414,74,6.88
15.1698,98.59577,311.71,1.0,1.0,2026-04-14,1414,80,7.98
15.1761,98.57632,308.8,1.0,1.0,2026-04-14,1414,71,6.14
15.18058,99.15952,314.19,1.02,1.01,2026-04-14,1414,86,9.29
15.21972,99.18194,317.64,1.02,1.01,2026-04-14,1414,95,11.58
15.22221,99.20042,316.98,1.03,1.01,2026-04-14,1414,93,10.53
15.22345,99.20966,321.99,1.03,1.01,2026-04-14,1414,100,15.72
15.23326,99.20203,309.54,1.03,1.01,2026-04-14,1414,72,6.06
15.23449,99.21127,311.14,1.03,1.01,2026-04-14,1414,78,7.44
15.24503,101.31104,311.55,1.26,1.12,2026-04-14,1414,75,8.49
15.26508,100.92316,310.53,1.2,1.09,2026-04-14,1414,70,7.32
15.27392,99.5109,312.07,1.05,1.02,2026-04-14,1414,80,8.06
15.30097,99.43943,310.62,1.04,1.02,2026-04-14,1414,75,6.78
15.30224,99.44901,312.44,1.04,1.02,2026-04-14,1414,81,8.35
15.34281,98.79546,318.35,1.01,1.0,2026-04-14,1414,96,15.24
15.35037,98.78508,310.53,1.01,1.0,2026-04-14,1414,76,8.58
15.35161,98.79418,333.81,1.01,1.0,2026-04-14,1414,100,33.34
15.3679,101.16122,319.19,1.24,1.11,2026-04-14,1414,98,18.09
15.37263,101.35725,311.19,1.28,1.12,2026-04-14,1414,74,8.34
15.37641,99.45149,311.43,1.04,1.02,2026-04-14,1414,78,7.92
15.3853,99.44981,320.83,1.04,1.02,2026-04-14,1414,100,15.5
15.38659,99.45957,343.9,1.04,1.02,2026-04-14,1414,100,48.82
15.39552,99.45819,314.69,1.04,1.02,2026-04-14,1414,82,8.82
15.4147,99.46537,343.96,1.04,1.02,2026-04-14,1414,100,48.36
15.41596,99.47486,337.19,1.04,1.02,2026-04-14,1414,100,36.45
15.46354,99.41341,317.01,1.04,1.02,2026-04-14,1414,93,11.19
15.47251,99.41237,321.08,1.04,1.02,2026-04-14,1414,83,14.24
15.48019,99.4016,321.95,1.04,1.02,2026-04-14,1414,77,15.0
15.49682,99.38967,317.87,1.04,1.02,2026-04-14,1414,95,11.75
15.49809,99.39921,338.26,1.04,1.02,2026-04-14,1414,100,37.95
15.49933,99.40858,335.9,1.04,1.02,2026-04-14,1414,100,34.17
15.50058,99.418,318.29,1.04,1.02,2026-04-14,1414,96,11.87
15.54084,101.56039,313.7,1.32,1.14,2026-04-14,1414,83,13.73
15.56882,100.9572,320.39,1.22,1.1,2026-04-14,1414,100,18.34
15.58592,99.92509,327.06,1.09,1.04,2026-04-14,1414,100,22.62
15.58712,99.93434,338.92,1.09,1.04,2026-04-14,1414,100,40.41
15.58845,99.94441,323.69,1.09,1.04,2026-04-14,1414,100,17.95
15.59379,99.91427,314.1,1.08,1.04,2026-04-14,1414,85,8.61
15.59504,99.92381,349.59,1.09,1.04,2026-04-14,1414,100,63.07
15.59625,99.93311,386.38,1.09,1.04,2026-04-14,1414,100,197.81
15.59756,99.94302,342.41,1.09,1.04,2026-04-14,1414,100,47.31
15.60261,99.91717,317.12,1.09,1.04,2026-04-14,1414,93,11.35
15.60384,99.92669,317.95,1.09,1.04,2026-04-14,1414,95,12.12
15.67205,101.2287,312.75,1.26,1.12,2026-04-14,1414,80,11.49
15.7088,98.22947,311.12,1.0,1.0,2026-04-14,1414,78,7.77
15.7105,99.89556,314.17,1.09,1.04,2026-04-14,1414,85,9.56
15.74786,99.26782,312.91,1.04,1.02,2026-04-14,1414,83,7.82
15.74914,99.27739,313.38,1.04,1.02,2026-04-14,1414,84,8.06
15.84135,99.20933,319.6,1.03,1.02,2026-04-14,1414,99,13.76
15.85147,99.21724,327.46,1.03,1.02,2026-04-14,1414,100,22.3
15.8604,99.28397,311.43,1.04,1.02,2026-04-14,1414,78,6.46
15.88611,101.46301,314.46,1.31,1.14,2026-04-14,1414,85,12.18
15.89605,101.46133,326.62,1.31,1.14,2026-04-14,1414,100,29.09
15.906,101.45973,318.76,1.31,1.14,2026-04-14,1414,92,17.24
15.90899,101.4845,325.73,1.32,1.14,2026-04-14,1414,100,30.36
15.91285,101.93293,314.63,1.41,1.18,2026-04-14,1414,86,14.91
15.92158,101.91862,310.74,1.41,1.17,2026-04-14,1414,73,10.0
15.92313,101.93127,332.91,1.41,1.18,2026-04-14,1414,100,46.99
15.924,99.4137,310.85,1.05,1.02,2026-04-14,1414,76,7.3
15.9247,101.94409,327.39,1.41,1.18,2026-04-14,1414,100,34.82
15.95734,98.22034,314.55,1.0,1.0,2026-04-14,1414,88,10.55
15.99887,99.21301,310.35,1.04,1.02,2026-04-14,1414,74,6.33
16.0113,99.30729,314.23,1.04,1.02,2026-04-14,1414,86,8.59
16.08961,99.20307,309.44,1.04,1.02,2026-04-14,1414,71,7.21
16.20128,101.62659,316.77,1.36,1.15,2026-04-14,1414,92,16.25
16.20268,101.63827,321.66,1.36,1.16,2026-04-14,1414,100,23.33
16.21405,101.64713,316.45,1.36,1.16,2026-04-14,1414,91,17.14
16.24106,98.14072,314.23,1.0,1.0,2026-04-14,1414,87,10.31
16.28104,101.85664,317.18,1.41,1.18,2026-04-14,1414,91,19.1
16.28285,106.92508,311.46,3.45,1.75,2026-04-14,1414,80,54.82
16.31077,99.20714,322.93,1.04,1.02,2026-04-14,1414,100,17.41
16.31198,99.21626,322.6,1.04,1.02,2026-04-14,1414,100,16.63
16.31584,99.24522,314.94,1.04,1.02,2026-04-14,1414,88,9.17
16.34335,102.55457,318.78,1.58,1.24,2026-04-14,1414,97,26.3
16.43751,99.82414,320.18,1.09,1.04,2026-04-14,1414,100,16.42
16.45017,101.82468,312.01,1.41,1.18,2026-04-14,1414,79,11.35
16.5793,96.04016,319.5,1.1,1.04,2026-04-14,1414,99,16.7
16.58487,101.34129,314.26,1.32,1.14,2026-04-14,1414,86,12.61
16.58624,101.35238,313.44,1.32,1.14,2026-04-14,1414,83,11.54
16.60632,101.35036,317.45,1.32,1.14,2026-04-14,1414,94,16.09
16.6073,101.35561,324.3,1.32,1.14,2026-04-14,1414,100,26.75
16.60768,101.36133,327.71,1.32,1.14,2026-04-14,1414,100,32.49
16.61736,101.3548,317.02,1.32,1.14,2026-04-14,1414,93,16.89
16.65873,101.3604,320.26,1.32,1.14,2026-04-14,1414,100,20.59
16.663,101.39536,313.4,1.33,1.14,2026-04-14,1414,83,11.87
16.67023,101.37115,320.13,1.33,1.14,2026-04-14,1414,100,19.85
16.67265,98.53578,342.04,1.01,1.0,2026-04-14,1414,100,44.26
16.6847,95.37901,311.1,1.17,1.08,2026-04-14,1414,77,9.14
16.68629,95.38965,313.9,1.17,1.08,2026-04-14,1414,85,11.81
16.77342,102.22399,311.3,1.52,1.22,2026-04-14,1414,76,12.03
16.80759,101.65965,312.84,1.39,1.17,2026-04-14,1414,73,14.3
16.80911,101.67209,321.47,1.39,1.17,2026-04-14,1414,100,25.78
16.8134,98.76331,312.27,1.02,1.01,2026-04-14,1414,79,8.21
16.81781,101.65811,319.98,1.39,1.17,2026-04-14,1414,99,23.86
16.81945,101.6714,316.04,1.39,1.17,2026-04-14,1414,90,17.23
16.82981,101.59892,311.33,1.38,1.16,2026-04-14,1414,76,12.93
16.88109,98.91817,310.08,1.03,1.01,2026-04-14,1414,70,5.77
16.90445,102.65372,313.33,1.64,1.26,2026-04-14,1414,75,15.33
16.91789,98.85484,311.41,1.03,1.01,2026-04-14,1414,76,8.38
16.96424,102.67008,312.83,1.65,1.26,2026-04-14,1414,81,14.56
16.96632,101.62708,312.45,1.39,1.17,2026-04-14,1414,80,13.42
17.04795,98.16843,309.76,1.0,1.0,2026-04-14,1414,70,8.15
17.11258,100.41874,313.89,1.18,1.08,2026-04-14,1414,83,11.17
17.12351,98.94667,312.0,1.03,1.02,2026-04-14,1414,78,7.09
17.12988,98.99426,315.38,1.04,1.02,2026-04-14,1414,71,8.54
17.13443,100.51464,311.13,1.2,1.09,2026-04-14,1414,74,8.61
17.13577,100.52525,319.39,1.2,1.09,2026-04-14,1414,98,17.58
17.14045,98.99647,311.08,1.04,1.02,2026-04-14,1414,71,5.59
17.16356,98.8962,312.18,1.03,1.01,2026-04-14,1414,79,7.8
17.31271,98.21308,337.76,1.01,1.0,2026-04-14,1414,100,36.38
17.31576,105.24732,312.45,2.63,1.56,2026-04-14,1414,80,33.98
17.33003,100.53075,317.0,1.21,1.09,2026-04-14,1414,93,15.32
17.33346,100.5247,316.89,1.21,1.09,2026-04-14,1414,92,15.67
17.33473,100.53509,317.35,1.21,1.09,2026-04-14,1414,93,16.13
17.37799,99.54783,311.68,1.09,1.04,2026-04-14,1414,77,8.23
17.43646,98.66573,313.37,1.02,1.01,2026-04-14,1414,83,7.83
17.45554,100.61163,312.52,1.22,1.1,2026-04-14,1414,74,12.01
17.49734,101.37955,318.74,1.36,1.16,2026-04-14,1414,97,21.5
17.5561,100.84817,309.89,1.26,1.12,2026-04-14,1414,71,9.66
17.59824,101.54096,319.55,1.4,1.17,2026-04-14,1414,99,21.03
17.63278,99.89481,313.53,1.13,1.06,2026-04-14,1414,80,9.68
17.65003,99.88168,310.51,1.13,1.06,2026-04-14,1414,72,7.6
17.72106,99.86478,315.43,1.13,1.06,2026-04-14,1414,89,11.84
17.72235,99.87506,311.84,1.13,1.06,2026-04-14,1414,77,8.52
17.73235,99.44138,318.42,1.08,1.04,2026-04-14,1414,96,14.12
17.75955,99.87025,310.48,1.13,1.06,2026-04-14,1414,72,6.92
17.86505,99.68278,321.18,1.11,1.05,2026-04-14,1414,100,17.75
17.87152,99.95386,311.72,1.14,1.06,2026-04-14,1414,77,9.26
17.87179,99.67551,311.37,1.11,1.05,2026-04-14,1414,76,8.6
17.87307,99.68565,315.93,1.11,1.05,2026-04-14,1414,90,12.99
17.8742,102.04925,315.06,1.53,1.22,2026-04-14,1414,88,18.42
17.89644,102.01337,312.84,1.52,1.22,2026-04-14,1414,81,14.34
17.89715,104.43031,311.55,2.31,1.47,2026-04-14,1414,78,25.14
17.91595,100.22894,310.99,1.18,1.08,2026-04-14,1414,73,9.68
17.94347,98.52459,311.72,1.02,1.01,2026-04-14,1414,78,9.29
17.95059,102.10504,321.38,1.55,1.23,2026-04-14,1414,100,28.48
17.9548,102.04807,313.49,1.53,1.22,2026-04-14,1414,83,15.06
17.96929,102.03879,313.6,1.53,1.22,2026-04-14,1414,75,14.32
17.97113,102.00275,313.87,1.52,1.22,2026-04-14,1414,85,15.52
17.97268,102.01574,322.73,1.53,1.22,2026-04-14,1414,100,29.57
17.97436,102.02973,317.4,1.53,1.22,2026-04-14,1414,94,19.34
17.97615,102.04463,324.68,1.53,1.22,2026-04-14,1414,100,34.38
17.97678,102.00887,319.33,1.53,1.22,2026-04-14,1414,98,22.97
17.97828,102.02214,314.03,1.53,1.22,2026-04-14,1414,85,13.74
17.98,102.03732,317.2,1.53,1.22,2026-04-14,1414,93,20.07
17.99463,100.27659,311.98,1.19,1.08,2026-04-14,1414,77,10.01
18.00089,96.73814,311.69,1.02,1.01,2026-04-14,1414,77,7.11
18.00416,100.27539,315.88,1.19,1.08,2026-04-14,1414,89,13.62
18.02783,102.0744,311.54,1.54,1.22,2026-04-14,1414,77,11.91
18.03856,102.07284,313.57,1.54,1.22,2026-04-14,1414,84,15.04
18.05672,102.04189,316.99,1.54,1.22,2026-04-14,1414,93,19.04
18.05825,102.05482,314.99,1.54,1.22,2026-04-14,1414,81,16.17
18.0604,102.03653,316.28,1.54,1.22,2026-04-14,1414,91,18.04
18.06182,102.04917,316.59,1.54,1.22,2026-04-14,1414,92,19.32
18.06347,102.06395,311.71,1.54,1.22,2026-04-14,1414,72,12.95
18.06921,100.45277,310.63,1.22,1.1,2026-04-14,1414,72,9.45
18.07223,97.69679,316.07,1.0,1.0,2026-04-14,1414,91,10.78
18.08099,97.69544,310.94,1.0,1.0,2026-04-14,1414,76,6.55
18.0877,101.53693,313.24,1.42,1.18,2026-04-14,1414,79,11.4
18.09462,101.52958,315.54,1.42,1.18,2026-04-14,1414,89,14.67
18.10647,101.54129,315.99,1.42,1.18,2026-04-14,1414,90,15.68
18.10811,100.02021,320.03,1.16,1.07,2026-04-14,1414,100,17.32
18.11059,100.55045,310.04,1.23,1.1,2026-04-14,1414,70,8.45
18.11195,100.56159,313.96,1.24,1.1,2026-04-14,1414,84,12.75
18.1327,100.56992,324.96,1.24,1.11,2026-04-14,1414,100,26.87
18.13771,99.72863,311.71,1.12,1.06,2026-04-14,1414,76,7.06
18.1655,102.09533,311.83,1.55,1.23,2026-04-14,1414,72,11.77
18.22938,97.77856,310.56,1.0,1.0,2026-04-14,1414,74,6.52
18.26758,100.41282,313.85,1.22,1.1,2026-04-14,1414,84,12.67
18.28685,101.5788,311.99,1.44,1.19,2026-04-14,1414,79,11.28
18.31906,102.12238,320.0,1.57,1.23,2026-04-14,1414,100,29.26
18.32828,101.78452,324.34,1.49,1.2,2026-04-14,1414,100,33.34
18.32969,101.79679,325.93,1.49,1.21,2026-04-14,1414,100,36.58
18.34062,96.07991,321.75,1.06,1.03,2026-04-14,1414,100,17.19
18.36572,103.83282,312.0,2.11,1.41,2026-04-14,1414,80,25.13
18.3753,97.97573,313.28,1.0,1.0,2026-04-14,1414,84,8.6
18.4257,100.79305,323.19,1.29,1.13,2026-04-14,1414,100,24.4
18.43043,101.0862,311.92,1.34,1.15,2026-04-14,1414,79,11.82
18.43503,104.74981,324.79,2.5,1.52,2026-04-14,1414,100,79.42
18.43692,104.7346,319.9,2.49,1.52,2026-04-14,1414,99,59.93
18.43908,104.75535,321.47,2.5,1.52,2026-04-14,1414,100,66.31
18.44901,103.16083,316.32,1.88,1.34,2026-04-14,1414,92,26.93
18.46762,103.15012,313.88,1.88,1.34,2026-04-14,1414,84,21.31
18.46945,103.16736,325.42,1.89,1.34,2026-04-14,1414,100,48.97
18.47229,103.15568,323.9,1.88,1.34,2026-04-14,1414,100,44.15
18.48416,101.19243,310.14,1.36,1.16,2026-04-14,1414,73,11.57
18.4969,103.94248,313.01,2.16,1.43,2026-04-14,1414,83,26.85
18.49753,104.32012,310.13,2.31,1.47,2026-04-14,1414,74,21.79
18.51356,103.8609,314.04,2.13,1.42,2026-04-14,1414,86,28.6
18.51575,103.88126,318.79,2.14,1.42,2026-04-14,1414,97,39.63
18.51729,104.38174,310.22,2.34,1.48,2026-04-14,1414,70,21.63
18.52394,103.84013,309.26,2.12,1.42,2026-04-14,1414,71,18.98
18.52809,103.85163,311.87,2.13,1.42,2026-04-14,1414,70,22.84
18.53838,100.96639,316.99,1.32,1.14,2026-04-14,1414,93,16.03
18.54845,100.96558,314.88,1.32,1.14,2026-04-14,1414,84,12.71
18.5498,100.97681,327.99,1.32,1.14,2026-04-14,1414,100,32.42
18.55397,101.68896,316.5,1.47,1.2,2026-04-14,1414,92,18.17
18.57153,103.22417,319.56,1.91,1.35,2026-04-14,1414,99,37.53
18.57981,103.23534,313.41,1.91,1.35,2026-04-14,1414,85,23.68
18.58044,103.12936,311.55,1.88,1.34,2026-04-14,1414,79,19.85
18.61693,101.36159,310.46,1.4,1.17,2026-04-14,1414,75,11.36
18.61868,101.37595,310.02,1.41,1.17,2026-04-14,1414,73,10.79
18.63569,102.19592,333.47,1.6,1.25,2026-04-14,1414,100,61.49
18.63751,102.18974,323.69,1.6,1.25,2026-04-14,1414,98,35.31
18.63759,103.03129,322.79,1.85,1.33,2026-04-14,1414,100,45.71
18.63921,102.20504,323.09,1.61,1.25,2026-04-14,1414,95,33.61
18.6416,103.0373,325.62,1.85,1.33,2026-04-14,1414,100,52.31
18.66275,102.21663,313.14,1.61,1.25,2026-04-14,1414,84,17.83
18.66336,99.52325,311.51,1.11,1.05,2026-04-14,1414,78,8.33
18.66548,101.34933,312.45,1.4,1.17,2026-04-14,1414,81,14.34
18.66689,101.36131,309.81,1.41,1.17,2026-04-14,1414,73,10.73
18.66702,99.19838,311.2,1.08,1.04,2026-04-14,1414,77,6.41
18.66829,101.28481,323.8,1.39,1.17,2026-04-14,1414,100,30.84
18.66985,101.29797,324.25,1.39,1.17,2026-04-14,1414,100,31.64
18.67138,101.31088,326.96,1.4,1.17,2026-04-14,1414,100,36.66
18.67294,101.32397,314.76,1.4,1.17,2026-04-14,1414,88,17.23
18.69292,102.48692,309.67,1.69,1.28,2026-04-14,1414,74,12.78
18.69932,101.96024,309.85,1.55,1.23,2026-04-14,1414,74,11.86
18.70814,99.52129,309.17,1.11,1.05,2026-04-14,1414,70,6.4
18.70985,103.48522,312.88,2.01,1.38,2026-04-14,1414,84,24.24
18.71176,103.50333,317.45,2.02,1.38,2026-04-14,1414,94,33.54
18.714,103.52454,318.7,2.02,1.39,2026-04-14,1414,97,36.17
18.71896,98.74728,309.99,1.04,1.02,2026-04-14,1414,73,6.15
18.78476,98.34428,310.22,1.02,1.01,2026-04-14,1414,75,7.54
18.79071,101.63741,314.85,1.47,1.2,2026-04-14,1414,88,17.44
18.80121,101.63577,309.95,1.47,1.2,2026-04-14,1414,74,11.29
18.8052,101.76279,310.46,1.5,1.21,2026-04-14,1414,76,12.78
18.82057,101.80229,316.62,1.51,1.21,2026-04-14,1414,93,19.99
18.82231,101.81728,315.7,1.52,1.22,2026-04-14,1414,91,18.93
18.84023,101.78544,314.43,1.51,1.21,2026-04-14,1414,87,16.6
18.8419,101.79963,343.21,1.51,1.21,2026-04-14,1414,100,83.98
18.8917,100.60448,312.1,1.27,1.12,2026-04-14,1414,80,11.26
18.90143,100.60258,312.54,1.27,1.12,2026-04-14,1414,76,11.63
18.9029,100.6144,320.95,1.27,1.12,2026-04-14,1414,100,21.82
18.90412,100.60758,315.64,1.27,1.12,2026-04-14,1414,90,15.82
18.90556,100.61983,309.2,1.27,1.12,2026-04-14,1414,71,8.49
18.92248,100.85474,310.1,1.31,1.14,2026-04-14,1414,74,8.81
18.93246,100.85342,310.43,1.31,1.14,2026-04-14,1414,75,8.84
19.00837,99.56406,314.58,1.12,1.06,2026-04-14,1414,88,11.56
19.05311,96.02307,310.62,1.05,1.02,2026-04-14,1414,74,6.26
19.05374,98.00289,311.23,1.01,1.0,2026-04-14,1414,78,7.05
19.06382,101.94328,309.45,1.56,1.23,2026-04-14,1414,74,11.78
19.06486,96.04086,309.77,1.05,1.02,2026-04-14,1414,71,6.17
19.08971,101.84726,308.35,1.54,1.22,2026-04-14,1414,71,10.45
19.1005,101.84631,310.27,1.54,1.22,2026-04-14,1414,77,12.44
19.10697,97.64821,310.35,1.0,1.0,2026-04-14,1414,73,5.88
19.11536,100.50587,312.55,1.26,1.12,2026-04-14,1414,83,12.47
19.11783,96.46987,311.64,1.02,1.01,2026-04-14,1414,77,7.05
19.14837,97.75511,310.44,1.0,1.0,2026-04-14,1414,74,5.91
19.15716,97.75382,310.52,1.0,1.0,2026-04-14,1414,74,5.85
19.17822,97.23573,321.21,1.0,1.0,2026-04-14,1414,100,14.68
19.19894,97.64697,311.75,1.0,1.0,2026-04-14,1414,78,7.08
19.22643,97.58614,314.07,1.0,1.0,2026-04-14,1414,85,8.3
19.2515,103.82187,316.13,2.17,1.43,2026-04-14,1414,92,36.36
19.25318,103.83778,311.16,2.18,1.43,2026-04-14,1414,81,24.33
19.25464,103.83121,318.68,2.18,1.43,2026-04-14,1414,97,43.17
19.26847,102.10408,309.88,1.62,1.25,2026-04-14,1414,77,16.98
19.28735,99.08397,314.3,1.08,1.04,2026-04-14,1414,87,11.63
19.29171,98.20267,314.14,1.02,1.01,2026-04-14,1414,86,9.29
19.32542,101.92302,315.71,1.57,1.23,2026-04-14,1414,91,21.24
19.32816,101.91656,312.38,1.57,1.23,2026-04-14,1414,84,17.03
19.37677,102.05627,315.13,1.61,1.25,2026-04-14,1414,90,23.83
19.40813,96.62613,312.42,1.01,1.01,2026-04-14,1414,81,10.4
19.43131,98.63074,311.32,1.05,1.02,2026-04-14,1414,78,9.62
19.46705,105.46317,321.78,2.93,1.63,2026-04-14,1414,100,86.0
19.47335,101.532,312.99,1.48,1.2,2026-04-14,1414,85,16.11
19.47413,95.74424,311.98,1.06,1.03,2026-04-14,1414,79,8.09
19.50173,100.49922,310.62,1.27,1.12,2026-04-14,1414,77,10.95
19.50241,98.13001,310.84,1.02,1.01,2026-04-14,1414,78,6.81
19.50619,99.43509,309.03,1.12,1.06,2026-04-14,1414,72,7.1
19.51257,98.05492,308.64,1.02,1.01,2026-04-14,1414,72,5.47
19.51903,99.53835,308.25,1.13,1.06,2026-04-14,1414,70,6.98
19.52432,98.7793,323.68,1.06,1.03,2026-04-14,1414,100,22.72
19.52555,98.78885,319.79,1.06,1.03,2026-04-14,1414,99,18.49
19.52678,99.6783,310.49,1.15,1.07,2026-04-14,1414,78,8.78
19.54642,95.86152,309.64,1.05,1.02,2026-04-14,1414,71,5.96
19.68724,99.61707,345.59,1.15,1.07,2026-04-14,1414,100,61.03
19.68863,99.62797,317.77,1.15,1.07,2026-04-14,1414,95,15.21
19.69661,99.61584,345.05,1.15,1.07,2026-04-14,1414,100,59.67
19.69798,99.6266,317.44,1.15,1.07,2026-04-14,1414,95,15.07
19.69946,99.58774,308.5,1.14,1.07,2026-04-14,1414,72,7.0
19.70075,99.59824,323.2,1.15,1.07,2026-04-14,1414,100,22.1
19.70822,102.46964,318.63,1.74,1.29,2026-04-14,1414,97,30.38
19.71004,102.48624,351.68,1.75,1.3,2026-04-14,1414,100,142.86
19.71011,99.59707,313.16,1.15,1.07,2026-04-14,1414,85,10.13
19.71307,102.30679,318.2,1.69,1.28,2026-04-14,1414,96,28.43
19.71948,102.46733,309.83,1.74,1.29,2026-04-14,1414,78,15.09
19.7211,102.48198,323.39,1.75,1.3,2026-04-14,1414,100,42.03
19.72208,99.61691,322.41,1.15,1.07,2026-04-14,1414,100,21.08
19.7262,99.49744,315.72,1.13,1.06,2026-04-14,1414,91,13.73
19.75547,99.50423,316.61,1.13,1.06,2026-04-14,1414,93,14.34
19.7561,97.74223,315.04,1.01,1.0,2026-04-14,1414,89,9.06
19.75674,99.51428,328.19,1.14,1.06,2026-04-14,1414,100,28.95
19.75735,97.75148,314.42,1.01,1.0,2026-04-14,1414,88,8.86
19.77153,99.63132,314.32,1.15,1.07,2026-04-14,1414,88,12.62
19.78089,99.62988,313.06,1.15,1.07,2026-04-14,1414,85,11.21
19.81271,99.6072,326.49,1.15,1.07,2026-04-14,1414,100,26.75
19.83618,94.0245,329.58,1.27,1.12,2026-04-14,1414,100,37.2
19.8376,94.01814,315.68,1.27,1.12,2026-04-14,1414,90,16.68
19.83941,94.02949,321.09,1.26,1.12,2026-04-14,1414,100,23.63
19.85973,99.67833,318.79,1.16,1.07,2026-04-14,1414,97,17.11
19.8691,99.67674,312.92,1.16,1.07,2026-04-14,1414,85,10.73
19.88124,99.69714,318.73,1.16,1.07,2026-04-14,1414,97,16.24
19.88512,99.6522,312.86,1.16,1.07,2026-04-14,1414,85,10.47
19.88647,99.66288,336.14,1.16,1.07,2026-04-14,1414,100,42.18
19.88788,99.67396,352.53,1.16,1.07,2026-04-14,1414,100,79.6
19.89151,99.65539,324.57,1.16,1.07,2026-04-14,1414,100,25.07
19.89177,93.85056,319.47,1.29,1.13,2026-04-14,1414,98,22.02
19.95345,99.69196,308.97,1.16,1.07,2026-04-14,1414,74,8.08
19.9679,96.60383,310.95,1.01,1.0,2026-04-14,1414,77,7.58
19.98028,99.67667,312.82,1.16,1.07,2026-04-14,1414,85,12.01
20.03749,102.76155,307.24,1.85,1.33,2026-04-14,1414,71,14.31
20.03779,98.47877,315.45,1.04,1.02,2026-04-14,1414,90,10.09
20.04677,98.47781,330.09,1.04,1.02,2026-04-14,1414,100,26.34
20.08828,102.71395,314.61,1.84,1.33,2026-04-14,1414,90,28.09
20.09914,98.52952,309.56,1.05,1.02,2026-04-14,1414,74,4.98
20.10048,98.53967,309.44,1.05,1.02,2026-04-14,1414,74,5.0
20.108,93.78265,312.78,1.3,1.13,2026-04-14,1414,81,14.08
20.14102,99.14073,308.43,1.1,1.05,2026-04-14,1414,72,9.49
20.2058,100.2485,309.84,1.25,1.11,2026-04-14,1414,78,10.02
20.20719,100.25999,327.99,1.26,1.11,2026-04-14,1414,100,33.66
20.21686,100.25788,317.74,1.26,1.11,2026-04-14,1414,96,18.82
20.24513,102.58202,312.27,1.81,1.32,2026-04-14,1414,84,22.41
20.28597,99.26198,308.77,1.12,1.05,2026-04-14,1414,73,8.64
20.2871,98.62864,309.18,1.06,1.03,2026-04-14,1414,70,5.98
20.33041,100.27337,316.57,1.26,1.12,2026-04-14,1414,93,16.6
20.33313,100.29566,315.01,1.27,1.12,2026-04-14,1414,90,13.77
20.33323,100.27821,317.53,1.26,1.12,2026-04-14,1414,91,17.21
20.37572,102.73135,311.36,1.86,1.33,2026-04-14,1414,78,24.31
20.53479,98.05364,312.76,1.03,1.01,2026-04-14,1414,86,10.0
20.54998,97.34414,306.88,1.0,1.0,2026-04-14,1414,70,7.03
20.61298,101.97453,307.37,1.65,1.26,2026-04-14,1414,71,12.13
20.66454,97.37746,308.66,1.0,1.0,2026-04-14,1414,75,7.85
20.66912,100.2847,308.08,1.28,1.12,2026-04-14,1414,73,9.29
20.67329,97.37606,310.75,1.0,1.0,2026-04-14,1414,81,9.24
20.76996,93.03286,310.54,1.41,1.18,2026-04-14,1414,75,13.39
20.77507,100.57336,310.98,1.33,1.14,2026-04-14,1414,81,13.21
20.77655,100.58595,314.2,1.34,1.15,2026-04-14,1414,89,17.14
20.77948,102.13181,311.46,1.7,1.28,2026-04-14,1414,83,18.46
20.78738,100.42059,345.96,1.31,1.13,2026-04-14,1414,100,77.3
20.78892,100.43333,324.37,1.31,1.13,2026-04-14,1414,100,30.14
20.79081,102.13103,312.94,1.7,1.28,2026-04-14,1414,86,20.88
20.7974,100.41988,336.96,1.31,1.13,2026-04-14,1414,100,54.17
20.79891,100.4323,314.8,1.31,1.13,2026-04-14,1414,90,16.63
20.86531,100.30625,316.99,1.29,1.13,2026-04-14,1414,94,18.95
20.86776,101.3793,311.4,1.51,1.21,2026-04-14,1414,82,16.88
20.86942,101.39412,335.9,1.51,1.21,2026-04-14,1414,100,65.95
20.91922,98.53265,309.13,1.06,1.03,2026-04-14,1414,77,6.83
21.02074,103.3098,310.91,2.1,1.41,2026-04-14,1414,81,26.66
21.05013,101.79533,324.34,1.62,1.25,2026-04-14,1414,100,44.29
21.0516,101.78783,315.9,1.62,1.25,2026-04-14,1414,92,27.29
21.13666,93.14069,317.26,1.37,1.16,2026-04-14,1414,94,19.07
21.14881,100.10747,307.45,1.26,1.12,2026-04-14,1414,71,9.02
21.15924,101.3372,321.65,1.51,1.21,2026-04-14,1414,100,33.65
21.24727,94.08783,314.98,1.2,1.09,2026-04-14,1414,88,13.11
21.3493,98.80637,312.03,1.1,1.04,2026-04-14,1414,84,11.31
21.35065,98.8173,307.07,1.1,1.04,2026-04-14,1414,70,7.23
21.37645,98.94952,311.12,1.11,1.05,2026-04-14,1414,82,11.54
21.37778,98.96033,324.06,1.11,1.05,2026-04-14,1414,100,25.15
21.42573,93.27458,308.22,1.33,1.14,2026-04-14,1414,72,8.7
21.45812,99.61975,308.02,1.2,1.09,2026-04-14,1414,73,9.36
21.46406,93.00367,318.03,1.38,1.16,2026-04-14,1414,96,21.55
21.46611,93.01624,323.37,1.38,1.16,2026-04-14,1414,100,29.83
21.5019,98.76938,312.83,1.1,1.04,2026-04-14,1414,71,10.2
21.6527,94.00072,308.64,1.2,1.09,2026-04-14,1414,72,6.99
21.79707,92.28254,315.79,1.52,1.22,2026-04-14,1414,91,22.52
21.86805,99.57042,307.23,1.2,1.09,2026-04-14,1414,71,9.03
21.87545,98.66702,309.37,1.09,1.04,2026-04-14,1414,77,8.97
21.8767,98.67685,306.98,1.09,1.04,2026-04-14,1414,70,7.42
21.88813,99.37652,315.99,1.18,1.08,2026-04-14,1414,92,18.03
21.92349,92.61115,310.16,1.44,1.19,2026-04-14,1414,78,13.33
21.93072,102.00421,309.64,1.73,1.29,2026-04-14,1414,78,17.6
22.02515,101.61469,311.39,1.63,1.26,2026-04-14,1414,82,21.07
22.11609,92.46236,307.55,1.46,1.19,2026-04-14,1414,70,10.56
22.1183,92.47563,308.85,1.46,1.19,2026-04-14,1414,74,12.25
22.28746,93.85428,309.15,1.2,1.09,2026-04-14,1414,73,7.06
22.34718,93.76875,309.23,1.21,1.09,2026-04-14,1414,74,8.83
22.5173,97.31046,309.29,1.01,1.01,2026-04-14,1414,77,6.94
22.52714,96.35987,320.16,1.0,1.0,2026-04-14,1414,100,14.04
22.52845,96.36926,317.55,1.0,1.0,2026-04-14,1414,95,11.97
22.5372,96.36784,311.03,1.0,1.0,2026-04-14,1414,80,6.7
22.59537,98.25518,308.12,1.07,1.03,2026-04-14,1414,74,8.73
22.62826,96.23042,317.71,1.0,1.0,2026-04-14,1414,95,12.28
22.6375,96.29653,311.55,1.0,1.0,2026-04-14,1414,81,7.38
22.65981,96.26385,314.01,1.0,1.0,2026-04-14,1414,87,9.14
22.83027,96.29115,307.24,1.0,1.0,2026-04-14,1414,70,5.72
22.93267,99.10476,322.5,1.17,1.08,2026-04-14,1414,100,25.13
22.93406,99.11602,318.8,1.17,1.08,2026-04-14,1414,97,20.64
22.98505,96.39832,307.55,1.0,1.0,2026-04-14,1414,70,7.1
23.0197,99.14281,308.39,1.18,1.08,2026-04-14,1414,74,10.74
23.02109,99.15411,307.29,1.18,1.08,2026-04-14,1414,71,9.87
23.06444,97.33401,313.69,1.02,1.01,2026-04-14,1414,88,11.39
23.06569,97.34344,309.04,1.02,1.01,2026-04-14,1414,76,7.74
23.10968,97.25137,308.02,1.02,1.01,2026-04-14,1414,73,7.83
23.14672,97.67192,307.3,1.04,1.02,2026-04-14,1414,71,6.97
23.23583,96.75118,309.23,1.0,1.0,2026-04-14,1416,76,6.94
23.31273,97.89232,320.96,1.05,1.03,2026-04-14,1416,100,19.45
23.31403,97.90234,312.17,1.05,1.03,2026-04-14,1416,84,11.21
24.03582,96.39993,309.87,1.0,1.0,2026-04-14,1416,79,8.15
24.21013,97.71285,310.95,1.06,1.03,2026-04-14,1416,81,12.13
24.36723,97.93588,313.84,1.08,1.04,2026-04-14,1416,88,14.76
24.44951,96.79765,310.39,1.01,1.0,2026-04-14,1416,80,8.5
25.51412,90.70504,307.89,1.66,1.27,2026-04-14,1416,73,14.92
27.72769,102.21095,316.56,2.15,1.43,2026-04-14,1416,93,46.82
-34.24413,19.75948,351.5,1.02,1.01,2026-04-14,1418,96,64.01
-34.24263,19.77028,316.08,1.02,1.01,2026-04-14,1418,74,10.92
-34.02495,24.5966,314.31,1.3,1.13,2026-04-14,1418,70,13.17
-33.44971,18.7624,321.84,1.06,1.03,2026-04-14,1418,80,16.26
-33.21684,18.50292,315.57,1.08,1.04,2026-04-14,1418,72,9.34
-32.87816,18.49545,316.68,1.07,1.03,2026-04-14,1418,72,11.46
-32.87416,18.23952,333.79,1.09,1.04,2026-04-14,1418,87,33.5
-32.60797,18.86197,324.02,1.04,1.02,2026-04-14,1418,78,17.88
-32.59897,18.86026,323.45,1.04,1.02,2026-04-14,1418,77,17.2
44.27904,87.2554,328.54,1.17,1.07,2026-04-14,1422,100,38.09
44.28144,87.26936,309.1,1.16,1.07,2026-04-14,1422,76,15.19
46.5278,81.53933,320.66,1.95,1.36,2026-04-14,1422,100,58.24
-4.93219,12.08392,318.29,1.08,1.04,2026-04-14,1427,73,11.16
-4.8595,12.00887,318.11,1.08,1.04,2026-04-14,1427,72,10.74
-4.85812,12.01837,340.18,1.08,1.04,2026-04-14,1427,91,41.74
-4.51204,12.04886,320.52,1.07,1.03,2026-04-14,1427,77,14.11
-4.09631,18.01774,325.55,1.61,1.25,2026-04-14,1427,80,31.38
-4.09517,18.0119,321.43,1.61,1.25,2026-04-14,1427,76,22.78
-3.90892,15.15172,318.22,1.08,1.04,2026-04-14,1427,72,11.73
-3.77878,15.78257,318.95,1.16,1.07,2026-04-14,1427,72,13.41
-3.75696,17.03947,318.68,1.39,1.17,2026-04-14,1427,72,16.5
-3.75514,17.05164,322.0,1.39,1.17,2026-04-14,1427,76,22.07
-3.58612,17.08832,325.04,1.4,1.17,2026-04-14,1427,79,25.03
-3.58567,17.08266,323.71,1.4,1.17,2026-04-14,1427,78,23.71
-3.47568,15.14186,326.2,1.09,1.04,2026-04-14,1427,73,24.02
-3.39073,15.94738,320.12,1.2,1.09,2026-04-14,1427,74,15.09
-3.29766,15.40545,331.2,1.12,1.06,2026-04-14,1427,85,30.15
-3.29617,15.41537,354.1,1.13,1.06,2026-04-14,1427,97,78.6
-3.29442,14.43608,315.99,1.04,1.02,2026-04-14,1427,71,7.93
-3.29309,14.44508,321.6,1.04,1.02,2026-04-14,1427,77,13.35
-3.28694,15.41383,332.14,1.13,1.06,2026-04-14,1427,86,31.87
-3.13584,14.81711,335.56,1.07,1.03,2026-04-14,1427,88,31.98
-3.12681,14.81582,329.26,1.07,1.03,2026-04-14,1427,70,22.19
-3.06999,16.14634,317.48,1.24,1.11,2026-04-14,1427,71,13.47
-3.06984,17.42542,320.54,1.51,1.21,2026-04-14,1427,75,21.86
-3.01995,16.14986,318.32,1.24,1.11,2026-04-14,1427,72,13.91
-2.94144,15.9235,332.28,1.21,1.09,2026-04-14,1427,85,34.88
-2.90996,15.91349,322.45,1.21,1.09,2026-04-14,1427,70,16.64
-2.76534,14.69892,372.56,1.06,1.03,2026-04-14,1427,100,127.61
-2.67046,16.01746,346.82,1.23,1.1,2026-04-14,1427,94,65.61
-2.6562,14.87778,329.63,1.08,1.04,2026-04-14,1427,84,23.0
-2.58999,17.99021,330.45,1.7,1.28,2026-04-14,1427,79,50.75
-2.47902,15.86638,319.19,1.22,1.1,2026-04-14,1427,74,17.92
-2.47526,15.85904,327.69,1.22,1.1,2026-04-14,1427,83,29.28
-2.43061,15.96196,320.55,1.23,1.1,2026-04-14,1427,72,15.88
-2.20496,16.03734,358.91,1.25,1.11,2026-04-14,1427,99,104.92
-2.10971,15.99531,316.95,1.25,1.11,2026-04-14,1429,74,13.37
-1.96289,10.98302,315.34,1.13,1.06,2026-04-14,1429,73,9.96
-1.96238,9.86807,327.71,1.3,1.13,2026-04-14,1429,83,31.64
-1.88664,15.14584,326.41,1.13,1.06,2026-04-14,1429,81,19.91
-1.87737,15.14447,323.63,1.13,1.06,2026-04-14,1429,79,16.07
-1.69014,14.85006,324.56,1.1,1.05,2026-04-14,1429,78,16.42
-1.522,14.48494,322.16,1.07,1.03,2026-04-14,1429,75,12.77
-1.43942,14.79046,327.49,1.1,1.05,2026-04-14,1429,80,19.3
-1.43799,14.8,341.27,1.1,1.05,2026-04-14,1429,90,42.88
-1.43149,14.79316,333.7,1.1,1.05,2026-04-14,1429,85,28.03
-1.43009,14.80277,325.08,1.1,1.05,2026-04-14,1429,78,15.83
-1.40774,16.22376,331.35,1.32,1.14,2026-04-14,1429,84,36.53
-1.40711,16.22971,327.82,1.32,1.14,2026-04-14,1429,81,29.61
-1.40599,16.23525,319.81,1.32,1.14,2026-04-14,1429,73,16.34
-1.28364,14.78447,325.63,1.1,1.05,2026-04-14,1429,78,18.18
-1.2699,14.9406,320.41,1.12,1.06,2026-04-14,1429,72,11.47
-1.2375,13.97038,326.32,1.03,1.02,2026-04-14,1429,80,18.33
-1.13905,15.07666,320.8,1.14,1.07,2026-04-14,1429,73,12.54
-1.0849,14.44673,328.64,1.07,1.03,2026-04-14,1429,82,19.91
-1.0651,14.77341,321.62,1.11,1.05,2026-04-14,1429,74,13.65
-0.90522,14.16258,326.75,1.05,1.02,2026-04-14,1429,75,16.74
-0.88595,14.16901,326.75,1.05,1.02,2026-04-14,1429,80,16.39
-0.85236,14.32701,319.89,1.07,1.03,2026-04-14,1429,72,9.14
-0.7027,15.29085,321.29,1.19,1.08,2026-04-14,1429,74,15.59
0.36617,9.60064,342.88,1.26,1.11,2026-04-14,1429,92,57.08
0.36777,9.61158,333.56,1.26,1.11,2026-04-14,1429,87,36.67
0.37591,9.59918,331.89,1.26,1.11,2026-04-14,1429,86,33.58
0.37751,9.61012,324.04,1.26,1.11,2026-04-14,1429,80,20.56
3.59306,10.69546,337.12,1.04,1.02,2026-04-14,1429,89,36.15
4.73269,7.8567,329.52,1.42,1.18,2026-04-14,1429,83,34.34
4.74127,7.86259,323.69,1.42,1.18,2026-04-14,1429,79,24.5
4.89173,10.97172,332.09,1.01,1.0,2026-04-14,1429,85,25.77
5.13715,7.09071,328.15,1.59,1.24,2026-04-14,1429,82,37.9
5.25185,7.09559,318.13,1.58,1.24,2026-04-14,1429,71,17.45
5.25742,7.80209,328.36,1.4,1.17,2026-04-14,1429,82,38.94
5.29616,6.99706,317.89,1.6,1.25,2026-04-14,1429,71,18.4
5.31813,6.77523,320.54,1.67,1.27,2026-04-14,1429,74,22.12
5.329,7.5303,337.67,1.46,1.2,2026-04-14,1429,89,54.28
5.3888,7.59227,317.66,1.45,1.19,2026-04-14,1429,71,15.31
5.98893,6.48551,321.08,1.71,1.28,2026-04-14,1429,73,25.71
6.02418,6.49008,338.58,1.7,1.28,2026-04-14,1429,89,72.66
6.1383,5.90214,328.69,1.89,1.34,2026-04-14,1429,81,47.92
6.14999,5.90027,332.62,1.89,1.34,2026-04-14,1429,85,61.4
6.17705,5.99598,326.18,1.85,1.33,2026-04-14,1429,79,39.22
6.3983,5.94172,328.2,1.85,1.33,2026-04-14,1429,81,48.31
6.40091,5.95785,331.05,1.85,1.33,2026-04-14,1429,83,56.54
6.43386,6.1618,325.18,1.78,1.31,2026-04-14,1429,78,38.43
6.43634,6.17717,326.13,1.77,1.3,2026-04-14,1429,79,41.61
6.53052,6.04589,325.31,1.81,1.32,2026-04-14,1429,78,40.22
6.53299,6.06136,328.29,1.8,1.32,2026-04-14,1429,81,48.22
6.54345,5.97883,342.73,1.83,1.32,2026-04-14,1429,91,99.6
6.59319,5.93145,324.0,1.84,1.33,2026-04-14,1429,77,35.63
6.78069,14.96636,328.85,1.43,1.18,2026-04-14,1429,80,30.67
7.05584,6.08376,325.0,1.76,1.3,2026-04-14,1429,75,34.1
7.17201,10.26078,333.84,1.02,1.01,2026-04-14,1429,82,15.08
7.30752,12.2017,322.2,1.04,1.02,2026-04-14,1429,77,15.14
8.29739,15.68878,334.57,1.71,1.28,2026-04-14,1429,78,30.14
6.94948,3.82949,321.07,2.68,1.57,2026-04-14,1431,73,41.67
6.96075,3.84472,333.61,2.66,1.57,2026-04-14,1431,85,104.98
8.03675,6.52079,332.71,1.57,1.23,2026-04-14,1431,82,35.16
8.53166,5.49887,328.5,1.83,1.33,2026-04-14,1431,76,34.48
9.38112,13.07052,339.79,1.18,1.08,2026-04-14,1431,82,23.64
11.65538,14.76742,335.43,1.64,1.26,2026-04-14,1431,76,43.84
14.0725,10.94469,346.05,1.05,1.03,2026-04-14,1431,88,33.78
40.46043,-3.62396,326.29,1.66,1.27,2026-04-14,1440,78,37.96
57.3502,-4.07087,332.62,1.0,1.0,2026-04-14,1444,88,33.68
57.35252,-4.05498,318.96,1.0,1.0,2026-04-14,1444,79,18.02
40.60934,-75.31949,314.06,1.59,1.24,2026-04-14,1446,70,16.8
40.94815,-89.52151,333.09,2.25,1.45,2026-04-14,1446,87,93.34
40.9487,-89.5274,338.55,2.25,1.45,2026-04-14,1446,80,120.72
40.94985,-89.54758,322.07,2.26,1.46,2026-04-14,1446,80,49.73
32.68477,-83.04214,319.43,1.0,1.0,2026-04-14,1448,76,14.21
33.14342,-82.2731,316.16,1.03,1.01,2026-04-14,1448,72,10.88
33.14504,-82.28371,324.43,1.02,1.01,2026-04-14,1448,81,18.96
33.50154,-83.13809,322.09,1.0,1.0,2026-04-14,1448,79,18.05
33.65675,-81.9939,319.49,1.03,1.01,2026-04-14,1448,76,14.11
33.6656,-81.99202,342.28,1.03,1.01,2026-04-14,1448,92,46.0
33.75188,-79.24409,317.6,1.32,1.14,2026-04-14,1448,70,18.3
33.75428,-79.25774,326.39,1.32,1.14,2026-04-14,1448,82,31.6
33.76175,-79.24162,326.91,1.32,1.14,2026-04-14,1448,80,32.07
33.76415,-79.25529,354.06,1.32,1.14,2026-04-14,1448,97,100.32
34.87521,-84.32263,315.91,1.04,1.02,2026-04-14,1448,73,10.99
34.93057,-83.04017,331.55,1.0,1.0,2026-04-14,1448,86,28.17
36.11863,-83.75789,313.51,1.03,1.01,2026-04-14,1448,74,10.76
37.93795,-79.82851,336.06,1.09,1.04,2026-04-14,1448,89,38.28
37.94294,-79.80134,330.0,1.09,1.04,2026-04-14,1448,74,27.71
37.96104,-79.79688,327.74,1.09,1.04,2026-04-14,1448,84,25.46
28.69705,-81.77471,320.31,1.17,1.08,2026-04-14,1450,72,14.92
28.70091,-81.97486,329.05,1.15,1.07,2026-04-14,1450,84,23.36
28.7102,-81.97295,324.36,1.15,1.07,2026-04-14,1450,80,17.63
29.3567,-82.29613,318.36,1.1,1.04,2026-04-14,1450,73,12.45
30.46089,-88.67709,328.56,1.47,1.2,2026-04-14,1450,84,41.7
30.50772,-81.67168,318.65,1.12,1.06,2026-04-14,1450,74,14.0
30.70608,-84.18841,324.85,1.0,1.0,2026-04-14,1450,80,19.08
30.71231,-83.79244,316.22,1.0,1.0,2026-04-14,1450,70,8.84
30.72105,-83.79078,328.23,1.0,1.0,2026-04-14,1450,83,20.99
30.73402,-84.06893,324.77,1.0,1.0,2026-04-14,1450,80,17.91
30.77007,-83.17233,318.27,1.02,1.01,2026-04-14,1450,73,10.75
31.05763,-81.97225,319.47,1.08,1.04,2026-04-14,1450,74,14.38
31.25677,-84.50488,321.26,1.01,1.0,2026-04-14,1450,70,13.14
32.03522,-82.41556,327.14,1.03,1.02,2026-04-14,1450,82,19.76
32.34095,-84.81676,318.11,1.03,1.01,2026-04-14,1450,74,14.2
32.45854,-84.79389,328.72,1.03,1.01,2026-04-14,1450,84,24.55
32.45995,-84.80453,315.2,1.03,1.01,2026-04-14,1450,71,10.34
22.40412,-83.8507,332.31,1.12,1.06,2026-04-14,1452,85,30.92
22.40577,-83.86141,358.59,1.12,1.05,2026-04-14,1452,99,90.7
22.41335,-83.84915,330.37,1.12,1.06,2026-04-14,1452,83,26.95
22.41496,-83.85959,365.11,1.12,1.05,2026-04-14,1452,100,111.8
22.41944,-83.84159,326.53,1.12,1.06,2026-04-14,1452,80,21.52
22.42109,-83.85201,366.95,1.12,1.05,2026-04-14,1452,100,119.2
22.42272,-83.86233,341.11,1.12,1.05,2026-04-14,1452,91,48.75
22.4995,-84.05161,319.54,1.1,1.04,2026-04-14,1452,72,14.18
22.50743,-84.10286,323.95,1.09,1.04,2026-04-14,1452,78,18.38
22.50864,-84.05006,338.89,1.1,1.04,2026-04-14,1452,89,39.33
22.51022,-84.0603,337.23,1.1,1.04,2026-04-14,1452,88,36.18
22.51777,-84.04849,355.36,1.1,1.04,2026-04-14,1452,98,75.21
22.52532,-84.03659,334.23,1.1,1.05,2026-04-14,1452,81,31.05
22.85922,-83.33216,327.61,1.17,1.08,2026-04-14,1452,82,22.34
22.86862,-83.33042,317.68,1.17,1.08,2026-04-14,1452,71,9.21
26.50076,-80.92705,338.96,1.41,1.17,2026-04-14,1452,90,59.57
26.81597,-81.19891,319.61,1.34,1.15,2026-04-14,1452,71,18.63
26.89249,-81.16364,326.95,1.34,1.15,2026-04-14,1452,81,31.17
11.25105,-85.66773,327.48,1.23,1.1,2026-04-14,1454,83,24.58
11.25273,-85.67859,325.55,1.23,1.1,2026-04-14,1454,82,21.07
11.98407,-86.16744,327.99,1.13,1.06,2026-04-14,1454,81,25.99
13.20858,-88.27309,324.1,1.0,1.0,2026-04-14,1454,72,15.84
13.24688,-87.3835,362.07,1.01,1.01,2026-04-14,1454,100,81.52
13.24821,-87.39257,371.26,1.01,1.01,2026-04-14,1454,100,110.25
13.70353,-86.60016,324.14,1.05,1.02,2026-04-14,1454,72,16.7
13.70493,-86.60952,361.24,1.05,1.02,2026-04-14,1454,100,89.81
13.72346,-86.54912,316.09,1.06,1.03,2026-04-14,1454,70,12.93
13.73133,-88.64455,321.55,1.01,1.01,2026-04-14,1454,72,12.68
13.91707,-90.07139,321.63,1.13,1.06,2026-04-14,1454,71,10.46
13.91708,-89.38639,349.39,1.06,1.03,2026-04-14,1454,95,55.26
13.92611,-89.38523,324.58,1.06,1.03,2026-04-14,1454,76,13.73
13.96137,-90.88371,333.6,1.24,1.11,2026-04-14,1454,84,32.3
13.98662,-86.70091,317.61,1.04,1.02,2026-04-14,1454,74,10.83
13.99072,-86.72849,327.19,1.04,1.02,2026-04-14,1454,83,20.37
14.01756,-90.91524,342.04,1.25,1.11,2026-04-14,1454,90,52.65
14.01901,-90.92651,325.64,1.25,1.11,2026-04-14,1454,75,20.23
14.20036,-87.21712,338.55,1.01,1.01,2026-04-14,1454,90,37.51
14.22693,-90.80565,324.9,1.24,1.11,2026-04-14,1454,75,20.41
14.37257,-89.89256,322.2,1.12,1.05,2026-04-14,1454,72,14.55
15.13515,-89.33104,319.35,1.07,1.03,2026-04-14,1454,76,10.92
15.92591,-92.16262,322.79,1.61,1.25,2026-04-14,1454,76,23.65
18.3164,-88.32764,320.52,1.05,1.02,2026-04-14,1454,75,12.82
18.6464,-90.97353,322.1,1.45,1.19,2026-04-14,1454,77,20.33
19.74386,-88.81217,330.42,1.12,1.06,2026-04-14,1454,84,29.04
10.27192,77.32964,314.1,1.21,1.09,2026-04-14,1550,74,16.46
11.42214,76.60446,337.0,1.14,1.06,2026-04-14,1552,100,48.1
11.49324,76.58863,347.17,1.14,1.06,2026-04-14,1552,100,69.59
11.49454,76.59861,335.9,1.14,1.06,2026-04-14,1552,100,46.0
11.49715,76.61874,321.29,1.14,1.07,2026-04-14,1552,100,23.95
11.49849,76.6291,317.35,1.14,1.07,2026-04-14,1552,94,19.22
11.70848,77.16535,314.63,1.23,1.1,2026-04-14,1552,88,16.01
13.90373,79.11478,310.42,1.8,1.31,2026-04-14,1552,72,15.18
13.91513,79.11214,310.3,1.8,1.31,2026-04-14,1552,71,14.3
13.93824,79.10966,313.18,1.8,1.31,2026-04-14,1552,72,18.16
13.95179,79.12521,312.16,1.8,1.32,2026-04-14,1552,78,16.93
13.95388,79.14268,313.67,1.81,1.32,2026-04-14,1552,83,19.28
13.95575,79.15848,313.92,1.81,1.32,2026-04-14,1552,84,20.37
14.00116,79.06451,315.12,1.79,1.31,2026-04-14,1552,87,20.68
14.01269,79.06336,314.63,1.79,1.31,2026-04-14,1552,86,19.69
14.03779,79.07792,314.2,1.79,1.31,2026-04-14,1552,85,18.23
14.03963,79.09347,334.1,1.8,1.31,2026-04-14,1552,100,70.43
14.0416,79.11,320.24,1.8,1.32,2026-04-14,1552,100,32.82
14.0493,79.07644,313.66,1.79,1.31,2026-04-14,1552,83,18.2
14.0512,79.09229,341.32,1.8,1.31,2026-04-14,1552,100,97.89
14.05322,79.10911,311.23,1.8,1.32,2026-04-14,1552,74,15.45
14.34982,78.9157,314.12,1.76,1.3,2026-04-14,1552,83,17.55
15.51252,78.78653,315.5,1.79,1.31,2026-04-14,1552,88,23.46
19.0187,73.87044,309.87,1.03,1.02,2026-04-14,1554,71,6.97
19.37193,71.35274,315.15,1.04,1.02,2026-04-14,1554,87,10.22
19.56512,71.34811,311.66,1.04,1.02,2026-04-14,1554,76,7.27
19.56651,71.35773,318.66,1.04,1.02,2026-04-14,1554,96,13.47
19.59236,80.70053,309.35,2.88,1.62,2026-04-14,1554,71,22.7
21.89417,70.6573,322.54,1.05,1.02,2026-04-14,1554,100,17.7
21.99232,79.36458,312.3,2.46,1.51,2026-04-14,1554,83,37.68
22.07271,79.39553,320.36,2.48,1.52,2026-04-14,1554,100,65.26
22.07939,79.32453,315.22,2.45,1.51,2026-04-14,1554,90,46.22
22.13158,76.51884,322.77,1.52,1.22,2026-04-14,1554,100,31.85
22.87576,75.71137,318.29,1.38,1.16,2026-04-14,1554,96,22.87
22.92238,70.10668,311.58,1.08,1.04,2026-04-14,1554,74,7.74
22.92749,76.17101,315.8,1.48,1.2,2026-04-14,1554,91,19.85
22.92906,76.18507,318.31,1.48,1.2,2026-04-14,1554,96,24.18
23.00363,76.22614,309.28,1.49,1.21,2026-04-14,1554,73,11.07
23.07907,77.47733,311.41,1.83,1.33,2026-04-14,1554,80,21.93
23.1731,77.62032,309.58,1.89,1.34,2026-04-14,1554,75,19.01
23.1849,77.61887,316.61,1.89,1.34,2026-04-14,1554,93,32.63
23.19032,76.40083,310.38,1.54,1.22,2026-04-14,1554,76,11.29
23.2312,76.9714,318.45,1.69,1.28,2026-04-14,1554,97,30.83
23.28237,75.69888,313.09,1.39,1.17,2026-04-14,1554,84,15.31
23.29004,75.69128,314.64,1.39,1.17,2026-04-14,1554,88,17.85
23.29151,75.70458,313.65,1.39,1.17,2026-04-14,1554,86,17.08
23.29262,75.6975,314.14,1.39,1.17,2026-04-14,1554,87,17.14
23.2941,76.60802,309.24,1.6,1.25,2026-04-14,1554,74,11.96
23.2958,76.62328,309.27,1.6,1.25,2026-04-14,1554,74,11.99
23.29767,76.61739,315.4,1.6,1.25,2026-04-14,1554,90,20.33
23.32676,75.74033,316.83,1.4,1.17,2026-04-14,1554,93,22.22
23.32929,75.57942,310.5,1.37,1.16,2026-04-14,1554,77,12.59
23.33079,75.59248,309.07,1.37,1.16,2026-04-14,1554,72,11.1
23.33157,76.07243,309.83,1.47,1.2,2026-04-14,1554,75,12.25
23.33308,76.08646,308.65,1.48,1.2,2026-04-14,1554,71,10.82
23.33404,75.71236,315.72,1.4,1.17,2026-04-14,1554,91,20.13
23.33554,75.72562,317.13,1.4,1.17,2026-04-14,1554,94,22.3
23.33669,76.07826,315.69,1.47,1.2,2026-04-14,1554,91,19.25
23.33853,75.75217,311.18,1.4,1.17,2026-04-14,1554,79,14.34
23.34215,75.07372,313.15,1.28,1.12,2026-04-14,1554,84,13.3
23.40427,75.61645,312.85,1.38,1.16,2026-04-14,1554,84,15.84
23.43339,75.5992,313.31,1.38,1.16,2026-04-14,1554,85,15.81
23.44488,75.98082,308.58,1.46,1.19,2026-04-14,1554,71,12.02
23.44934,76.76402,309.86,1.65,1.26,2026-04-14,1554,71,12.76
23.5089,75.82658,316.54,1.43,1.18,2026-04-14,1554,93,21.15
23.58298,75.39552,314.62,1.34,1.15,2026-04-14,1554,88,18.61
23.67368,76.30119,317.37,1.54,1.22,2026-04-14,1554,94,25.4
23.72432,77.42619,311.81,1.86,1.33,2026-04-14,1554,82,23.01
23.73184,75.45463,314.7,1.36,1.16,2026-04-14,1554,88,17.54
23.75214,77.50754,310.16,1.89,1.34,2026-04-14,1554,78,19.47
23.77456,75.84229,308.41,1.44,1.19,2026-04-14,1554,70,12.19
23.82011,75.68446,316.5,1.41,1.18,2026-04-14,1554,92,20.77
23.8861,77.34055,322.42,1.84,1.33,2026-04-14,1554,100,44.55
23.95711,79.30838,310.23,2.58,1.54,2026-04-14,1554,79,34.55
23.9584,77.81386,315.52,2.0,1.38,2026-04-14,1554,91,34.6
24.17858,79.44948,307.38,2.66,1.57,2026-04-14,1554,70,24.12
24.95192,76.94342,314.33,1.78,1.31,2026-04-14,1554,87,24.73
24.98097,76.564,318.38,1.68,1.27,2026-04-14,1554,96,30.38
25.00167,77.31416,309.25,1.9,1.35,2026-04-14,1554,73,17.14
25.40172,76.66322,308.19,1.73,1.29,2026-04-14,1554,71,14.46
38.05612,67.26769,308.05,1.01,1.0,2026-04-14,1558,73,10.39
49.41096,63.30515,308.91,1.01,1.0,2026-04-14,1603,76,11.29
49.41291,63.31849,313.98,1.01,1.0,2026-04-14,1603,88,14.96
55.95219,61.78338,310.85,1.0,1.0,2026-04-14,1605,73,13.68
55.95427,61.79884,342.28,1.0,1.0,2026-04-14,1605,100,51.44
55.96291,61.79509,317.03,1.0,1.0,2026-04-14,1605,94,19.17
57.94818,60.0496,331.78,1.0,1.0,2026-04-14,1605,100,36.42
57.95045,60.06574,308.02,1.0,1.0,2026-04-14,1605,73,13.44
57.98821,58.90511,308.88,1.01,1.0,2026-04-14,1605,76,13.11
6.7974,-11.28574,331.25,1.14,1.06,2026-04-14,1609,84,28.61
6.80244,-11.31694,330.6,1.14,1.06,2026-04-14,1609,83,26.89
6.92685,-11.36189,343.31,1.13,1.06,2026-04-14,1609,92,51.54
6.93232,-11.36841,321.92,1.13,1.06,2026-04-14,1609,77,16.04
6.93371,-11.35849,325.86,1.13,1.06,2026-04-14,1609,76,21.26
7.0094,-11.35929,317.54,1.14,1.06,2026-04-14,1609,71,10.98
7.01009,-11.42011,317.64,1.13,1.06,2026-04-14,1609,71,11.67
7.04042,-11.21029,318.69,1.16,1.07,2026-04-14,1609,73,12.24
7.04067,-11.25812,316.29,1.15,1.07,2026-04-14,1609,70,9.75
7.04189,-11.20014,349.68,1.16,1.07,2026-04-14,1609,95,68.41
7.23584,-11.45168,319.6,1.13,1.06,2026-04-14,1609,71,16.42
7.28664,-11.16111,343.31,1.17,1.08,2026-04-14,1609,82,54.27
7.44988,-11.57569,322.21,1.12,1.06,2026-04-14,1609,76,15.26
7.69245,-12.3243,322.18,1.05,1.02,2026-04-14,1609,75,20.43
7.72771,-12.652,390.7,1.03,1.01,2026-04-14,1609,100,201.29
7.72902,-12.64296,334.71,1.03,1.01,2026-04-14,1609,87,27.16
7.73527,-12.66234,328.26,1.03,1.01,2026-04-14,1609,82,17.78
7.73657,-12.65332,416.27,1.03,1.01,2026-04-14,1609,100,371.61
7.73789,-12.64427,325.57,1.03,1.01,2026-04-14,1609,76,14.74
7.78651,-12.57473,321.86,1.04,1.02,2026-04-14,1609,75,12.1
7.82439,-12.62665,390.42,1.03,1.02,2026-04-14,1609,75,203.22
7.8257,-12.61758,328.3,1.03,1.02,2026-04-14,1609,77,20.66
7.93904,-12.34089,320.68,1.06,1.03,2026-04-14,1609,73,11.89
7.95633,-12.74157,322.07,1.03,1.01,2026-04-14,1609,74,13.21
8.17611,-12.74946,321.15,1.03,1.01,2026-04-14,1609,71,12.6
8.17619,-11.39358,320.38,1.17,1.07,2026-04-14,1609,72,14.99
8.27291,-11.74729,319.46,1.12,1.06,2026-04-14,1609,70,11.89
8.28803,-12.03631,323.57,1.09,1.04,2026-04-14,1609,76,14.42
8.2894,-12.02674,324.0,1.09,1.04,2026-04-14,1609,76,14.38
8.37988,-12.6807,326.45,1.04,1.02,2026-04-14,1609,78,17.85
8.49377,-12.07473,328.22,1.09,1.04,2026-04-14,1609,81,20.45
8.49512,-12.06515,324.23,1.09,1.04,2026-04-14,1609,76,13.54
8.57172,-13.14103,341.53,1.02,1.01,2026-04-14,1609,78,39.11
8.62866,-12.8098,335.07,1.03,1.02,2026-04-14,1609,85,29.88
8.64047,-12.72796,321.4,1.04,1.02,2026-04-14,1609,70,11.39
8.65111,-12.98562,339.35,1.02,1.01,2026-04-14,1609,88,36.01
8.7121,-12.2937,334.62,1.07,1.03,2026-04-14,1609,85,26.67
8.71346,-12.28426,335.34,1.07,1.03,2026-04-14,1609,86,27.94
8.83376,-12.73149,324.67,1.04,1.02,2026-04-14,1609,75,16.11
8.99859,-12.55158,322.76,1.06,1.03,2026-04-14,1609,73,11.34
9.02162,-12.00527,324.47,1.11,1.05,2026-04-14,1609,71,14.19
9.02301,-11.9955,339.51,1.11,1.05,2026-04-14,1609,89,39.02
9.03615,-11.83652,338.05,1.13,1.06,2026-04-14,1609,88,37.85
9.09589,-11.86143,332.66,1.13,1.06,2026-04-14,1609,84,26.91
9.09727,-11.85155,320.0,1.13,1.06,2026-04-14,1609,70,9.3
9.13372,-13.08763,324.27,1.02,1.01,2026-04-14,1609,72,13.88
9.15674,-12.15638,337.42,1.1,1.04,2026-04-14,1609,87,34.76
9.15812,-12.1466,331.89,1.1,1.05,2026-04-14,1609,83,26.11
9.2138,-11.88528,323.95,1.13,1.06,2026-04-14,1609,75,16.84
9.21521,-11.87529,349.9,1.13,1.06,2026-04-14,1609,95,65.81
9.23113,-12.6645,324.44,1.05,1.02,2026-04-14,1609,74,14.81
9.26929,-12.85503,330.85,1.04,1.02,2026-04-14,1609,81,19.36
9.28568,-12.35357,326.76,1.08,1.04,2026-04-14,1609,77,12.76
9.31514,-13.17277,327.86,1.02,1.01,2026-04-14,1609,77,16.82
9.32194,-12.35886,356.06,1.08,1.04,2026-04-14,1609,98,69.73
9.32464,-12.33981,325.06,1.08,1.04,2026-04-14,1609,75,9.28
9.38008,-12.59425,333.61,1.06,1.03,2026-04-14,1609,84,24.06
9.38141,-12.58493,337.04,1.06,1.03,2026-04-14,1609,86,29.85
9.38929,-12.21235,325.86,1.1,1.04,2026-04-14,1609,76,11.28
9.4073,-12.99018,328.36,1.03,1.02,2026-04-14,1609,77,17.83
9.40861,-12.98108,360.04,1.03,1.02,2026-04-14,1609,100,80.18
9.43712,-12.84547,332.33,1.04,1.02,2026-04-14,1609,82,22.94
9.44984,-12.56342,327.0,1.06,1.03,2026-04-14,1609,76,16.04
9.46316,-12.97986,327.08,1.03,1.02,2026-04-14,1609,76,16.32
9.46802,-13.14353,324.17,1.02,1.01,2026-04-14,1609,71,12.38
9.4705,-12.22001,325.15,1.1,1.04,2026-04-14,1609,75,10.98
9.52539,-12.7419,326.05,1.05,1.02,2026-04-14,1609,75,11.41
9.56905,-13.27548,330.45,1.02,1.01,2026-04-14,1609,80,19.7
9.57034,-13.26651,331.6,1.02,1.01,2026-04-14,1609,81,21.66
9.5812,-11.96344,326.59,1.13,1.06,2026-04-14,1609,76,16.54
9.6173,-13.19113,343.93,1.02,1.01,2026-04-14,1609,91,44.16
9.61866,-13.1819,325.71,1.02,1.01,2026-04-14,1609,74,16.61
9.61892,-11.89783,345.98,1.14,1.06,2026-04-14,1609,92,54.2
9.72806,-11.1306,339.75,1.26,1.11,2026-04-14,1609,89,48.95
9.73086,-11.12521,330.5,1.26,1.12,2026-04-14,1609,82,30.11
9.73373,-11.24939,325.55,1.24,1.11,2026-04-14,1609,76,21.76
9.97943,-11.61924,323.64,1.19,1.08,2026-04-14,1609,73,16.18
10.11124,-13.10783,330.5,1.03,1.02,2026-04-14,1609,79,20.45
10.19004,-12.87448,333.47,1.05,1.02,2026-04-14,1609,83,18.81
10.20013,-12.67518,330.35,1.07,1.03,2026-04-14,1609,80,12.38
10.22668,-12.8763,330.55,1.05,1.02,2026-04-14,1609,80,15.9
10.32211,-13.68971,325.94,1.01,1.0,2026-04-14,1609,74,11.48
10.3234,-13.68086,325.88,1.01,1.0,2026-04-14,1609,73,11.54
10.34164,-12.12045,325.17,1.13,1.06,2026-04-14,1609,72,15.14
10.35954,-12.78816,324.81,1.06,1.03,2026-04-14,1609,73,9.23
10.36474,-12.22472,330.55,1.12,1.05,2026-04-14,1609,80,26.83
10.45078,-11.32395,323.62,1.25,1.11,2026-04-14,1609,72,18.28
10.4813,-13.41831,332.33,1.02,1.01,2026-04-14,1609,82,21.11
10.48261,-13.40923,369.52,1.02,1.01,2026-04-14,1609,100,106.55
10.49014,-13.4195,327.59,1.02,1.01,2026-04-14,1609,76,14.68
10.49145,-13.41046,352.96,1.02,1.01,2026-04-14,1609,96,59.05
10.51173,-12.82283,326.24,1.06,1.03,2026-04-14,1609,75,10.83
10.59151,-13.68545,339.03,1.01,1.01,2026-04-14,1609,87,30.18
10.60028,-13.68681,328.68,1.01,1.01,2026-04-14,1609,77,15.31
10.6805,-13.19164,325.57,1.04,1.02,2026-04-14,1609,72,12.56
10.70252,-13.35313,332.81,1.03,1.01,2026-04-14,1609,82,19.63
10.71296,-11.92475,327.61,1.17,1.08,2026-04-14,1609,75,16.89
10.71326,-13.3512,329.32,1.03,1.01,2026-04-14,1609,77,16.54
10.72728,-13.31623,334.03,1.03,1.01,2026-04-14,1609,83,21.64
10.75047,-12.76478,356.22,1.07,1.03,2026-04-14,1609,98,71.01
10.75181,-12.75532,341.11,1.07,1.03,2026-04-14,1609,89,36.59
10.82082,-13.43853,337.12,1.02,1.01,2026-04-14,1609,85,29.07
10.86095,-13.22143,327.21,1.04,1.02,2026-04-14,1609,74,15.22
10.86985,-13.22271,328.34,1.04,1.02,2026-04-14,1609,76,17.19
10.88184,-12.81587,336.44,1.07,1.03,2026-04-14,1609,85,28.68
10.88316,-12.80647,361.93,1.07,1.03,2026-04-14,1609,100,88.33
10.92399,-12.64689,328.63,1.09,1.04,2026-04-14,1609,77,17.61
10.93269,-13.42408,326.24,1.03,1.01,2026-04-14,1609,73,15.65
10.93399,-13.41505,334.94,1.03,1.01,2026-04-14,1609,84,27.18
10.93531,-13.40591,331.75,1.03,1.01,2026-04-14,1609,80,22.38
10.9385,-12.80573,328.98,1.07,1.03,2026-04-14,1609,77,19.23
10.9559,-12.22609,326.38,1.13,1.06,2026-04-14,1609,73,12.95
10.96707,-13.37359,340.46,1.03,1.01,2026-04-14,1609,88,35.69
10.96839,-13.36444,339.51,1.03,1.01,2026-04-14,1609,87,33.89
10.97593,-13.37485,400.52,1.03,1.01,2026-04-14,1609,100,257.28
10.97724,-13.36578,409.37,1.03,1.01,2026-04-14,1609,100,317.67
10.98912,-13.28358,334.8,1.04,1.02,2026-04-14,1609,83,26.96
10.99804,-13.30089,327.88,1.03,1.02,2026-04-14,1609,76,19.04
10.99934,-13.29177,327.98,1.04,1.02,2026-04-14,1609,76,18.99
11.00063,-13.28267,366.93,1.04,1.02,2026-04-14,1609,100,103.81
11.00191,-13.27369,354.95,1.04,1.02,2026-04-14,1609,97,68.92
11.04719,-13.08252,326.18,1.05,1.02,2026-04-14,1609,73,14.5
11.04849,-13.07333,331.89,1.05,1.02,2026-04-14,1609,80,21.89
11.12953,-16.15495,340.57,1.08,1.04,2026-04-14,1609,78,37.16
11.13101,-16.14538,352.27,1.08,1.04,2026-04-14,1609,91,63.17
11.13859,-16.1564,323.63,1.08,1.04,2026-04-14,1609,72,12.82
11.14007,-16.14683,321.15,1.08,1.04,2026-04-14,1609,72,10.04
11.1425,-13.12106,327.4,1.05,1.02,2026-04-14,1609,75,15.29
11.14481,-13.42188,364.9,1.03,1.01,2026-04-14,1609,100,97.07
11.14612,-13.41278,333.14,1.03,1.01,2026-04-14,1609,82,26.06
11.15368,-13.42307,340.26,1.03,1.01,2026-04-14,1609,88,37.87
11.15498,-13.41403,328.8,1.03,1.01,2026-04-14,1609,75,20.21
11.15893,-13.38672,330.25,1.03,1.01,2026-04-14,1609,79,23.42
11.15929,-12.41752,325.84,1.12,1.05,2026-04-14,1609,74,15.0
11.17638,-12.68401,328.73,1.09,1.04,2026-04-14,1609,77,20.74
11.22015,-13.3557,348.48,1.03,1.02,2026-04-14,1609,93,52.35
11.22117,-13.41168,333.33,1.03,1.01,2026-04-14,1609,82,27.43
11.23857,-13.22703,331.94,1.04,1.02,2026-04-14,1609,80,22.1
11.24312,-13.06686,325.83,1.05,1.03,2026-04-14,1609,72,15.57
11.26167,-12.93573,335.12,1.07,1.03,2026-04-14,1609,83,27.23
11.30904,-13.12004,346.02,1.05,1.02,2026-04-14,1609,92,45.53
11.32469,-13.32993,331.3,1.04,1.02,2026-04-14,1609,79,20.66
11.32798,-13.17952,326.66,1.05,1.02,2026-04-14,1609,73,14.09
11.33339,-14.361,332.14,1.0,1.0,2026-04-14,1609,81,17.75
11.33354,-13.33146,328.39,1.04,1.02,2026-04-14,1609,76,16.4
11.36462,-13.24174,330.25,1.04,1.02,2026-04-14,1609,78,17.61
11.36593,-13.23264,335.07,1.04,1.02,2026-04-14,1609,83,25.59
11.37069,-13.27745,339.63,1.04,1.02,2026-04-14,1609,87,33.51
11.39709,-12.49013,346.29,1.11,1.05,2026-04-14,1609,92,52.48
11.40029,-11.40743,325.22,1.27,1.12,2026-04-14,1609,71,25.11
11.4066,-13.47042,324.76,1.03,1.01,2026-04-14,1609,70,11.73
11.42978,-13.50751,326.13,1.03,1.01,2026-04-14,1609,72,13.98
11.43108,-13.49837,339.79,1.03,1.01,2026-04-14,1609,87,33.76
11.43238,-13.4892,338.09,1.03,1.01,2026-04-14,1609,86,31.59
11.44123,-13.49058,325.38,1.03,1.01,2026-04-14,1609,70,14.14
11.53765,-13.00349,357.17,1.07,1.03,2026-04-14,1609,98,74.74
11.53897,-12.9942,338.21,1.07,1.03,2026-04-14,1609,86,31.9
11.54119,-12.78129,325.61,1.09,1.04,2026-04-14,1609,70,12.19
11.5438,-13.28079,335.69,1.04,1.02,2026-04-14,1609,83,25.65
11.56653,-12.66608,330.85,1.1,1.05,2026-04-14,1609,77,15.42
11.62373,-13.30843,340.61,1.04,1.02,2026-04-14,1609,87,31.16
11.62505,-13.2992,340.92,1.04,1.02,2026-04-14,1609,88,31.96
11.63205,-13.18672,334.98,1.05,1.02,2026-04-14,1609,82,23.87
11.63265,-13.3097,349.56,1.04,1.02,2026-04-14,1609,94,49.36
11.63334,-13.17766,327.08,1.05,1.02,2026-04-14,1609,71,13.38
11.63398,-13.30046,339.83,1.04,1.02,2026-04-14,1609,87,29.98
11.64228,-13.17897,330.25,1.05,1.02,2026-04-14,1609,76,18.28
11.65125,-13.18018,334.21,1.05,1.02,2026-04-14,1609,81,23.47
11.66792,-12.99988,336.48,1.07,1.03,2026-04-14,1609,84,25.44
11.68053,-14.39339,331.1,1.0,1.0,2026-04-14,1609,77,16.04
11.68192,-12.83669,327.68,1.08,1.04,2026-04-14,1609,73,12.99
11.68963,-12.84761,330.65,1.08,1.04,2026-04-14,1609,77,16.01
11.691,-12.838,334.76,1.08,1.04,2026-04-14,1609,82,22.03
11.74527,-14.19446,328.13,1.0,1.0,2026-04-14,1609,72,9.56
11.79097,-15.1405,328.53,1.01,1.0,2026-04-14,1609,73,16.2
11.84127,-12.68467,331.4,1.1,1.05,2026-04-14,1609,78,17.67
11.84263,-12.67495,337.08,1.1,1.05,2026-04-14,1609,84,27.4
11.86022,-12.54824,336.09,1.12,1.05,2026-04-14,1609,83,28.55
11.88828,-10.36003,334.94,1.52,1.22,2026-04-14,1609,82,41.48
11.89824,-12.86724,334.48,1.09,1.04,2026-04-14,1609,81,20.57
11.90287,-13.22573,343.57,1.05,1.02,2026-04-14,1609,89,36.27
11.90421,-13.21638,337.8,1.05,1.03,2026-04-14,1609,84,26.14
11.90895,-12.79032,328.4,1.09,1.04,2026-04-14,1609,73,14.35
11.91026,-12.78085,328.49,1.09,1.04,2026-04-14,1609,73,14.62
11.91183,-13.22706,334.94,1.05,1.02,2026-04-14,1609,81,21.27
11.91316,-13.21772,347.74,1.05,1.03,2026-04-14,1609,92,45.69
11.9145,-13.20836,332.38,1.05,1.03,2026-04-14,1609,78,18.69
11.9188,-12.46574,339.23,1.13,1.06,2026-04-14,1609,86,36.0
11.92032,-12.455,327.32,1.13,1.06,2026-04-14,1609,72,16.09
11.92346,-13.20969,331.89,1.05,1.03,2026-04-14,1609,77,18.13
11.92804,-12.46712,386.51,1.13,1.06,2026-04-14,1609,100,203.08
11.92948,-12.45691,359.65,1.13,1.06,2026-04-14,1609,99,87.83
11.96222,-12.80808,327.13,1.09,1.04,2026-04-14,1609,70,12.43
11.97322,-12.73032,342.4,1.1,1.05,2026-04-14,1609,89,39.63
11.97875,-12.69117,338.13,1.1,1.05,2026-04-14,1609,85,31.03
11.98622,-15.93482,362.58,1.05,1.02,2026-04-14,1609,100,92.26
11.99073,-13.19748,333.56,1.06,1.03,2026-04-14,1609,79,20.64
11.9997,-13.19883,339.87,1.06,1.03,2026-04-14,1609,86,31.09
12.00218,-12.98681,330.14,1.08,1.04,2026-04-14,1609,75,13.27
12.00352,-12.97724,344.63,1.08,1.04,2026-04-14,1609,90,38.92
12.00837,-13.46227,328.72,1.04,1.02,2026-04-14,1609,71,10.66
12.01771,-12.74332,328.58,1.1,1.05,2026-04-14,1609,73,14.76
12.01908,-12.73343,331.35,1.1,1.05,2026-04-14,1609,78,18.5
12.1046,-10.36069,336.78,1.53,1.22,2026-04-14,1609,85,47.49
12.11959,-13.00065,341.31,1.08,1.04,2026-04-14,1609,87,37.34
12.13764,-15.35683,333.52,1.01,1.01,2026-04-14,1609,81,20.75
12.13935,-9.75394,326.89,1.7,1.28,2026-04-14,1609,72,21.75
12.15269,-15.07516,328.91,1.0,1.0,2026-04-14,1609,74,12.24
12.15922,-13.05163,331.45,1.07,1.03,2026-04-14,1609,73,18.01
12.16055,-13.04211,334.39,1.07,1.03,2026-04-14,1609,80,23.12
12.1696,-13.04334,330.4,1.07,1.03,2026-04-14,1609,75,16.94
12.19322,-12.74081,328.2,1.1,1.05,2026-04-14,1609,72,13.75
12.19844,-9.82382,336.95,1.68,1.28,2026-04-14,1609,85,49.53
12.19948,-9.8303,328.36,1.68,1.28,2026-04-14,1609,75,23.92
12.20133,-9.81565,327.18,1.69,1.28,2026-04-14,1609,73,20.95
12.21138,-14.92034,340.85,1.0,1.0,2026-04-14,1609,87,31.75
12.21269,-14.91145,326.54,1.0,1.0,2026-04-14,1609,70,11.28
12.22011,-14.9217,330.4,1.0,1.0,2026-04-14,1609,76,15.68
12.23502,-14.00767,329.0,1.01,1.01,2026-04-14,1609,70,12.26
12.27286,-15.07318,328.23,1.0,1.0,2026-04-14,1609,74,13.79
12.28028,-15.08346,331.3,1.0,1.0,2026-04-14,1609,77,17.87
12.2816,-15.07455,332.86,1.0,1.0,2026-04-14,1609,80,20.06
12.297,-13.11645,339.59,1.07,1.03,2026-04-14,1609,85,28.76
12.29836,-13.10695,330.85,1.07,1.03,2026-04-14,1609,75,14.91
12.32517,-13.76815,330.19,1.02,1.01,2026-04-14,1609,72,11.28
12.40901,-13.17442,341.53,1.07,1.03,2026-04-14,1609,87,32.27
12.44208,-13.97772,330.14,1.02,1.01,2026-04-14,1609,73,16.12
12.46265,-13.89766,334.03,1.02,1.01,2026-04-14,1609,79,19.05
12.47951,-14.92639,326.61,1.0,1.0,2026-04-14,1609,70,10.12
12.50353,-14.88464,326.69,1.0,1.0,2026-04-14,1609,70,10.92
12.62575,-10.89091,328.96,1.43,1.18,2026-04-14,1609,76,22.29
12.67064,-10.33512,335.03,1.57,1.23,2026-04-14,1609,83,38.29
12.69074,-12.94397,336.95,1.09,1.04,2026-04-14,1609,83,22.83
12.70783,-13.73846,331.89,1.03,1.01,2026-04-14,1609,74,12.53
12.71668,-13.73979,338.74,1.03,1.01,2026-04-14,1609,83,22.6
12.74536,-13.21425,334.71,1.07,1.03,2026-04-14,1609,79,17.18
12.77163,-16.43073,333.75,1.07,1.03,2026-04-14,1609,83,29.24
12.79783,-9.08622,328.68,1.96,1.37,2026-04-14,1609,75,34.63
12.84459,-14.44542,332.66,1.0,1.0,2026-04-14,1609,78,17.27
12.85334,-14.44676,330.25,1.0,1.0,2026-04-14,1609,74,14.19
12.87819,-16.33668,345.5,1.06,1.03,2026-04-14,1609,91,46.72
13.02414,-15.37379,339.11,1.01,1.0,2026-04-14,1609,87,27.65
13.588,-10.96814,337.63,1.46,1.19,2026-04-14,1609,83,31.98
13.34766,-15.62441,344.14,1.01,1.01,2026-04-14,1611,91,41.62
13.49799,-16.21404,332.14,1.04,1.02,2026-04-14,1611,80,24.12
14.31437,-11.87646,335.56,1.3,1.13,2026-04-14,1611,80,23.52
14.40979,-11.63031,345.5,1.35,1.15,2026-04-14,1611,90,47.7
14.41986,-11.6317,347.97,1.35,1.15,2026-04-14,1611,92,54.76
14.42148,-11.61957,337.92,1.35,1.15,2026-04-14,1611,82,25.83
14.95552,-10.07078,333.28,1.78,1.31,2026-04-14,1611,72,32.14
14.9575,-10.05474,338.33,1.79,1.31,2026-04-14,1611,81,48.86
15.1746,-13.06913,344.95,1.14,1.06,2026-04-14,1611,90,39.92
15.17603,-13.05886,349.05,1.14,1.07,2026-04-14,1611,93,50.78
15.24076,-11.27428,336.44,1.47,1.2,2026-04-14,1611,81,31.36
43.98562,-108.00455,348.03,1.16,1.07,2026-04-14,1624,95,66.34
43.9934,-107.98866,333.17,1.15,1.07,2026-04-14,1624,87,35.12
43.99499,-108.00253,374.87,1.16,1.07,2026-04-14,1624,100,158.84
37.01564,-104.3891,325.67,1.12,1.06,2026-04-14,1626,84,28.59
37.93179,-96.84489,327.0,2.87,1.62,2026-04-14,1626,81,93.32
27.45537,-109.40401,323.79,1.0,1.0,2026-04-14,1628,72,13.29
33.30812,-110.45626,325.45,1.12,1.06,2026-04-14,1628,81,18.9
20.33913,-105.51797,324.77,1.86,1.33,2026-04-14,1633,71,25.85
21.42951,-104.86239,322.32,1.98,1.37,2026-04-14,1633,73,25.11
21.43273,-104.88083,331.1,1.97,1.37,2026-04-14,1633,83,55.61
21.43794,-104.87329,339.87,1.97,1.37,2026-04-14,1633,89,88.54
-30.11888,149.8931,308.85,1.03,1.01,2026-04-14,1705,76,12.81
-30.10995,149.89476,313.24,1.03,1.01,2026-04-14,1705,87,15.61
23.27604,54.24638,319.78,2.36,1.48,2026-04-14,1732,99,70.27
23.27793,54.25285,334.23,2.36,1.48,2026-04-14,1732,100,129.61
23.27807,54.26881,327.64,2.37,1.49,2026-04-14,1732,100,100.26
23.28013,54.2753,314.72,2.37,1.49,2026-04-14,1732,90,54.09
23.53207,53.27833,321.08,2.01,1.38,2026-04-14,1734,100,55.33
23.53402,53.29752,313.25,2.02,1.38,2026-04-14,1734,87,35.9
23.54203,53.32887,314.59,2.03,1.39,2026-04-14,1734,90,37.61
23.54817,53.31533,323.64,2.02,1.39,2026-04-14,1734,100,63.03
23.55014,53.33462,315.33,2.03,1.39,2026-04-14,1734,91,41.1
23.55424,53.32749,321.81,2.03,1.39,2026-04-14,1734,100,56.77
23.82778,53.62684,338.18,2.15,1.43,2026-04-14,1734,100,124.56
23.84034,53.62558,318.19,2.15,1.43,2026-04-14,1734,96,49.41
24.12127,49.1107,312.8,1.12,1.05,2026-04-14,1734,86,12.91
24.12259,49.1214,309.62,1.12,1.05,2026-04-14,1734,78,10.08
24.50573,49.09412,318.75,1.13,1.06,2026-04-14,1734,97,19.54
25.87259,49.23954,319.0,1.18,1.08,2026-04-14,1734,98,26.46
25.96334,49.23199,309.25,1.18,1.08,2026-04-14,1734,77,16.93
26.95261,49.59646,319.02,1.27,1.12,2026-04-14,1734,98,24.74
27.0225,49.58006,307.91,1.27,1.12,2026-04-14,1734,73,10.7
27.10328,49.31355,314.5,1.23,1.1,2026-04-14,1734,89,17.59
27.58306,52.54342,326.92,2.02,1.38,2026-04-14,1734,100,66.53
27.58723,52.5375,323.37,2.02,1.38,2026-04-14,1734,100,56.63
27.75972,52.17229,311.03,1.91,1.35,2026-04-14,1734,81,24.75
28.49295,49.71489,341.77,1.34,1.15,2026-04-14,1734,100,70.76
30.15291,50.42179,309.04,1.56,1.23,2026-04-14,1734,76,17.65
30.39057,49.86172,313.11,1.45,1.19,2026-04-14,1734,86,20.75
30.47879,47.74255,307.14,1.12,1.06,2026-04-14,1734,70,8.32
30.68527,47.32434,308.02,1.09,1.04,2026-04-14,1734,73,8.89
30.72012,49.82074,334.72,1.46,1.19,2026-04-14,1734,100,62.47
30.75351,48.27303,356.22,1.2,1.09,2026-04-14,1734,100,99.46
30.75492,48.28519,362.37,1.2,1.09,2026-04-14,1734,100,120.72
30.86636,47.91458,309.83,1.15,1.07,2026-04-14,1734,78,12.54
30.86773,47.92633,309.9,1.16,1.07,2026-04-14,1734,79,12.71
30.89877,49.67932,313.5,1.43,1.18,2026-04-14,1734,87,22.17
30.92157,48.85663,316.02,1.29,1.13,2026-04-14,1734,92,22.0
30.94134,49.8829,311.03,1.48,1.2,2026-04-14,1734,82,19.17
31.00228,48.12937,319.59,1.18,1.08,2026-04-14,1734,99,23.3
31.00368,48.14144,351.74,1.19,1.08,2026-04-14,1734,100,86.03
31.0915,47.78243,321.32,1.14,1.07,2026-04-14,1734,100,23.96
31.09291,47.7941,328.61,1.15,1.07,2026-04-14,1734,100,33.83
31.12501,49.32358,307.54,1.37,1.16,2026-04-14,1734,72,13.88
31.13371,49.30805,308.59,1.37,1.16,2026-04-14,1734,75,14.66
31.13521,49.32212,344.48,1.37,1.16,2026-04-14,1734,100,83.44
31.20605,48.94325,310.5,1.31,1.14,2026-04-14,1734,80,14.97
31.20754,48.95667,317.41,1.31,1.14,2026-04-14,1734,95,23.36
31.21752,48.95518,332.83,1.31,1.14,2026-04-14,1734,100,49.29
31.23901,47.96278,320.06,1.17,1.08,2026-04-14,1734,100,23.55
31.27609,48.11645,343.7,1.19,1.09,2026-04-14,1734,100,65.05
31.30107,47.79005,308.19,1.15,1.07,2026-04-14,1734,74,10.98
31.3094,48.76688,312.0,1.29,1.13,2026-04-14,1734,84,16.1
31.32426,49.28199,317.23,1.37,1.16,2026-04-14,1734,95,26.2
31.36011,45.96506,310.16,1.02,1.01,2026-04-14,1734,79,10.94
31.4085,48.65288,313.96,1.27,1.12,2026-04-14,1734,88,18.69
31.43633,47.83385,319.53,1.16,1.07,2026-04-14,1734,99,22.28
31.69601,47.2469,306.92,1.1,1.05,2026-04-14,1734,70,9.31
31.69737,47.25822,307.91,1.1,1.05,2026-04-14,1734,73,10.09
32.0649,49.08723,312.19,1.37,1.16,2026-04-14,1734,84,19.52
32.06633,49.10107,322.44,1.37,1.16,2026-04-14,1734,100,33.91
32.0669,49.09306,327.24,1.37,1.16,2026-04-14,1734,100,43.03
32.11508,45.53734,320.98,1.01,1.0,2026-04-14,1734,100,20.06
32.34918,47.70898,315.03,1.17,1.08,2026-04-14,1734,90,18.06
32.35861,47.70737,325.19,1.17,1.08,2026-04-14,1734,100,30.46
32.49155,47.20326,309.87,1.12,1.05,2026-04-14,1734,79,11.68
32.49296,47.21489,308.19,1.12,1.05,2026-04-14,1734,74,10.33
32.9902,46.18278,311.23,1.05,1.02,2026-04-14,1734,82,12.72
33.15634,44.78475,309.63,1.0,1.0,2026-04-14,1737,78,11.11
33.21921,44.7659,320.02,1.0,1.0,2026-04-14,1737,100,19.83
33.69534,46.22838,309.24,1.06,1.03,2026-04-14,1737,77,13.48
34.89334,43.79916,332.17,1.0,1.0,2026-04-14,1737,100,34.51
34.89484,43.80978,338.81,1.0,1.0,2026-04-14,1737,100,44.35
35.24856,44.42788,315.3,1.0,1.0,2026-04-14,1737,91,16.32
35.4878,44.15173,327.6,1.0,1.0,2026-04-14,1737,100,29.23
35.62627,44.01146,315.08,1.0,1.0,2026-04-14,1737,91,16.11
35.68147,43.87241,325.8,1.0,1.0,2026-04-14,1737,100,26.51
35.68296,43.8831,316.06,1.0,1.0,2026-04-14,1737,92,16.86
35.72259,44.03986,327.49,1.0,1.0,2026-04-14,1737,100,28.39
-19.60337,-40.08131,334.35,2.71,1.58,2026-04-14,1739,77,130.8
52.23332,32.29889,311.48,1.37,1.16,2026-04-14,1741,83,24.01
49.076,136.18596,309.83,1.84,1.33,2026-04-14,1821,78,38.71
13.26211,123.67541,310.17,4.57,1.96,2026-04-14,1832,70,89.95
-18.7788,123.75615,307.46,1.26,1.11,2026-04-14,1838,71,11.03
-18.32576,124.6123,325.79,1.15,1.07,2026-04-14,1838,96,27.56
-18.32402,124.60175,311.69,1.15,1.07,2026-04-14,1838,83,12.67
-17.46333,127.79636,307.54,1.01,1.0,2026-04-14,1838,72,9.74
-16.65766,124.753,317.3,1.19,1.08,2026-04-14,1838,95,19.05
-16.18443,134.94542,309.83,2.63,1.56,2026-04-14,1838,78,40.49
-16.03295,134.73933,325.09,2.52,1.53,2026-04-14,1838,99,83.59
-16.02746,134.73289,340.73,2.52,1.53,2026-04-14,1838,100,168.94
-16.01956,134.74127,316.05,2.52,1.53,2026-04-14,1838,92,51.78
-16.00352,134.72086,308.4,2.51,1.52,2026-04-14,1838,74,32.98
-15.73071,128.51118,309.84,1.02,1.01,2026-04-14,1838,78,8.25
-15.72049,128.50333,308.08,1.02,1.01,2026-04-14,1838,73,6.86
-15.70322,129.34602,328.21,1.08,1.04,2026-04-14,1838,100,28.81
-15.70185,129.33629,313.78,1.08,1.04,2026-04-14,1838,79,12.48
-15.69493,129.34396,321.35,1.08,1.04,2026-04-14,1838,100,21.05
-15.52171,127.47292,309.29,1.0,1.0,2026-04-14,1838,77,8.6
-15.45432,129.47295,312.52,1.09,1.04,2026-04-14,1838,85,11.71
-15.37034,127.39832,308.27,1.0,1.0,2026-04-14,1838,74,9.02
-14.73166,130.62242,307.66,1.22,1.1,2026-04-14,1838,72,10.23
-26.11332,31.86189,307.25,1.04,1.02,2026-04-14,1900,71,7.03
-21.20591,31.43656,307.46,1.01,1.0,2026-04-14,1900,71,7.45
7.02066,30.46051,316.93,1.59,1.24,2026-04-14,1906,94,26.74
7.0225,30.47448,331.37,1.59,1.24,2026-04-14,1906,100,57.86
7.03342,30.47304,335.86,1.59,1.24,2026-04-14,1906,100,71.29
7.03561,30.46703,315.96,1.59,1.24,2026-04-14,1906,92,25.26
7.03737,30.48104,316.36,1.6,1.24,2026-04-14,1906,93,26.18
7.08655,30.43188,307.56,1.58,1.24,2026-04-14,1906,70,13.97
7.72086,33.65593,307.23,2.93,1.63,2026-04-14,1906,71,28.82
7.72403,33.64893,308.28,2.93,1.63,2026-04-14,1906,74,32.86
8.01208,33.67955,314.83,2.97,1.64,2026-04-14,1906,90,57.66
8.01478,33.67347,318.1,2.97,1.64,2026-04-14,1906,96,73.32
8.01791,33.69963,308.36,2.99,1.64,2026-04-14,1906,74,36.06
8.31729,30.26934,308.44,1.61,1.25,2026-04-14,1906,70,16.01
8.79638,33.11273,308.3,2.75,1.59,2026-04-14,1906,74,32.55
8.79709,33.23697,320.85,2.82,1.6,2026-04-14,1906,100,77.59
8.7972,32.59172,321.83,2.5,1.52,2026-04-14,1906,100,72.3
8.93404,30.71231,323.11,1.78,1.31,2026-04-14,1906,100,45.52
8.94551,30.71082,326.59,1.78,1.31,2026-04-14,1906,100,52.53
8.97555,32.55707,318.55,2.5,1.52,2026-04-14,1906,97,56.0
8.97818,32.57912,314.49,2.51,1.52,2026-04-14,1906,89,41.86
8.98892,32.5554,311.49,2.5,1.52,2026-04-14,1906,83,36.03
8.99157,32.57745,308.27,2.51,1.52,2026-04-14,1906,74,26.54
9.15849,31.39006,307.76,2.02,1.39,2026-04-14,1906,71,19.13
9.29058,31.92118,338.85,2.24,1.45,2026-04-14,1906,100,131.78
9.293,31.94102,337.84,2.25,1.45,2026-04-14,1906,100,126.25
9.36403,30.77093,313.05,1.82,1.32,2026-04-14,1906,77,24.25
9.36597,30.78708,320.11,1.83,1.32,2026-04-14,1906,100,39.02
9.36749,30.77705,312.74,1.82,1.32,2026-04-14,1906,84,24.53
9.83774,26.2508,309.63,1.02,1.01,2026-04-14,1908,71,6.26
9.94223,26.01005,311.06,1.01,1.0,2026-04-14,1908,78,7.36
10.37904,31.8541,311.83,2.3,1.47,2026-04-14,1908,82,28.98
10.39193,31.85251,319.12,2.3,1.47,2026-04-14,1908,98,50.73
10.52004,27.63049,308.88,1.16,1.07,2026-04-14,1908,70,8.21
10.90721,33.51036,308.59,3.19,1.69,2026-04-14,1908,72,32.24
10.91075,26.90321,322.64,1.08,1.04,2026-04-14,1908,100,21.18
10.91201,26.91284,309.39,1.08,1.04,2026-04-14,1908,75,8.3
11.4342,25.2414,321.23,1.0,1.0,2026-04-14,1908,100,18.82
11.43542,25.25029,317.7,1.0,1.0,2026-04-14,1908,96,15.44
11.45443,20.74882,317.72,1.54,1.22,2026-04-14,1908,95,24.22
12.36641,26.7711,314.92,1.1,1.05,2026-04-14,1908,90,14.43
12.85065,24.21131,306.89,1.01,1.0,2026-04-14,1908,70,7.62
14.09257,24.25803,307.69,1.0,1.0,2026-04-14,1908,72,6.43
-32.00758,-52.56637,321.17,1.03,1.01,2026-04-14,1915,80,17.13
28.81355,21.28603,307.85,1.0,1.0,2026-04-14,1915,73,8.24
28.89655,20.95968,314.2,1.0,1.0,2026-04-14,1915,80,12.22
28.90713,20.95136,308.15,1.0,1.0,2026-04-14,1915,74,8.7
29.23273,19.68936,307.94,1.04,1.02,2026-04-14,1915,73,11.93
-30.27199,-50.97579,310.99,1.23,1.1,2026-04-14,1917,71,11.85
-28.04527,-56.05675,352.15,1.03,1.02,2026-04-14,1917,97,67.73
-28.04386,-56.04648,347.87,1.03,1.02,2026-04-14,1917,95,57.93
-28.0251,-56.10825,324.47,1.04,1.02,2026-04-14,1917,83,20.83
-28.02367,-56.09796,350.81,1.03,1.02,2026-04-14,1917,96,64.8
-26.32095,-56.97039,325.78,1.07,1.03,2026-04-14,1917,82,21.59
-24.84074,-50.83482,312.24,1.56,1.23,2026-04-14,1917,72,16.49
-24.33192,-52.33472,313.72,1.29,1.13,2026-04-14,1917,73,15.83
-22.91013,-59.83385,321.83,1.34,1.15,2026-04-14,1919,78,21.65
-20.32834,-55.01167,328.73,1.08,1.04,2026-04-14,1919,83,23.99
-20.32675,-55.00164,342.47,1.08,1.04,2026-04-14,1919,87,46.71
-18.61084,-58.62608,323.26,1.06,1.03,2026-04-14,1919,81,17.55
-18.60947,-58.61632,320.89,1.06,1.03,2026-04-14,1919,79,15.18
-18.60181,-58.62749,341.19,1.06,1.03,2026-04-14,1919,92,42.93
-18.55397,-58.61496,315.77,1.05,1.03,2026-04-14,1919,73,10.17
53.13752,8.68375,310.38,1.2,1.09,2026-04-14,1919,80,17.98
-11.95967,-58.75386,374.01,1.0,1.0,2026-04-14,1921,100,126.58
-11.95089,-58.75521,349.43,1.0,1.0,2026-04-14,1921,95,58.08
-11.43121,-55.10506,315.5,1.39,1.17,2026-04-14,1921,70,13.65
-9.57573,-57.28086,327.59,1.1,1.05,2026-04-14,1921,83,23.58
-9.57422,-57.27111,316.19,1.1,1.05,2026-04-14,1921,71,10.08
1.41965,-60.80943,324.77,1.02,1.01,2026-04-14,1923,82,18.55
1.81343,-60.58223,326.51,1.03,1.02,2026-04-14,1925,83,21.52
1.90478,-61.0979,332.76,1.01,1.0,2026-04-14,1925,87,27.08
1.92757,-60.62396,327.42,1.03,1.02,2026-04-14,1925,83,23.07
1.92889,-60.61497,331.2,1.03,1.02,2026-04-14,1925,86,28.13
2.06965,-60.97566,316.89,1.02,1.01,2026-04-14,1925,73,10.19
2.07095,-60.96682,317.69,1.02,1.01,2026-04-14,1925,74,10.93
2.17397,-60.70575,317.12,1.03,1.01,2026-04-14,1925,73,9.23
2.19782,-60.80723,319.02,1.03,1.01,2026-04-14,1925,75,10.98
2.44435,-61.32179,332.14,1.01,1.0,2026-04-14,1925,85,24.53
2.5632,-61.0219,326.89,1.02,1.01,2026-04-14,1925,80,17.13
2.5948,-60.54258,321.15,1.05,1.02,2026-04-14,1925,73,13.31
2.71777,-60.15013,338.91,1.09,1.04,2026-04-14,1925,89,37.69
2.94443,-60.17233,334.07,1.09,1.04,2026-04-14,1925,81,30.24
3.22473,-61.2251,354.79,1.02,1.01,2026-04-14,1925,71,65.03
3.22602,-61.21626,394.97,1.02,1.01,2026-04-14,1925,94,218.55
3.23354,-61.2264,363.45,1.02,1.01,2026-04-14,1925,70,87.37
3.23484,-61.21756,419.63,1.02,1.01,2026-04-14,1925,94,389.81
3.34584,-61.29139,325.08,1.01,1.01,2026-04-14,1925,80,13.98
3.34712,-61.28255,319.58,1.02,1.01,2026-04-14,1925,74,7.66
3.55062,-59.30101,324.46,1.22,1.1,2026-04-14,1925,76,18.75
3.67618,-61.86623,337.54,1.0,1.0,2026-04-14,1925,89,33.15
3.68493,-61.86752,332.86,1.0,1.0,2026-04-14,1925,86,26.32
4.21734,-61.01876,323.33,1.04,1.02,2026-04-14,1925,77,16.08
4.33252,-59.76897,336.0,1.18,1.08,2026-04-14,1925,87,33.1
5.61699,-66.07044,313.41,1.38,1.16,2026-04-14,1928,70,12.29
5.65371,-70.86481,323.92,3.28,1.71,2026-04-14,1928,77,83.8
5.65405,-70.85796,331.0,3.28,1.71,2026-04-14,1928,84,124.32
5.65841,-70.83665,320.91,3.26,1.71,2026-04-14,1928,73,64.18
6.20363,-69.60505,328.08,2.53,1.53,2026-04-14,1928,79,70.02
6.20764,-69.59883,334.3,2.53,1.53,2026-04-14,1928,85,100.94
6.34577,-70.28407,347.48,2.86,1.61,2026-04-14,1928,93,230.36
6.34988,-70.2896,341.42,2.86,1.61,2026-04-14,1928,90,177.33
6.63386,-67.47425,354.84,1.68,1.27,2026-04-14,1928,97,140.26
6.6362,-67.46485,348.9,1.68,1.27,2026-04-14,1928,89,108.25
6.80414,-62.98035,322.91,1.0,1.0,2026-04-14,1928,78,15.12
6.80573,-63.53671,317.04,1.02,1.01,2026-04-14,1928,71,10.2
6.8461,-61.61053,336.82,1.04,1.02,2026-04-14,1928,89,35.09
6.86203,-66.58968,323.63,1.43,1.18,2026-04-14,1928,71,19.76
6.86395,-66.57715,327.89,1.43,1.18,2026-04-14,1928,74,29.55
6.89746,-63.09943,324.06,1.0,1.0,2026-04-14,1928,79,12.82
6.89875,-63.09066,332.04,1.0,1.0,2026-04-14,1928,85,22.53
6.9234,-63.16613,317.72,1.0,1.0,2026-04-14,1928,72,9.95
7.00112,-63.20155,326.04,1.0,1.0,2026-04-14,1928,76,17.45
7.02509,-62.5517,320.66,1.0,1.0,2026-04-14,1928,75,12.83
7.05718,-61.94585,317.12,1.02,1.01,2026-04-14,1928,71,10.39
7.09361,-64.81412,356.83,1.12,1.05,2026-04-14,1928,98,85.11
7.0951,-64.80433,321.88,1.12,1.05,2026-04-14,1928,76,16.16
7.13005,-64.93687,320.68,1.13,1.06,2026-04-14,1928,74,13.41
7.15737,-62.64965,340.81,1.0,1.0,2026-04-14,1928,91,40.7
7.18948,-64.54988,333.37,1.09,1.04,2026-04-14,1928,85,31.27
7.19093,-64.5404,332.23,1.08,1.04,2026-04-14,1928,85,28.82
7.2056,-69.61054,335.78,2.43,1.5,2026-04-14,1928,81,116.71
7.21566,-69.61714,351.11,2.43,1.5,2026-04-14,1928,90,210.13
7.21866,-69.61275,344.46,2.43,1.5,2026-04-14,1928,92,164.31
7.31157,-62.98015,334.12,1.0,1.0,2026-04-14,1928,87,26.8
7.33059,-64.65501,331.89,1.09,1.04,2026-04-14,1928,84,28.63
7.40482,-64.28188,322.13,1.06,1.03,2026-04-14,1928,74,12.78
7.40944,-63.26711,323.88,1.0,1.0,2026-04-14,1928,73,10.46
7.46269,-61.63299,328.0,1.05,1.02,2026-04-14,1928,78,19.67
7.49819,-64.21794,325.05,1.05,1.02,2026-04-14,1928,75,14.9
7.54306,-64.41013,331.35,1.07,1.03,2026-04-14,1928,82,24.74
7.55207,-64.41145,342.47,1.07,1.03,2026-04-14,1928,90,43.88
7.55344,-64.40225,327.54,1.06,1.03,2026-04-14,1928,78,19.37
7.73953,-70.2869,332.18,2.69,1.57,2026-04-14,1928,85,94.57
7.74666,-70.29486,339.07,2.69,1.57,2026-04-14,1928,89,138.48
7.767,-63.65293,325.72,1.01,1.01,2026-04-14,1928,74,11.0
7.79065,-66.81776,332.95,1.44,1.19,2026-04-14,1928,83,43.3
7.7934,-67.44645,336.99,1.6,1.24,2026-04-14,1928,86,52.64
7.79562,-67.43255,327.62,1.59,1.24,2026-04-14,1928,77,26.46
7.81694,-68.59706,338.74,1.96,1.37,2026-04-14,1928,83,91.43
7.90052,-65.84056,339.95,1.24,1.11,2026-04-14,1928,88,49.33
7.92059,-62.36278,330.8,1.01,1.01,2026-04-14,1928,83,21.42
7.92188,-62.35391,347.94,1.01,1.01,2026-04-14,1928,94,50.2
7.92899,-62.11806,331.0,1.02,1.01,2026-04-14,1928,78,21.52
7.93929,-65.64978,331.84,1.21,1.09,2026-04-14,1928,74,25.52
7.94173,-65.66747,348.13,1.21,1.09,2026-04-14,1928,93,61.37
7.94339,-65.65693,344.95,1.21,1.09,2026-04-14,1928,92,52.72
7.95291,-65.65843,333.23,1.21,1.09,2026-04-14,1928,83,27.88
7.98014,-64.3381,327.33,1.05,1.02,2026-04-14,1928,71,14.01
7.99653,-62.53348,319.01,1.01,1.0,2026-04-14,1928,71,10.99
8.0569,-62.1798,341.53,1.02,1.01,2026-04-14,1928,91,42.15
8.0582,-62.17081,336.78,1.02,1.01,2026-04-14,1928,88,34.12
8.06334,-64.51758,330.25,1.06,1.03,2026-04-14,1928,70,19.19
8.07374,-64.50966,331.0,1.06,1.03,2026-04-14,1928,79,17.67
8.09825,-67.07417,334.67,1.48,1.2,2026-04-14,1928,82,39.5
8.09995,-63.9016,326.88,1.02,1.01,2026-04-14,1928,71,12.6
8.11065,-62.13943,393.55,1.02,1.01,2026-04-14,1928,94,217.64
8.11194,-62.13049,427.86,1.02,1.01,2026-04-14,1928,100,475.2
8.11456,-64.17721,335.03,1.04,1.02,2026-04-14,1928,82,26.71
8.12825,-64.20725,342.51,1.04,1.02,2026-04-14,1928,84,38.33
8.13676,-61.6904,323.51,1.05,1.02,2026-04-14,1928,79,18.35
8.19031,-66.82928,351.92,1.42,1.18,2026-04-14,1928,95,83.89
8.22206,-63.95988,331.5,1.02,1.01,2026-04-14,1928,80,17.71
8.38626,-64.46273,329.94,1.05,1.03,2026-04-14,1928,79,18.18
8.49883,-66.03355,334.26,1.25,1.11,2026-04-14,1928,81,28.14
8.50889,-64.87817,333.47,1.09,1.04,2026-04-14,1928,82,25.96
8.55642,-64.13657,330.95,1.03,1.01,2026-04-14,1928,75,16.62
8.5592,-65.70417,345.19,1.19,1.09,2026-04-14,1928,85,49.54
8.56752,-62.41953,342.95,1.01,1.01,2026-04-14,1928,86,38.49
8.56867,-65.70569,331.94,1.19,1.09,2026-04-14,1928,78,22.29
8.56881,-62.41061,334.26,1.02,1.01,2026-04-14,1928,74,24.85
8.57761,-62.41191,324.02,1.02,1.01,2026-04-14,1928,71,12.67
8.59576,-63.24729,353.84,1.0,1.0,2026-04-14,1928,91,61.19
8.60579,-63.23983,339.87,1.0,1.0,2026-04-14,1928,88,33.19
8.6132,-63.49268,337.16,1.0,1.0,2026-04-14,1928,86,32.2
8.62668,-65.9927,331.84,1.24,1.1,2026-04-14,1928,77,24.15
8.62735,-62.4623,323.98,1.01,1.01,2026-04-14,1928,75,11.46
8.62946,-65.05704,331.6,1.1,1.05,2026-04-14,1928,78,20.64
8.65294,-64.90288,327.98,1.09,1.04,2026-04-14,1928,70,14.92
8.65439,-64.89332,370.37,1.09,1.04,2026-04-14,1928,100,118.39
8.6594,-62.30271,322.38,1.02,1.01,2026-04-14,1928,71,11.14
8.68718,-62.29766,328.79,1.02,1.01,2026-04-14,1928,81,16.54
8.68848,-62.28869,326.49,1.02,1.01,2026-04-14,1928,78,13.93
8.74182,-66.31758,334.35,1.29,1.13,2026-04-14,1928,70,26.0
8.78631,-62.51638,348.29,1.01,1.01,2026-04-14,1928,94,46.42
8.7876,-62.50747,360.55,1.01,1.01,2026-04-14,1928,100,76.16
8.78967,-65.53122,330.85,1.16,1.07,2026-04-14,1928,75,19.27
8.79059,-65.2749,338.7,1.13,1.06,2026-04-14,1928,85,32.68
8.7921,-65.26502,346.79,1.12,1.06,2026-04-14,1928,92,49.7
8.80021,-65.39857,365.44,1.14,1.06,2026-04-14,1928,100,106.88
8.80173,-65.38858,330.7,1.14,1.06,2026-04-14,1928,74,18.68
8.82408,-65.53173,329.63,1.16,1.07,2026-04-14,1928,73,15.84
8.845,-65.87051,330.6,1.21,1.09,2026-04-14,1928,76,19.75
8.84741,-65.7568,340.22,1.19,1.09,2026-04-14,1928,86,36.29
8.84899,-65.74639,347.94,1.19,1.08,2026-04-14,1928,92,54.34
8.85362,-65.75366,336.04,1.19,1.08,2026-04-14,1928,82,28.37
8.8568,-63.98032,332.62,1.02,1.01,2026-04-14,1928,81,19.92
8.88526,-64.83483,332.62,1.08,1.04,2026-04-14,1928,71,17.04
8.89662,-65.60197,343.24,1.17,1.07,2026-04-14,1928,89,40.67
8.89821,-65.59177,329.94,1.16,1.07,2026-04-14,1928,74,14.59
8.95274,-65.48621,334.62,1.15,1.07,2026-04-14,1928,81,23.41
8.97072,-63.21171,335.16,1.0,1.0,2026-04-14,1928,85,26.24
8.97229,-63.14006,325.63,1.0,1.0,2026-04-14,1928,73,13.09
8.97358,-63.13127,328.41,1.0,1.0,2026-04-14,1928,78,15.62
8.98635,-62.20353,351.95,1.03,1.01,2026-04-14,1928,96,63.3
8.98914,-63.89765,353.79,1.01,1.01,2026-04-14,1928,96,60.06
9.00408,-62.20615,324.1,1.03,1.01,2026-04-14,1928,73,17.91
9.02627,-65.06446,336.0,1.1,1.04,2026-04-14,1928,82,24.64
9.0371,-65.66145,356.91,1.17,1.08,2026-04-14,1928,98,77.11
9.03866,-65.65118,359.9,1.17,1.08,2026-04-14,1928,99,86.61
9.04718,-63.44556,325.45,1.0,1.0,2026-04-14,1928,75,12.31
9.05813,-62.6114,358.61,1.01,1.01,2026-04-14,1928,99,74.27
9.05941,-62.6025,359.78,1.01,1.01,2026-04-14,1928,99,77.06
9.10051,-65.48064,327.93,1.14,1.07,2026-04-14,1928,71,10.95
9.10425,-64.18372,338.38,1.02,1.01,2026-04-14,1928,86,24.03
9.13739,-63.1356,337.84,1.0,1.0,2026-04-14,1928,70,29.88
9.15167,-64.90405,344.35,1.08,1.04,2026-04-14,1928,90,43.24
9.15274,-63.41327,330.5,1.0,1.0,2026-04-14,1928,81,18.28
9.17044,-67.19537,349.52,1.45,1.19,2026-04-14,1928,94,83.48
9.17112,-64.03805,328.19,1.02,1.01,2026-04-14,1928,75,12.31
9.17428,-63.95639,339.59,1.01,1.01,2026-04-14,1928,87,27.0
9.18306,-63.95774,343.78,1.01,1.01,2026-04-14,1928,90,35.03
9.18439,-63.94883,331.65,1.01,1.01,2026-04-14,1928,80,15.42
9.19808,-62.41049,331.79,1.02,1.01,2026-04-14,1928,85,27.13
9.22587,-64.22671,329.83,1.03,1.01,2026-04-14,1928,76,15.86
9.24537,-65.57101,357.02,1.15,1.07,2026-04-14,1928,98,77.0
9.24561,-65.13647,342.21,1.1,1.05,2026-04-14,1928,88,41.11
9.25129,-65.5786,340.69,1.15,1.07,2026-04-14,1928,82,33.03
9.25288,-65.56849,343.96,1.15,1.07,2026-04-14,1928,90,39.52
9.26989,-63.93135,330.25,1.01,1.01,2026-04-14,1928,76,14.05
9.27386,-63.90468,334.98,1.01,1.01,2026-04-14,1928,84,21.85
9.27444,-65.13113,334.57,1.1,1.04,2026-04-14,1928,81,24.47
9.27591,-65.12148,340.03,1.1,1.04,2026-04-14,1928,86,33.77
9.2764,-63.44757,338.09,1.0,1.0,2026-04-14,1928,87,27.46
9.27769,-63.43878,335.43,1.0,1.0,2026-04-14,1928,85,23.36
9.27867,-63.93269,340.69,1.01,1.01,2026-04-14,1928,88,29.46
9.27999,-63.92379,347.42,1.01,1.01,2026-04-14,1928,93,41.02
9.28131,-63.91491,334.76,1.01,1.01,2026-04-14,1928,83,20.47
9.30896,-63.91005,333.28,1.01,1.01,2026-04-14,1928,82,19.68
9.31027,-63.90117,328.58,1.01,1.0,2026-04-14,1928,76,14.01
9.33047,-63.4615,332.57,1.0,1.0,2026-04-14,1928,81,17.58
9.34292,-65.76591,357.15,1.17,1.08,2026-04-14,1928,98,82.46
9.37058,-64.92811,329.16,1.07,1.03,2026-04-14,1928,74,14.3
9.37202,-64.91868,344.1,1.07,1.03,2026-04-14,1928,90,39.6
9.37438,-65.68681,340.18,1.16,1.07,2026-04-14,1928,87,34.21
9.37595,-65.67664,364.35,1.16,1.07,2026-04-14,1928,100,102.03
9.38713,-63.82875,341.72,1.01,1.0,2026-04-14,1928,89,34.16
9.38933,-63.87442,326.09,1.01,1.0,2026-04-14,1928,72,11.84
9.39263,-66.17005,332.33,1.24,1.1,2026-04-14,1928,80,27.34
9.40051,-65.33247,338.33,1.12,1.05,2026-04-14,1928,85,29.99
9.40202,-65.32268,338.33,1.12,1.05,2026-04-14,1928,85,30.22
9.42786,-65.27677,338.66,1.11,1.05,2026-04-14,1928,86,29.41
9.42936,-65.26703,335.03,1.11,1.05,2026-04-14,1928,82,22.94
9.44801,-65.02337,341.42,1.08,1.04,2026-04-14,1928,88,34.74
9.49906,-64.80944,338.33,1.06,1.03,2026-04-14,1928,86,25.8
9.50477,-65.69306,330.9,1.16,1.07,2026-04-14,1928,78,20.82
9.50631,-65.68291,332.42,1.16,1.07,2026-04-14,1928,80,23.21
9.52883,-64.37184,329.73,1.03,1.01,2026-04-14,1928,77,16.39
9.54975,-66.28539,326.59,1.25,1.11,2026-04-14,1928,71,15.59
9.5614,-64.63873,330.09,1.05,1.02,2026-04-14,1928,77,16.34
9.58147,-64.0217,326.29,1.01,1.01,2026-04-14,1928,72,10.82
9.62951,-62.98754,327.74,1.0,1.0,2026-04-14,1928,79,17.9
9.64815,-63.63343,379.81,1.0,1.0,2026-04-14,1928,100,144.23
9.64945,-63.6246,366.26,1.0,1.0,2026-04-14,1928,100,95.74
9.65373,-63.53512,323.31,1.0,1.0,2026-04-14,1928,71,12.33
9.68573,-65.28636,334.21,1.1,1.05,2026-04-14,1928,84,25.62
9.69805,-65.32813,342.95,1.11,1.05,2026-04-14,1928,90,41.78
9.69955,-65.31839,395.5,1.11,1.05,2026-04-14,1928,100,249.14
9.70224,-61.66017,329.21,1.09,1.04,2026-04-14,1928,85,28.37
9.73398,-63.47529,333.19,1.0,1.0,2026-04-14,1928,84,28.05
9.76156,-65.69957,341.87,1.15,1.07,2026-04-14,1928,89,43.97
9.81887,-65.62228,344.07,1.14,1.06,2026-04-14,1928,91,46.96
9.833,-63.19067,326.92,1.0,1.0,2026-04-14,1928,80,16.37
9.84972,-65.54549,324.04,1.13,1.06,2026-04-14,1928,73,13.34
9.85124,-65.53561,335.25,1.13,1.06,2026-04-14,1928,85,30.06
9.91413,-65.60143,333.52,1.13,1.06,2026-04-14,1928,84,29.55
9.91809,-65.09921,323.13,1.08,1.04,2026-04-14,1928,73,11.86
9.92128,-64.89701,327.52,1.06,1.03,2026-04-14,1928,79,15.96
9.98612,-63.16294,319.44,1.0,1.0,2026-04-14,1928,73,13.33
9.99128,-65.82703,327.83,1.16,1.07,2026-04-14,1928,71,23.83
9.99336,-65.08746,322.38,1.08,1.04,2026-04-14,1928,73,12.75
10.02697,-63.99531,319.18,1.01,1.0,2026-04-14,1928,71,13.81
10.15262,-65.85613,324.47,1.16,1.07,2026-04-14,1928,78,21.0
10.37638,-66.0416,324.82,1.18,1.08,2026-04-14,1928,78,20.61
10.38042,-66.04787,327.6,1.18,1.08,2026-04-14,1928,81,23.66
10.38206,-66.03749,333.28,1.18,1.08,2026-04-14,1928,85,32.92
10.57478,-62.4666,316.12,1.04,1.02,2026-04-14,1928,70,7.42
18.60835,-69.12545,353.56,1.37,1.16,2026-04-14,1930,91,100.97
18.69932,-68.95178,324.98,1.33,1.14,2026-04-14,1930,80,27.31
18.71243,-69.06207,321.85,1.35,1.15,2026-04-14,1930,77,21.58
45.75166,120.18502,315.69,1.05,1.02,2026-04-14,2000,92,21.22
46.06648,120.15402,307.48,1.04,1.02,2026-04-14,2000,72,14.53
46.06865,120.1411,325.29,1.04,1.02,2026-04-14,2000,100,31.05
44.26328,119.00513,309.61,1.02,1.01,2026-04-14,2002,78,15.97
13.85729,108.64279,313.06,1.02,1.01,2026-04-14,2008,86,11.53
14.11305,108.67216,306.92,1.02,1.01,2026-04-14,2008,70,7.36
14.11438,108.66313,319.05,1.02,1.01,2026-04-14,2008,98,17.16
15.06673,107.57008,310.55,1.13,1.06,2026-04-14,2008,80,13.01
15.87924,107.10368,312.02,1.22,1.1,2026-04-14,2008,84,14.88
15.8916,101.46974,306.95,3.19,1.69,2026-04-14,2008,70,32.32
18.49617,103.94708,309.48,2.23,1.45,2026-04-14,2008,77,25.65
18.57768,103.23564,307.65,2.54,1.53,2026-04-14,2008,72,26.29
18.58043,103.3306,312.72,2.5,1.52,2026-04-14,2008,85,39.65
18.67938,102.49796,307.9,2.91,1.63,2026-04-14,2008,73,29.13
19.04548,103.1377,308.44,2.63,1.56,2026-04-14,2008,75,34.82
19.78521,109.33245,307.33,1.06,1.03,2026-04-14,2008,70,6.8
10.98418,107.50792,310.03,1.05,1.02,2026-04-14,2010,79,9.13
12.88098,108.62597,326.35,1.01,1.0,2026-04-14,2010,100,24.18
13.35103,108.31451,315.99,1.03,1.01,2026-04-14,2010,87,14.72
13.51941,108.42673,310.02,1.03,1.01,2026-04-14,2010,79,8.45
5.17726,103.15483,309.2,1.58,1.24,2026-04-14,2012,77,16.58
-7.85192,12.10633,314.94,2.82,1.6,2026-04-14,2042,87,47.81
-4.85565,12.00934,312.81,3.14,1.68,2026-04-14,2042,86,54.67
3.46752,5.565,316.96,1.36,1.15,2026-04-14,2044,75,20.29
5.35843,4.34161,311.08,1.2,1.09,2026-04-14,2044,74,8.4
6.79579,3.6731,310.26,1.15,1.07,2026-04-14,2044,77,8.52
14.19499,0.78178,323.93,1.02,1.01,2026-04-14,2046,100,20.62
10.13735,-85.50314,321.47,1.2,1.09,2026-04-14,2104,75,14.67
11.12319,-85.46457,321.47,1.24,1.1,2026-04-14,2104,74,17.97
11.92947,-86.4156,325.92,1.12,1.06,2026-04-14,2106,78,22.94
12.21568,-86.54615,322.51,1.12,1.05,2026-04-14,2106,71,11.32
12.21707,-86.53618,326.06,1.12,1.05,2026-04-14,2106,76,16.27
12.66949,-85.99822,330.7,1.2,1.09,2026-04-14,2106,80,25.67
12.71073,-86.57841,328.69,1.12,1.06,2026-04-14,2106,78,13.02
12.78084,-87.38844,333.61,1.05,1.02,2026-04-14,2106,82,21.5
12.82591,-86.73932,334.85,1.11,1.05,2026-04-14,2106,81,20.71
12.82727,-86.72945,348.55,1.11,1.05,2026-04-14,2106,94,48.5
12.88533,-87.56825,327.84,1.04,1.02,2026-04-14,2106,73,11.16
12.88665,-87.55889,327.01,1.04,1.02,2026-04-14,2106,72,10.24
12.96382,-87.66117,338.83,1.03,1.02,2026-04-14,2106,75,30.06
12.99949,-86.81765,341.5,1.1,1.05,2026-04-14,2106,89,30.79
13.28855,-86.58471,330.04,1.14,1.06,2026-04-14,2106,78,22.35
13.29836,-86.71997,331.35,1.12,1.06,2026-04-14,2106,81,23.7
13.46031,-87.01727,324.26,1.09,1.04,2026-04-14,2106,70,10.37
13.582,-89.2,323.58,1.0,1.0,2026-04-14,2106,70,12.9
13.6579,-86.5797,326.26,1.15,1.07,2026-04-14,2106,76,16.27
13.66782,-86.71557,323.55,1.13,1.06,2026-04-14,2106,71,9.99
13.68169,-86.95361,324.1,1.11,1.05,2026-04-14,2106,71,10.39
13.68303,-86.94404,327.18,1.11,1.05,2026-04-14,2106,76,15.42
13.69088,-86.61662,371.58,1.15,1.07,2026-04-14,2106,100,135.97
13.69223,-86.60678,347.42,1.15,1.07,2026-04-14,2106,93,56.46
13.70021,-86.61785,365.12,1.15,1.07,2026-04-14,2106,100,110.7
13.70156,-86.60802,328.14,1.15,1.07,2026-04-14,2106,78,18.97
13.70955,-86.619,331.79,1.15,1.07,2026-04-14,2106,82,25.0
13.71095,-86.60886,343.93,1.15,1.07,2026-04-14,2106,91,48.44
13.71237,-86.59861,327.49,1.15,1.07,2026-04-14,2106,77,19.57
13.71934,-86.54811,343.35,1.16,1.07,2026-04-14,2106,91,52.27
13.7242,-86.30232,331.25,1.19,1.09,2026-04-14,2106,82,31.42
13.72566,-86.29154,350.14,1.19,1.09,2026-04-14,2106,95,72.76
13.72976,-87.53161,335.56,1.05,1.02,2026-04-14,2106,73,26.31
13.77027,-86.64574,336.52,1.15,1.07,2026-04-14,2106,86,36.76
13.77856,-86.18844,333.0,1.21,1.09,2026-04-14,2106,84,27.26
13.77963,-86.64669,330.55,1.15,1.07,2026-04-14,2106,76,25.67
13.78572,-87.13022,325.77,1.09,1.04,2026-04-14,2106,75,12.47
13.7881,-86.18993,324.24,1.21,1.09,2026-04-14,2106,74,12.73
13.80911,-90.03072,328.95,1.03,1.02,2026-04-14,2106,72,15.4
13.82693,-87.16707,332.62,1.09,1.04,2026-04-14,2106,82,24.32
13.82836,-87.15694,342.47,1.09,1.04,2026-04-14,2106,90,40.96
13.9419,-90.00086,329.42,1.03,1.01,2026-04-14,2106,78,15.96
13.98494,-90.98689,337.54,1.11,1.05,2026-04-14,2106,86,34.8
13.98648,-90.97697,336.22,1.11,1.05,2026-04-14,2106,85,31.71
14.0125,-87.68915,330.45,1.05,1.02,2026-04-14,2106,82,18.04
14.03413,-91.20762,334.21,1.14,1.06,2026-04-14,2106,84,30.76
14.03572,-91.19747,348.26,1.14,1.06,2026-04-14,2106,94,59.8
14.17263,-87.66914,323.07,1.05,1.02,2026-04-14,2106,75,10.1
14.17535,-91.67074,319.68,1.2,1.09,2026-04-14,2106,70,6.98
14.19414,-90.41152,324.56,1.05,1.03,2026-04-14,2106,73,18.13
14.19587,-87.63363,322.13,1.05,1.02,2026-04-14,2106,73,8.05
14.19684,-87.2277,320.58,1.09,1.04,2026-04-14,2106,72,13.22
14.1972,-87.62421,322.17,1.05,1.03,2026-04-14,2106,73,8.02
14.26433,-86.15506,331.89,1.23,1.1,2026-04-14,2106,84,27.29
14.26799,-86.1499,321.76,1.23,1.1,2026-04-14,2106,72,12.17
14.30905,-89.22622,322.2,1.0,1.0,2026-04-14,2106,74,12.87
14.30948,-86.13374,320.91,1.24,1.11,2026-04-14,2106,73,11.36
14.33394,-86.17099,322.5,1.23,1.1,2026-04-14,2106,75,14.43
14.36261,-89.90411,332.42,1.02,1.01,2026-04-14,2106,84,23.71
14.36472,-89.71029,326.16,1.01,1.01,2026-04-14,2106,78,12.49
14.37138,-89.90566,346.69,1.02,1.01,2026-04-14,2106,93,48.85
14.38629,-86.10606,321.74,1.24,1.11,2026-04-14,2106,70,16.88
14.42287,-88.63078,332.42,1.01,1.0,2026-04-14,2106,85,26.31
14.42419,-88.62173,318.52,1.01,1.0,2026-04-14,2106,70,10.68
14.74814,-89.74018,335.07,1.01,1.0,2026-04-14,2106,87,26.89
14.78013,-89.78909,336.13,1.01,1.01,2026-04-14,2106,87,28.02
14.82839,-87.79081,326.33,1.05,1.02,2026-04-14,2106,81,18.41
15.26166,-90.0182,315.43,1.02,1.01,2026-04-14,2106,70,8.64
15.81157,-96.27071,334.71,2.38,1.49,2026-04-14,2106,86,94.31
15.81339,-96.25433,319.58,2.37,1.49,2026-04-14,2106,71,30.91
15.82233,-90.59879,328.79,1.04,1.02,2026-04-14,2106,84,22.71
16.17484,-90.59557,369.54,1.03,1.02,2026-04-14,2106,100,113.89
16.25344,-90.6238,341.04,1.04,1.02,2026-04-14,2106,91,40.62
16.4058,-90.53166,378.69,1.03,1.01,2026-04-14,2106,100,147.6
16.4101,-93.13271,338.05,1.36,1.15,2026-04-14,2106,84,51.57
16.4914,-93.01933,336.78,1.33,1.14,2026-04-14,2106,88,44.79
16.50446,-90.30766,322.19,1.02,1.01,2026-04-14,2106,77,13.97
16.54808,-94.64011,353.62,1.72,1.29,2026-04-14,2106,97,127.02
16.5593,-94.64191,338.78,1.72,1.29,2026-04-14,2106,89,64.02
16.56194,-94.6265,336.82,1.72,1.29,2026-04-14,2106,88,56.67
16.59204,-90.40411,319.24,1.02,1.01,2026-04-14,2106,74,11.06
16.59809,-94.6238,333.42,1.71,1.28,2026-04-14,2106,86,46.75
16.60081,-94.60834,328.76,1.71,1.28,2026-04-14,2106,82,32.23
16.60323,-98.56669,324.9,3.45,1.75,2026-04-14,2106,80,85.65
16.6083,-94.35425,321.33,1.64,1.26,2026-04-14,2106,71,19.52
16.62763,-98.6023,339.15,3.47,1.75,2026-04-14,2106,90,196.42
16.76116,-91.29815,321.08,1.08,1.04,2026-04-14,2106,76,17.59
16.89449,-89.43121,331.65,1.0,1.0,2026-04-14,2106,85,23.21
16.89909,-90.88087,330.4,1.04,1.02,2026-04-14,2106,84,24.36
16.90797,-90.88234,356.06,1.04,1.02,2026-04-14,2106,98,74.28
17.20058,-91.15102,321.94,1.06,1.03,2026-04-14,2106,77,16.35
17.20884,-90.24752,326.3,1.01,1.0,2026-04-14,2106,81,17.05
17.53028,-88.67416,358.48,1.03,1.02,2026-04-14,2106,99,79.86
17.5316,-88.66475,326.37,1.03,1.02,2026-04-14,2106,81,19.04
17.5652,-90.75671,360.04,1.03,1.01,2026-04-14,2106,100,81.13
17.5666,-90.74739,337.67,1.02,1.01,2026-04-14,2106,89,32.12
17.57344,-90.95665,342.66,1.04,1.02,2026-04-14,2106,91,41.94
17.57401,-90.75819,331.45,1.03,1.01,2026-04-14,2106,73,24.36
17.65111,-90.86386,325.71,1.03,1.01,2026-04-14,2106,79,18.02
17.68218,-90.78857,350.81,1.03,1.01,2026-04-14,2106,96,58.84
17.7075,-90.85988,322.75,1.03,1.01,2026-04-14,2106,76,15.06
17.75307,-92.91953,335.96,1.26,1.11,2026-04-14,2106,87,43.56
17.81996,-90.73243,322.27,1.02,1.01,2026-04-14,2106,74,12.55
17.83372,-93.11897,339.31,1.29,1.13,2026-04-14,2106,89,51.43
17.84351,-93.12079,356.49,1.29,1.13,2026-04-14,2106,98,101.69
17.89505,-93.18401,328.6,1.3,1.13,2026-04-14,2106,81,27.91
18.00368,-93.09043,330.85,1.28,1.12,2026-04-14,2106,79,32.32
18.06686,-89.38073,319.41,1.01,1.0,2026-04-14,2106,71,11.78
18.07274,-90.52154,343.57,1.01,1.0,2026-04-14,2106,86,43.26
18.08253,-89.45837,370.37,1.01,1.0,2026-04-14,2106,100,111.35
18.12491,-89.47458,330.45,1.01,1.0,2026-04-14,2106,83,23.01
18.13692,-88.42538,323.45,1.06,1.03,2026-04-14,2106,76,14.48
18.15235,-89.49504,330.19,1.0,1.0,2026-04-14,2106,78,23.43
18.17531,-91.00866,323.18,1.03,1.01,2026-04-14,2106,75,11.57
18.17674,-90.99925,327.52,1.03,1.01,2026-04-14,2106,80,17.45
18.20208,-88.93742,319.89,1.03,1.01,2026-04-14,2106,72,12.17
18.20341,-88.92803,343.17,1.03,1.01,2026-04-14,2106,92,44.81
18.22396,-88.32528,321.43,1.07,1.03,2026-04-14,2106,72,10.31
18.25595,-88.36012,333.19,1.07,1.03,2026-04-14,2106,80,24.31
18.2573,-88.35036,338.54,1.07,1.03,2026-04-14,2106,89,31.84
18.27668,-88.34338,346.59,1.07,1.03,2026-04-14,2106,93,48.3
18.3135,-90.70293,342.8,1.01,1.01,2026-04-14,2106,86,40.7
18.31489,-90.69368,328.22,1.01,1.01,2026-04-14,2106,76,18.29
18.32227,-90.70441,323.54,1.01,1.01,2026-04-14,2106,76,14.83
18.33455,-90.70348,325.34,1.01,1.01,2026-04-14,2106,78,16.83
18.55692,-88.91196,361.18,1.03,1.02,2026-04-14,2106,100,85.44
18.55826,-88.9025,337.8,1.03,1.02,2026-04-14,2106,88,33.77
18.56578,-88.91335,344.67,1.03,1.02,2026-04-14,2106,92,46.36
18.56712,-88.9039,319.09,1.03,1.02,2026-04-14,2106,71,10.15
18.59127,-88.73274,340.34,1.04,1.02,2026-04-14,2106,90,39.42
18.17305,-93.86825,325.55,1.42,1.18,2026-04-14,2108,79,28.68
18.43183,-90.66861,327.77,1.01,1.01,2026-04-14,2108,80,18.82
18.45728,-90.55939,332.52,1.01,1.0,2026-04-14,2108,84,23.82
18.45866,-90.55019,326.09,1.01,1.0,2026-04-14,2108,70,15.46
18.50609,-90.65268,332.42,1.01,1.01,2026-04-14,2108,84,25.07
18.50788,-96.14602,332.47,2.04,1.39,2026-04-14,2108,84,64.85
18.67806,-90.93853,319.97,1.02,1.01,2026-04-14,2108,70,9.08
18.72492,-90.30562,347.64,1.0,1.0,2026-04-14,2108,94,49.91
18.76041,-89.11707,323.64,1.02,1.01,2026-04-14,2108,75,15.3
18.81937,-89.28519,328.79,1.02,1.01,2026-04-14,2108,82,22.41
18.82217,-89.12685,328.94,1.02,1.01,2026-04-14,2108,82,21.8
18.8592,-88.93003,322.78,1.04,1.02,2026-04-14,2108,72,14.47
18.93052,-89.15629,365.55,1.02,1.01,2026-04-14,2108,100,98.78
18.93392,-90.32439,333.65,1.0,1.0,2026-04-14,2108,85,25.52
18.95741,-88.09459,318.79,1.11,1.05,2026-04-14,2108,71,12.68
18.9928,-89.09879,345.37,1.03,1.01,2026-04-14,2108,93,47.15
19.09222,-90.08097,366.77,1.0,1.0,2026-04-14,2108,87,94.63
19.11228,-90.18767,357.79,1.0,1.0,2026-04-14,2108,99,71.52
19.13457,-88.47726,320.3,1.07,1.03,2026-04-14,2108,73,11.71
19.13843,-90.19199,335.03,1.0,1.0,2026-04-14,2108,86,26.97
19.14246,-88.81679,322.01,1.05,1.02,2026-04-14,2108,75,13.86
19.2844,-88.66325,329.37,1.06,1.03,2026-04-14,2108,82,22.85
19.28574,-88.65347,368.6,1.06,1.03,2026-04-14,2108,100,114.36
19.30924,-89.92193,346.69,1.0,1.0,2026-04-14,2108,91,43.41
19.32535,-89.934,343.46,1.0,1.0,2026-04-14,2108,86,39.88
19.35484,-90.54823,332.23,1.0,1.0,2026-04-14,2108,83,24.99
19.35621,-90.53902,339.71,1.0,1.0,2026-04-14,2108,89,35.77
19.36304,-92.00993,318.58,1.09,1.04,2026-04-14,2108,70,14.64
19.36919,-89.50553,394.89,1.01,1.01,2026-04-14,2108,100,217.81
19.37052,-89.49622,381.62,1.01,1.01,2026-04-14,2108,100,152.44
19.37796,-89.50694,404.77,1.01,1.01,2026-04-14,2108,100,278.27
19.37929,-89.49764,342.21,1.01,1.01,2026-04-14,2108,91,38.01
19.38118,-88.63482,374.03,1.07,1.03,2026-04-14,2108,100,135.2
19.39454,-92.04627,321.38,1.09,1.04,2026-04-14,2108,74,17.75
19.41205,-89.33075,362.35,1.02,1.01,2026-04-14,2108,100,84.96
19.46734,-89.59469,330.9,1.01,1.0,2026-04-14,2108,78,21.96
19.46867,-89.58538,341.42,1.01,1.01,2026-04-14,2108,85,38.42
19.56181,-90.09544,327.59,1.0,1.0,2026-04-14,2108,77,17.46
19.5751,-89.60825,323.83,1.01,1.01,2026-04-14,2108,70,13.49
19.59164,-88.57929,328.47,1.07,1.03,2026-04-14,2108,81,22.99
19.74352,-88.81606,363.25,1.06,1.03,2026-04-14,2108,100,96.01
19.74486,-88.8063,333.61,1.06,1.03,2026-04-14,2108,74,29.01
19.85972,-90.01131,336.39,1.0,1.0,2026-04-14,2108,87,27.87
19.86106,-90.00207,359.03,1.0,1.0,2026-04-14,2108,99,73.49
19.99259,-89.98309,331.45,1.0,1.0,2026-04-14,2108,76,18.08
19.99998,-89.99378,341.91,1.0,1.0,2026-04-14,2108,79,35.14
20.00132,-89.98453,337.29,1.0,1.0,2026-04-14,2108,83,27.7
20.10082,-90.07953,330.9,1.0,1.0,2026-04-14,2108,82,20.03
20.10947,-88.63596,328.58,1.08,1.04,2026-04-14,2108,77,23.12
20.22919,-88.1644,326.29,1.13,1.06,2026-04-14,2108,80,19.07
20.35147,-89.93353,321.36,1.01,1.0,2026-04-14,2108,70,11.33
20.58478,-89.92302,330.65,1.01,1.0,2026-04-14,2108,83,24.99
20.58612,-89.91367,326.37,1.01,1.0,2026-04-14,2108,79,19.24
20.82698,-88.91957,325.74,1.07,1.03,2026-04-14,2108,78,15.37
20.82833,-88.90964,346.22,1.07,1.03,2026-04-14,2108,93,49.67
20.84091,-88.95216,329.94,1.07,1.03,2026-04-14,2108,82,23.36
20.96415,-88.10896,330.55,1.16,1.07,2026-04-14,2108,83,24.72
21.01745,-88.03445,319.81,1.17,1.08,2026-04-14,2108,70,9.67
21.17412,-88.13121,323.44,1.16,1.07,2026-04-14,2108,75,14.08
21.2007,-88.04111,323.23,1.17,1.08,2026-04-14,2108,74,15.28
21.25702,-87.75422,334.89,1.22,1.1,2026-04-14,2108,86,35.95
21.25848,-87.74287,361.93,1.22,1.1,2026-04-14,2108,100,111.01
21.26734,-88.38673,328.81,1.13,1.06,2026-04-14,2108,76,23.63
21.26874,-88.37616,335.43,1.13,1.06,2026-04-14,2108,86,34.33
21.40483,-98.03593,323.41,2.47,1.51,2026-04-14,2108,77,54.19
22.39908,-83.87186,332.66,2.35,1.48,2026-04-14,2108,85,86.92
22.40148,-83.8493,326.79,2.36,1.48,2026-04-14,2108,80,60.04
22.41443,-83.85117,332.33,2.36,1.48,2026-04-14,2108,84,85.81
22.42496,-83.85667,356.52,2.36,1.48,2026-04-14,2108,93,241.88
22.42508,-83.87437,328.84,2.35,1.48,2026-04-14,2108,82,69.85
22.4275,-83.85207,353.87,2.36,1.48,2026-04-14,2108,97,221.75
23.68754,-98.32542,322.28,2.3,1.47,2026-04-14,2108,72,38.17
23.68775,-98.31857,326.96,2.3,1.47,2026-04-14,2108,78,55.43
30.02344,-93.17219,332.66,1.0,1.0,2026-04-14,2112,86,26.98
30.03364,-93.16392,330.35,1.0,1.0,2026-04-14,2112,82,23.03
30.04234,-93.16566,337.8,1.0,1.0,2026-04-14,2112,89,33.61
30.54431,-89.27452,318.32,1.31,1.13,2026-04-14,2112,72,17.04
31.09318,-89.11049,330.19,1.36,1.15,2026-04-14,2112,84,34.18
31.10648,-89.34753,326.05,1.31,1.14,2026-04-14,2112,80,28.37
31.10972,-88.32175,334.48,1.51,1.21,2026-04-14,2112,87,52.6
32.00169,-89.62258,319.09,1.3,1.13,2026-04-14,2112,73,17.29
37.32224,-92.47849,328.47,1.11,1.05,2026-04-14,2114,83,25.95
40.92505,-96.37997,368.5,1.0,1.0,2026-04-14,2114,100,107.4
40.92677,-96.36854,365.89,1.0,1.0,2026-04-14,2114,94,99.24
41.16612,-95.36476,311.42,1.01,1.0,2026-04-14,2114,71,9.82
41.53881,-96.62392,338.05,1.0,1.0,2026-04-14,2114,89,38.93
41.54055,-96.61238,355.61,1.0,1.0,2026-04-14,2114,98,73.43
42.0032,-94.14138,353.28,1.08,1.04,2026-04-14,2114,97,75.7
42.02553,-95.89867,321.45,1.0,1.0,2026-04-14,2114,71,12.65
42.31855,-95.18867,330.65,1.03,1.01,2026-04-14,2114,82,22.82
42.32735,-95.19087,335.25,1.03,1.01,2026-04-14,2114,86,29.81
42.73773,-93.65456,320.7,1.14,1.07,2026-04-14,2114,70,12.57
42.8395,-93.72498,320.1,1.14,1.06,2026-04-14,2114,70,10.35
50.95092,-107.44625,322.15,1.64,1.26,2026-04-14,2116,77,31.86
46.52599,81.58981,326.78,3.39,1.74,2026-04-14,2140,100,177.66
23.77781,86.20876,308.15,1.02,1.01,2026-04-14,2144,74,8.53
23.79555,86.35569,309.22,1.02,1.01,2026-04-14,2144,77,8.42
25.03144,87.37953,308.67,1.0,1.0,2026-04-14,2144,75,7.42
27.00139,83.07482,310.4,1.57,1.24,2026-04-14,2144,80,21.57
27.13401,82.59821,309.93,1.7,1.28,2026-04-14,2144,79,22.81
27.23142,82.54353,317.35,1.72,1.29,2026-04-14,2144,95,36.09
27.23167,82.54899,312.72,1.72,1.29,2026-04-14,2144,85,28.48
16.36572,82.32546,313.07,1.26,1.11,2026-04-14,2146,81,11.52
20.79033,85.2615,308.94,1.03,1.02,2026-04-14,2146,73,6.66
20.95612,85.01334,308.55,1.05,1.03,2026-04-14,2146,72,6.45
20.9668,85.19389,308.17,1.04,1.02,2026-04-14,2146,70,5.83
20.96692,86.01318,314.75,1.01,1.0,2026-04-14,2146,89,11.0
20.96958,85.17455,316.19,1.04,1.02,2026-04-14,2146,89,11.39
13.93683,79.12527,309.59,1.96,1.37,2026-04-14,2148,72,17.73
13.98039,79.16311,309.34,1.95,1.36,2026-04-14,2148,77,17.74
13.98552,79.17076,308.28,1.95,1.36,2026-04-14,2148,73,17.24
14.527,79.00114,310.38,2.04,1.39,2026-04-14,2148,80,20.77
21.12529,-104.72121,327.95,4.41,1.93,2026-04-14,2246,81,153.96
34.81563,-118.44855,336.48,1.0,1.0,2026-04-14,2252,87,29.12
36.19038,-119.79544,338.58,1.01,1.0,2026-04-14,2252,88,33.92
38.68168,-119.82128,328.12,1.0,1.0,2026-04-14,2252,83,27.84
40.24366,-123.36211,316.04,1.14,1.06,2026-04-14,2252,76,17.52
-21.16718,135.63083,351.74,1.83,1.32,2026-04-14,2316,96,151.91
-21.15734,135.62109,333.85,1.83,1.33,2026-04-14,2316,88,75.3
-19.82058,136.45363,315.66,1.69,1.28,2026-04-14,2316,74,21.16
-18.52131,137.66209,319.09,1.47,1.2,2026-04-14,2316,75,21.5
-18.51907,137.64848,316.3,1.48,1.2,2026-04-14,2316,72,16.59
-18.46654,137.5298,327.58,1.51,1.21,2026-04-14,2316,82,36.47
-18.45585,137.53169,324.32,1.51,1.21,2026-04-14,2316,81,31.0
-18.34835,137.57196,332.44,1.5,1.21,2026-04-14,2316,86,47.88
-18.34476,137.57864,327.66,1.5,1.21,2026-04-14,2316,83,37.04
-18.34248,137.56471,333.98,1.51,1.21,2026-04-14,2316,87,52.35
-18.33409,137.58054,321.23,1.5,1.21,2026-04-14,2316,78,24.96
-18.30065,137.64343,324.32,1.49,1.21,2026-04-14,2316,80,29.87
-18.29745,137.55844,321.72,1.51,1.21,2026-04-14,2316,78,26.83
-18.27843,137.57629,353.21,1.51,1.21,2026-04-14,2316,97,114.18
-18.27609,137.56238,357.2,1.51,1.21,2026-04-14,2316,98,133.5
-18.12622,137.77124,329.05,1.47,1.2,2026-04-14,2316,84,38.11
-18.12393,137.75755,327.88,1.47,1.2,2026-04-14,2316,83,36.67
-18.11793,137.78667,316.67,1.47,1.2,2026-04-14,2316,72,14.23
-18.11564,137.77301,344.16,1.47,1.2,2026-04-14,2316,93,79.2
-18.11335,137.75938,355.17,1.47,1.2,2026-04-14,2316,98,120.97
-18.11148,137.78059,331.64,1.47,1.2,2026-04-14,2316,86,44.46
-18.04431,137.83415,322.71,1.46,1.19,2026-04-14,2316,79,25.61
-17.99402,137.95871,319.31,1.44,1.19,2026-04-14,2316,76,20.57
-17.98919,137.86369,323.54,1.46,1.19,2026-04-14,2316,73,25.24
-16.23345,134.95154,313.59,2.58,1.54,2026-04-14,2316,70,36.07
-16.19527,134.94034,320.54,2.6,1.55,2026-04-14,2316,78,59.26
-16.05499,134.75111,325.78,2.7,1.57,2026-04-14,2316,82,85.37
-16.05049,134.72614,328.39,2.71,1.58,2026-04-14,2316,84,99.55
-16.04116,134.75374,326.78,2.7,1.57,2026-04-14,2316,83,88.9
-16.0367,134.72916,383.71,2.71,1.58,2026-04-14,2316,100,708.83
-16.03157,134.73602,352.35,2.71,1.58,2026-04-14,2316,97,272.6
-16.02718,134.7108,335.17,2.73,1.58,2026-04-14,2316,88,138.76
-35.73268,137.21529,316.9,1.0,1.0,2026-04-14,2322,77,15.04
-35.72379,137.21721,348.24,1.0,1.0,2026-04-14,2322,95,59.15
-35.72219,137.2063,319.35,1.0,1.0,2026-04-14,2322,79,17.29
23.27655,54.28005,315.79,2.8,1.6,2026-04-14,2324,92,74.28
23.27916,54.25359,317.89,2.82,1.6,2026-04-14,2324,96,83.49
23.53564,53.29968,307.33,3.35,1.73,2026-04-14,2324,71,56.29
23.54788,53.33285,311.33,3.34,1.72,2026-04-14,2324,82,68.98
23.83737,53.63652,310.61,3.19,1.69,2026-04-14,2324,80,62.24
23.83843,53.62886,311.6,3.19,1.69,2026-04-14,2324,83,66.89
25.16499,52.89324,312.78,3.78,1.82,2026-04-14,2324,80,75.41
25.17281,52.88594,317.71,3.78,1.82,2026-04-14,2324,94,105.98
-20.54724,-49.49578,311.41,2.51,1.52,2026-04-14,2354,82,39.75
-20.53917,-49.5032,332.09,2.51,1.52,2026-04-14,2354,100,122.79
-20.53373,-49.49734,326.22,2.51,1.52,2026-04-14,2354,100,93.35
-20.23213,-40.23653,307.06,1.09,1.04,2026-04-14,2354,70,7.7
-20.18031,-46.59068,314.04,1.51,1.21,2026-04-14,2354,88,25.18
-20.1697,-46.59314,317.83,1.51,1.21,2026-04-14,2354,96,30.35
-20.16815,-46.57929,320.33,1.51,1.21,2026-04-14,2354,100,34.45
-19.58789,-40.07579,318.24,1.13,1.06,2026-04-14,2354,96,17.13
-19.4837,-42.54876,311.1,1.0,1.0,2026-04-14,2356,82,9.5
-15.66611,-43.31792,312.86,1.0,1.0,2026-04-14,2356,86,11.0
-15.66486,-43.30881,307.12,1.0,1.0,2026-04-14,2356,70,6.83
-15.65729,-43.31924,320.68,1.0,1.0,2026-04-14,2356,100,17.72
-11.70771,-44.7444,313.16,1.01,1.01,2026-04-14,2358,86,11.42
45.82192,130.08441,349.98,1.09,1.04,2026-04-15,37,96,69.52
45.82937,130.10017,314.13,1.09,1.04,2026-04-15,37,72,13.27
45.83104,130.0864,336.06,1.09,1.04,2026-04-15,37,90,40.66
45.9783,129.70216,314.67,1.12,1.05,2026-04-15,37,75,15.08
46.03571,129.59082,311.93,1.13,1.06,2026-04-15,37,72,12.05
46.24378,129.71046,317.79,1.12,1.06,2026-04-15,37,78,17.25
46.25223,130.33235,319.49,1.08,1.04,2026-04-15,37,79,18.83
46.278,129.79797,314.48,1.12,1.05,2026-04-15,37,75,14.14
46.51883,131.22241,315.58,1.03,1.02,2026-04-15,37,76,13.43
46.52477,131.31808,315.74,1.03,1.01,2026-04-15,37,76,14.21
46.5257,130.43307,319.48,1.08,1.04,2026-04-15,37,79,18.24
46.60094,130.57065,324.65,1.07,1.03,2026-04-15,37,83,23.74
46.6026,130.55711,320.76,1.07,1.03,2026-04-15,37,80,19.53
46.66499,130.64851,314.33,1.07,1.03,2026-04-15,37,75,12.83
46.8324,132.20747,318.42,1.01,1.0,2026-04-15,37,78,17.89
46.83414,132.19472,311.28,1.01,1.0,2026-04-15,37,71,11.89
46.84113,132.20996,346.14,1.01,1.0,2026-04-15,37,94,54.9
46.84288,132.19719,340.62,1.01,1.0,2026-04-15,37,92,44.86
47.71011,122.96948,310.33,2.51,1.52,2026-04-15,37,70,32.4
47.82732,131.01714,350.73,1.07,1.03,2026-04-15,37,96,71.13
47.82902,131.00328,365.22,1.07,1.03,2026-04-15,37,100,112.61
47.90884,132.04408,311.37,1.02,1.01,2026-04-15,37,71,10.45
48.01843,125.27686,318.67,1.89,1.34,2026-04-15,37,79,41.74
48.06974,134.68755,319.05,1.02,1.01,2026-04-15,37,79,17.92
48.07177,134.67439,310.91,1.02,1.01,2026-04-15,37,71,10.91
48.51747,135.23018,323.42,1.03,1.02,2026-04-15,37,82,22.72
48.61817,133.37201,329.86,1.0,1.0,2026-04-15,37,86,29.02
48.6287,133.36165,353.5,1.0,1.0,2026-04-15,37,97,67.96
48.63739,133.3644,343.11,1.0,1.0,2026-04-15,37,93,46.46
48.63923,133.35129,352.19,1.0,1.0,2026-04-15,37,97,66.04
48.71074,135.48282,323.65,1.04,1.02,2026-04-15,37,72,22.59
48.71269,135.41196,351.01,1.04,1.02,2026-04-15,37,96,66.2
48.71289,135.46927,404.11,1.04,1.02,2026-04-15,37,94,294.86
48.71483,135.39844,367.33,1.04,1.02,2026-04-15,37,100,112.04
48.71504,135.45572,402.26,1.04,1.02,2026-04-15,37,100,280.69
48.71697,135.38492,350.09,1.04,1.02,2026-04-15,37,96,64.74
48.71719,135.44217,363.94,1.04,1.02,2026-04-15,37,100,102.29
48.71738,135.49957,325.3,1.04,1.02,2026-04-15,37,79,23.18
48.73653,133.655,342.44,1.0,1.0,2026-04-15,37,93,46.52
48.7377,133.71021,338.22,1.0,1.0,2026-04-15,37,91,39.55
48.73957,133.6971,344.06,1.0,1.0,2026-04-15,37,94,49.18
48.74215,133.61568,335.38,1.0,1.0,2026-04-15,37,85,35.06
48.74402,133.60257,374.71,1.0,1.0,2026-04-15,37,100,131.48
48.74521,133.65779,349.79,1.0,1.0,2026-04-15,37,96,61.91
48.74637,133.71301,341.52,1.0,1.0,2026-04-15,37,92,45.1
48.74825,133.69991,342.85,1.0,1.0,2026-04-15,37,93,46.73
48.74895,133.63158,344.22,1.0,1.0,2026-04-15,37,94,51.48
48.75082,133.61845,339.22,1.0,1.0,2026-04-15,37,91,40.77
48.75128,133.74202,316.09,1.0,1.0,2026-04-15,37,76,14.56
48.75269,133.60535,370.74,1.0,1.0,2026-04-15,37,100,116.87
48.75456,133.59224,356.56,1.0,1.0,2026-04-15,37,98,76.55
48.75643,133.57912,324.61,1.0,1.0,2026-04-15,37,77,21.49
48.76038,132.3261,314.71,1.02,1.01,2026-04-15,37,75,12.66
48.76511,133.58189,367.93,1.0,1.0,2026-04-15,37,100,107.95
48.77094,132.31526,358.43,1.02,1.01,2026-04-15,37,99,82.31
48.77752,133.55843,338.29,1.0,1.0,2026-04-15,37,91,38.92
48.77797,132.33131,344.19,1.02,1.01,2026-04-15,37,94,50.65
48.77938,133.5453,403.46,1.0,1.0,2026-04-15,37,100,273.16
48.77973,132.3179,353.47,1.02,1.01,2026-04-15,37,97,69.83
48.78124,133.53218,385.92,1.0,1.0,2026-04-15,37,100,179.09
48.7831,133.51906,318.45,1.0,1.0,2026-04-15,37,78,16.17
48.7862,133.5612,326.78,1.0,1.0,2026-04-15,37,85,23.97
48.78806,133.54808,389.41,1.0,1.0,2026-04-15,37,100,194.14
48.78992,133.53496,341.21,1.0,1.0,2026-04-15,37,92,44.7
48.80793,132.24222,318.86,1.03,1.01,2026-04-15,37,79,18.49
48.84311,133.75035,319.21,1.0,1.0,2026-04-15,37,75,17.88
48.8433,132.11775,325.05,1.03,1.01,2026-04-15,37,83,23.93
48.84503,132.10422,326.76,1.03,1.01,2026-04-15,37,85,26.56
48.8504,132.13383,329.58,1.03,1.01,2026-04-15,37,86,28.32
48.85214,132.12027,379.35,1.03,1.01,2026-04-15,37,100,157.39
48.85388,132.10672,342.17,1.03,1.01,2026-04-15,37,93,49.7
48.85749,132.14995,367.86,1.03,1.01,2026-04-15,37,100,113.71
48.85924,132.13638,312.26,1.03,1.01,2026-04-15,37,72,10.89
48.86105,132.19337,342.61,1.03,1.01,2026-04-15,37,93,48.03
48.86281,132.17975,378.12,1.03,1.01,2026-04-15,37,100,150.79
48.86457,132.16615,414.19,1.03,1.01,2026-04-15,37,100,362.96
48.86632,132.15254,401.83,1.03,1.01,2026-04-15,37,100,274.72
48.86987,132.19598,356.48,1.03,1.01,2026-04-15,37,98,78.26
48.87163,132.18239,327.69,1.03,1.01,2026-04-15,37,85,26.22
49.00772,132.34735,356.07,1.02,1.01,2026-04-15,37,98,79.33
49.00948,132.3338,315.91,1.03,1.01,2026-04-15,37,76,14.81
49.01653,132.34996,318.78,1.02,1.01,2026-04-15,37,79,17.62
49.03893,136.17447,326.0,1.07,1.03,2026-04-15,37,73,24.86
49.06988,136.21591,349.73,1.07,1.03,2026-04-15,37,83,64.55
49.07675,136.17389,339.36,1.07,1.03,2026-04-15,37,91,45.57
50.38165,136.90327,347.89,1.08,1.04,2026-04-15,37,95,65.18
50.38406,136.88884,324.16,1.07,1.03,2026-04-15,37,83,25.1
36.98486,126.70153,318.95,1.17,1.08,2026-04-15,39,79,15.11
45.03983,124.55318,320.9,1.91,1.35,2026-04-15,39,73,36.91
45.0458,124.55991,320.08,1.91,1.35,2026-04-15,39,79,38.55
45.04752,124.53615,321.11,1.91,1.35,2026-04-15,39,80,39.98
45.08206,123.0237,318.52,2.34,1.48,2026-04-15,39,73,54.19
45.29136,127.29118,319.25,1.38,1.16,2026-04-15,39,79,26.32
45.35972,125.21027,311.67,1.77,1.3,2026-04-15,39,70,12.84
45.36092,125.34361,322.73,1.74,1.29,2026-04-15,39,81,35.86
45.72461,127.0208,313.45,1.44,1.19,2026-04-15,39,74,14.6
10.0178,122.7605,319.08,1.01,1.0,2026-04-15,48,74,10.66
10.37487,122.97219,324.41,1.0,1.0,2026-04-15,48,78,12.46
10.81932,123.29956,325.54,1.0,1.0,2026-04-15,48,78,18.05
10.94049,123.22301,326.99,1.0,1.0,2026-04-15,48,80,15.48
10.94176,123.21411,324.04,1.0,1.0,2026-04-15,48,77,12.49
13.24391,123.69183,326.47,1.0,1.0,2026-04-15,48,80,19.07
13.25593,123.69069,354.97,1.0,1.0,2026-04-15,48,97,69.53
13.2572,123.68174,338.89,1.0,1.0,2026-04-15,48,89,37.82
16.61866,121.7216,322.88,1.24,1.11,2026-04-15,48,77,15.65
16.62013,121.71024,325.12,1.24,1.11,2026-04-15,48,74,18.86
7.71331,124.95364,320.75,1.13,1.06,2026-04-15,50,79,16.79
7.71481,124.94365,315.63,1.13,1.06,2026-04-15,50,74,10.8
-18.85258,123.84646,337.35,2.23,1.45,2026-04-15,54,88,106.01
-18.85188,123.83987,342.85,2.23,1.45,2026-04-15,54,91,133.87
-18.8503,123.82578,337.84,2.22,1.44,2026-04-15,54,89,107.48
-18.84975,123.81916,320.3,2.22,1.44,2026-04-15,54,73,35.3
-18.84575,123.78459,327.17,2.2,1.44,2026-04-15,54,81,60.7
-18.84551,123.77797,328.25,2.2,1.44,2026-04-15,54,81,62.11
-18.72863,123.78326,328.16,2.19,1.44,2026-04-15,54,82,60.54
-18.72642,123.76301,324.09,2.19,1.43,2026-04-15,54,78,45.55
-17.30723,125.20252,318.95,2.7,1.57,2026-04-15,54,74,49.64
-16.64962,124.74371,324.14,2.44,1.51,2026-04-15,54,80,60.24
-16.33209,127.63121,316.24,4.05,1.87,2026-04-15,54,71,76.39
-15.87679,125.68349,317.07,2.82,1.6,2026-04-15,54,73,49.93
-15.64359,127.56081,322.01,3.92,1.84,2026-04-15,54,78,106.19
-15.56245,127.65137,322.38,3.97,1.85,2026-04-15,54,78,103.26
56.09483,44.18216,309.11,1.21,1.09,2026-04-15,54,76,17.67
-29.49753,116.51963,336.53,1.07,1.03,2026-04-15,58,89,36.44
-29.49612,116.50876,321.76,1.07,1.03,2026-04-15,58,77,16.02
-28.15611,114.40469,315.57,1.01,1.0,2026-04-15,58,70,9.94
-27.92003,115.06801,324.37,1.0,1.0,2026-04-15,58,80,18.06
35.62558,44.0151,309.21,1.17,1.08,2026-04-15,58,77,15.64
35.68847,43.87754,337.42,1.15,1.07,2026-04-15,58,100,53.82
35.72373,44.04609,318.24,1.17,1.08,2026-04-15,58,96,25.14
30.74547,48.29408,325.5,2.73,1.58,2026-04-15,100,100,116.4
30.75226,48.30095,329.99,2.73,1.58,2026-04-15,100,100,139.13
30.75815,48.27425,326.16,2.71,1.58,2026-04-15,100,100,118.15
31.00438,48.13633,314.21,2.62,1.55,2026-04-15,100,89,65.72
31.12805,49.33889,310.46,3.14,1.68,2026-04-15,100,80,73.48
31.13524,49.31562,310.82,3.13,1.68,2026-04-15,100,81,72.56
31.21499,48.95144,314.92,2.94,1.63,2026-04-15,100,90,76.24
31.2175,48.95954,317.04,2.94,1.63,2026-04-15,100,94,82.81
31.27338,48.12693,319.04,2.57,1.54,2026-04-15,100,98,79.85
32.35375,47.7159,316.26,2.27,1.46,2026-04-15,100,93,61.21
32.35447,47.72104,312.12,2.27,1.46,2026-04-15,100,84,50.0
23.95471,38.28379,313.57,1.0,1.0,2026-04-15,102,87,10.22
23.95616,38.2743,308.82,1.0,1.0,2026-04-15,102,76,6.29
13.87416,36.32085,329.16,1.02,1.01,2026-04-15,105,100,27.08
13.87556,36.31179,327.62,1.02,1.01,2026-04-15,105,100,25.04
13.88294,36.32223,332.33,1.02,1.01,2026-04-15,105,100,31.32
13.88433,36.31318,314.76,1.02,1.01,2026-04-15,105,90,11.91
8.01835,33.67144,317.91,1.01,1.0,2026-04-15,107,96,14.78
8.02579,33.68157,308.62,1.01,1.0,2026-04-15,107,72,7.28
8.02712,33.67274,315.83,1.01,1.0,2026-04-15,107,92,12.67
8.78425,32.75756,322.32,1.08,1.04,2026-04-15,107,100,22.45
9.49961,30.57863,317.53,1.47,1.2,2026-04-15,107,95,29.52
9.50147,30.5657,365.44,1.47,1.2,2026-04-15,107,100,180.54
9.50627,30.57334,328.53,1.47,1.2,2026-04-15,107,100,48.38
9.50804,30.56037,323.35,1.48,1.2,2026-04-15,107,100,36.84
10.41994,31.80457,310.52,1.26,1.11,2026-04-15,107,80,14.15
10.91931,33.00218,328.36,1.1,1.05,2026-04-15,107,100,30.26
10.9207,32.99244,313.76,1.1,1.05,2026-04-15,107,88,13.4
11.0923,30.65808,321.71,1.54,1.22,2026-04-15,107,100,33.77
11.21729,27.10651,316.26,2.94,1.63,2026-04-15,107,93,74.34
11.2195,27.11422,309.77,2.94,1.63,2026-04-15,107,78,49.76
-1.41461,29.20813,371.88,1.27,1.12,2026-04-15,109,100,175.77
-1.41291,29.19697,326.58,1.27,1.12,2026-04-15,109,100,36.03
-1.40487,29.20956,444.52,1.27,1.12,2026-04-15,109,100,915.92
-1.40318,29.19852,370.97,1.27,1.12,2026-04-15,109,100,171.47
-17.48462,-59.5461,322.43,2.76,1.59,2026-04-15,134,100,83.58
-17.47959,-59.56769,310.02,2.75,1.59,2026-04-15,134,79,36.13
-17.47488,-59.54226,319.75,2.76,1.59,2026-04-15,134,99,71.9
-17.47067,-59.54887,308.97,2.76,1.59,2026-04-15,134,76,34.24
-12.78431,-66.85423,322.24,1.07,1.03,2026-04-15,137,100,19.94
-12.78292,-66.8446,308.8,1.07,1.03,2026-04-15,137,76,7.49
7.57127,-67.00388,311.24,1.99,1.38,2026-04-15,141,80,25.95
7.93256,-80.59592,327.67,2.93,1.63,2026-04-15,141,100,115.58
7.93581,-80.60181,324.45,2.93,1.63,2026-04-15,141,100,98.29
7.93995,-80.57657,308.47,2.91,1.63,2026-04-15,141,73,31.34
9.07993,-63.95638,317.32,3.71,1.8,2026-04-15,141,95,90.68
9.0894,-63.96284,313.1,3.71,1.8,2026-04-15,141,86,67.28
10.81995,-74.78969,326.78,1.05,1.03,2026-04-15,141,100,24.21
20.10942,-77.46561,355.07,1.11,1.05,2026-04-15,145,100,84.37
22.39209,-83.87174,326.24,2.69,1.57,2026-04-15,147,100,96.64
22.39459,-83.8913,309.02,2.7,1.57,2026-04-15,147,76,34.79
22.39926,-83.86644,334.1,2.69,1.57,2026-04-15,147,100,142.47
22.40376,-83.84245,314.31,2.68,1.57,2026-04-15,147,88,48.7
22.41047,-83.85001,319.13,2.68,1.57,2026-04-15,147,87,64.16
22.41923,-83.87775,312.33,2.69,1.57,2026-04-15,147,82,42.96
22.42391,-83.85352,325.47,2.68,1.57,2026-04-15,147,100,96.24
22.42878,-83.82832,307.45,2.66,1.57,2026-04-15,147,71,30.17
22.43082,-83.84862,328.1,2.68,1.57,2026-04-15,147,100,104.12
22.73877,-79.85336,307.23,1.37,1.16,2026-04-15,147,71,11.94
31.08517,-89.12003,308.47,3.95,1.85,2026-04-15,149,75,67.45
33.75951,-79.26247,312.36,1.0,1.0,2026-04-15,149,80,11.27
35.1606,-84.37608,308.51,1.53,1.22,2026-04-15,149,75,17.79
35.16461,-84.38758,311.29,1.54,1.22,2026-04-15,149,82,21.34
35.16741,-84.37207,321.11,1.53,1.22,2026-04-15,149,100,37.3
35.17103,-84.37946,314.54,1.53,1.22,2026-04-15,149,89,25.61
36.35345,-76.80676,313.58,1.14,1.06,2026-04-15,149,87,14.76
52.64371,104.55838,327.19,1.4,1.17,2026-04-15,213,85,45.95
47.85752,124.60188,331.91,4.64,1.97,2026-04-15,215,84,272.03
47.8593,124.60777,333.64,4.64,1.97,2026-04-15,215,86,294.04
40.95897,112.4901,317.59,1.65,1.26,2026-04-15,217,76,25.19
41.07871,109.04307,318.28,1.12,1.06,2026-04-15,217,76,12.66
41.08085,109.0303,320.11,1.12,1.05,2026-04-15,217,78,14.37
41.10349,109.2388,325.92,1.14,1.06,2026-04-15,217,83,24.24
41.22588,108.89135,317.82,1.1,1.05,2026-04-15,217,74,8.06
41.27643,107.70496,316.64,1.03,1.01,2026-04-15,217,73,9.83
41.3039,112.47523,318.81,1.61,1.25,2026-04-15,217,75,26.62
41.41499,111.73744,318.11,1.46,1.19,2026-04-15,217,73,17.45
41.42471,108.81543,317.93,1.09,1.04,2026-04-15,217,74,9.64
41.42629,108.92103,316.45,1.1,1.05,2026-04-15,217,72,8.41
41.42675,108.80293,315.51,1.09,1.04,2026-04-15,217,71,6.96
41.42835,108.90847,317.56,1.1,1.05,2026-04-15,217,74,9.58
22.06832,102.98116,322.34,1.07,1.03,2026-04-15,221,80,19.15
22.06979,102.9716,315.75,1.07,1.03,2026-04-15,221,73,12.28
22.28675,102.45583,319.96,1.03,1.01,2026-04-15,221,78,15.01
22.71028,99.28847,371.03,1.12,1.05,2026-04-15,221,100,137.31
23.35654,99.70425,318.61,1.09,1.04,2026-04-15,221,76,14.98
23.37654,99.40857,324.51,1.12,1.05,2026-04-15,221,82,20.8
23.40729,99.59226,313.93,1.1,1.05,2026-04-15,221,71,6.72
23.48981,103.96672,316.61,1.14,1.06,2026-04-15,221,70,9.31
23.71614,103.63996,321.84,1.1,1.04,2026-04-15,221,77,14.89
24.14107,104.29223,328.83,1.16,1.07,2026-04-15,221,83,28.24
12.75766,99.84138,327.81,1.01,1.01,2026-04-15,224,81,16.78
13.15244,99.52371,317.7,1.0,1.0,2026-04-15,224,70,9.76
13.33148,99.1877,350.87,1.0,1.0,2026-04-15,224,96,60.17
13.33454,101.12152,324.95,1.09,1.04,2026-04-15,224,76,13.09
13.42606,99.23495,322.55,1.0,1.0,2026-04-15,224,76,14.1
13.54698,99.22231,322.58,1.0,1.0,2026-04-15,224,76,12.75
13.61427,99.14666,321.21,1.0,1.0,2026-04-15,224,73,14.62
13.65435,99.17989,322.47,1.0,1.0,2026-04-15,224,73,13.8
13.66202,99.126,322.28,1.0,1.0,2026-04-15,224,75,14.89
14.16835,99.66558,348.06,1.0,1.0,2026-04-15,224,94,45.55
14.16964,99.65659,321.46,1.0,1.0,2026-04-15,224,72,6.57
14.37438,98.8632,332.96,1.01,1.01,2026-04-15,224,85,27.21
14.51786,100.62194,324.03,1.03,1.01,2026-04-15,224,74,12.31
14.65172,98.45496,333.04,1.04,1.02,2026-04-15,224,85,28.79
14.65302,98.44555,321.82,1.04,1.02,2026-04-15,224,73,15.19
15.00979,99.1297,319.5,1.01,1.0,2026-04-15,224,70,12.32
15.34121,98.80313,324.25,1.03,1.01,2026-04-15,224,70,16.52
15.41435,99.46956,331.15,1.0,1.0,2026-04-15,224,82,22.05
15.42392,105.89654,317.87,2.07,1.4,2026-04-15,224,71,16.02
15.76084,100.71947,341.18,1.02,1.01,2026-04-15,224,88,31.09
15.85685,101.98045,341.28,1.12,1.05,2026-04-15,224,88,38.31
16.19496,101.64568,337.15,1.08,1.04,2026-04-15,224,86,30.91
16.20409,101.64668,337.35,1.08,1.04,2026-04-15,224,86,33.65
16.24005,99.69402,324.06,1.0,1.0,2026-04-15,224,72,12.25
16.24134,99.68491,325.76,1.0,1.0,2026-04-15,224,75,13.83
16.3158,99.21995,327.58,1.02,1.01,2026-04-15,224,78,18.48
16.31709,99.21068,326.03,1.02,1.01,2026-04-15,224,76,16.23
16.45907,98.45023,341.35,1.07,1.03,2026-04-15,224,90,45.91
16.52936,99.6066,326.55,1.0,1.0,2026-04-15,224,76,14.62
16.53065,99.59747,322.79,1.01,1.0,2026-04-15,224,70,10.77
16.57072,106.43866,332.74,2.16,1.43,2026-04-15,224,84,73.91
16.57934,101.36108,341.9,1.05,1.02,2026-04-15,224,90,41.43
16.58072,101.35182,348.85,1.05,1.02,2026-04-15,224,94,54.98
16.63387,102.33962,324.02,1.14,1.06,2026-04-15,224,72,12.76
16.65207,100.16737,323.56,1.0,1.0,2026-04-15,224,72,12.13
16.67483,101.40764,330.88,1.05,1.02,2026-04-15,224,81,23.18
16.83968,101.66212,322.65,1.07,1.03,2026-04-15,224,70,11.5
16.89881,101.14706,322.21,1.03,1.01,2026-04-15,224,70,14.09
16.90939,102.66142,324.95,1.17,1.08,2026-04-15,224,70,13.47
17.03936,99.9157,324.29,1.0,1.0,2026-04-15,224,74,11.2
17.11993,101.76591,326.26,1.07,1.03,2026-04-15,224,76,14.78
17.15603,98.88294,324.98,1.04,1.02,2026-04-15,224,75,17.77
17.4724,101.44717,329.95,1.04,1.02,2026-04-15,224,80,22.12
17.96075,100.75983,328.13,1.0,1.0,2026-04-15,224,79,20.37
17.97134,102.00494,327.19,1.07,1.03,2026-04-15,224,70,18.75
17.98191,102.05713,327.45,1.08,1.04,2026-04-15,224,78,19.45
18.04975,102.0379,334.68,1.07,1.03,2026-04-15,224,85,31.49
18.13639,100.57442,323.15,1.0,1.0,2026-04-15,224,73,13.28
18.15492,100.8369,323.85,1.01,1.0,2026-04-15,224,74,13.33
18.16067,104.3588,319.2,1.42,1.18,2026-04-15,224,70,15.69
18.16289,104.34545,323.49,1.42,1.18,2026-04-15,224,77,23.28
18.18928,104.37807,320.25,1.42,1.18,2026-04-15,224,72,18.97
18.24971,102.96575,329.62,1.17,1.08,2026-04-15,224,81,26.58
18.25432,101.84456,332.09,1.05,1.03,2026-04-15,224,83,25.66
18.2547,101.65804,351.36,1.04,1.02,2026-04-15,224,96,62.71
18.26329,101.84605,325.38,1.05,1.03,2026-04-15,224,76,16.66
18.26361,101.65956,325.16,1.04,1.02,2026-04-15,224,76,17.25
18.27071,101.61181,324.0,1.04,1.02,2026-04-15,224,74,15.84
18.28478,104.78988,321.82,1.51,1.21,2026-04-15,224,73,25.03
18.29697,102.9463,330.33,1.17,1.08,2026-04-15,224,82,26.83
18.37074,102.11577,321.02,1.07,1.03,2026-04-15,224,71,13.76
18.38412,102.02735,333.17,1.07,1.03,2026-04-15,224,84,27.38
18.45111,103.26505,325.69,1.21,1.09,2026-04-15,224,79,20.86
18.46681,103.16586,325.59,1.19,1.09,2026-04-15,224,78,21.55
18.47059,100.36311,322.02,1.0,1.0,2026-04-15,224,72,12.44
18.50851,102.96214,319.81,1.16,1.07,2026-04-15,224,71,12.92
18.5587,102.94875,319.44,1.16,1.07,2026-04-15,224,71,13.93
18.57005,103.22228,319.47,1.2,1.09,2026-04-15,224,72,14.14
18.58464,101.86281,321.42,1.05,1.02,2026-04-15,224,72,13.79
18.58694,104.46989,328.57,1.42,1.18,2026-04-15,224,83,35.35
18.60135,103.27223,318.75,1.21,1.09,2026-04-15,224,71,14.21
18.61139,101.3663,323.2,1.02,1.01,2026-04-15,224,74,14.88
18.67045,101.28631,328.17,1.02,1.01,2026-04-15,224,80,20.55
18.67163,101.40088,323.62,1.02,1.01,2026-04-15,224,76,15.26
18.68503,101.74886,321.17,1.04,1.02,2026-04-15,224,73,14.49
18.69954,101.95778,329.72,1.05,1.03,2026-04-15,224,82,24.23
18.71308,102.42014,326.19,1.1,1.04,2026-04-15,224,80,19.37
18.72528,103.53718,319.83,1.24,1.11,2026-04-15,224,74,15.16
18.7271,103.52562,318.38,1.24,1.11,2026-04-15,224,71,13.49
18.76772,103.3919,320.86,1.22,1.1,2026-04-15,224,76,18.31
18.77819,101.24295,320.19,1.01,1.01,2026-04-15,224,71,11.75
18.77841,101.68227,332.0,1.03,1.02,2026-04-15,224,85,27.92
18.82653,103.8749,330.69,1.29,1.13,2026-04-15,224,85,36.07
18.83413,101.80485,332.66,1.04,1.02,2026-04-15,224,86,26.55
18.84421,102.89654,318.41,1.15,1.07,2026-04-15,224,72,14.02
19.02268,103.68206,322.56,1.25,1.11,2026-04-15,224,79,22.01
19.02461,103.67004,330.56,1.25,1.11,2026-04-15,224,85,34.77
19.10421,100.51373,328.1,1.0,1.0,2026-04-15,224,81,21.52
19.10554,100.5045,320.92,1.0,1.0,2026-04-15,224,73,13.41
19.11293,101.7253,316.73,1.03,1.02,2026-04-15,224,70,8.63
19.11746,101.00207,320.81,1.0,1.0,2026-04-15,224,74,13.7
19.13992,101.29655,331.06,1.01,1.01,2026-04-15,224,84,25.82
19.15847,96.98943,330.05,1.35,1.15,2026-04-15,224,82,34.22
19.20763,99.78033,321.16,1.02,1.01,2026-04-15,224,74,12.07
19.25653,98.17319,318.35,1.16,1.07,2026-04-15,224,70,14.79
19.32165,102.00239,336.06,1.05,1.02,2026-04-15,224,88,35.3
19.5271,99.67962,325.51,1.03,1.01,2026-04-15,224,79,17.35
19.54172,104.28633,321.15,1.34,1.15,2026-04-15,224,76,22.13
19.68941,99.63197,322.84,1.03,1.01,2026-04-15,224,76,13.66
19.69072,99.62251,325.87,1.03,1.02,2026-04-15,224,79,17.67
19.69548,102.15936,317.89,1.05,1.02,2026-04-15,224,72,10.94
19.81256,99.61469,317.77,1.03,1.02,2026-04-15,224,70,10.07
19.85246,100.78001,319.5,1.0,1.0,2026-04-15,224,73,12.1
19.85765,99.48389,321.04,1.04,1.02,2026-04-15,224,74,13.14
19.85898,99.4741,320.42,1.04,1.02,2026-04-15,224,73,12.14
19.87978,102.65304,317.94,1.09,1.04,2026-04-15,224,71,10.61
19.92345,99.6767,320.08,1.03,1.02,2026-04-15,224,74,12.92
19.9274,101.0254,388.1,1.0,1.0,2026-04-15,224,100,184.56
19.92874,101.01612,358.3,1.0,1.0,2026-04-15,224,99,76.76
20.0076,101.23356,328.89,1.0,1.0,2026-04-15,224,83,20.94
20.08228,102.71642,325.77,1.09,1.04,2026-04-15,224,81,20.96
20.13524,100.73898,319.22,1.0,1.0,2026-04-15,224,74,13.72
20.144,100.74036,330.46,1.0,1.0,2026-04-15,224,84,25.64
20.22104,100.25784,323.49,1.01,1.0,2026-04-15,224,78,16.33
20.23195,102.83106,331.15,1.1,1.05,2026-04-15,224,85,28.73
20.23347,102.82116,361.09,1.1,1.05,2026-04-15,224,100,96.47
20.28723,102.95142,315.53,1.11,1.05,2026-04-15,224,70,10.23
20.3043,102.35357,320.7,1.06,1.03,2026-04-15,224,77,13.48
20.31892,103.03905,350.9,1.12,1.05,2026-04-15,224,96,70.87
20.32056,103.02857,338.03,1.12,1.05,2026-04-15,224,90,42.22
20.36205,102.76254,349.28,1.09,1.04,2026-04-15,224,95,64.63
20.36367,102.7521,357.69,1.09,1.04,2026-04-15,224,99,86.58
20.38127,100.49519,318.8,1.0,1.0,2026-04-15,224,74,12.7
20.3826,100.48582,318.63,1.0,1.0,2026-04-15,224,74,12.72
20.40568,102.84371,316.18,1.1,1.04,2026-04-15,224,71,12.68
20.40726,102.83338,319.95,1.1,1.04,2026-04-15,224,76,16.19
20.42756,102.57829,319.44,1.07,1.03,2026-04-15,224,75,14.87
20.42906,102.5685,316.21,1.07,1.03,2026-04-15,224,71,11.53
20.44244,102.41982,324.71,1.06,1.03,2026-04-15,224,80,18.25
20.47969,110.25173,326.48,3.51,1.76,2026-04-15,224,80,106.73
20.48599,110.21977,319.17,3.49,1.76,2026-04-15,224,71,59.53
20.55098,100.60064,318.93,1.0,1.0,2026-04-15,224,75,13.2
20.5744,101.47375,319.9,1.01,1.0,2026-04-15,224,76,14.62
20.58182,101.48447,317.43,1.01,1.0,2026-04-15,224,73,11.86
20.58319,101.47514,326.52,1.01,1.0,2026-04-15,224,82,21.25
20.69444,102.09565,316.01,1.03,1.02,2026-04-15,224,72,11.01
20.70214,100.45518,335.01,1.01,1.0,2026-04-15,224,88,32.23
20.74368,103.05229,314.88,1.11,1.05,2026-04-15,224,70,11.29
20.74557,101.81196,323.19,1.02,1.01,2026-04-15,224,80,14.72
20.74696,101.80255,318.59,1.02,1.01,2026-04-15,224,75,10.59
20.7676,100.43668,332.87,1.01,1.0,2026-04-15,224,87,29.5
20.78084,103.47181,331.06,1.16,1.07,2026-04-15,224,86,33.26
20.80196,103.92779,350.81,1.22,1.1,2026-04-15,224,96,80.66
20.83272,102.04305,315.14,1.03,1.01,2026-04-15,224,71,9.87
20.83418,102.03335,321.13,1.03,1.01,2026-04-15,224,78,15.64
21.04444,103.96363,340.16,1.22,1.1,2026-04-15,224,91,53.03
21.13682,103.44009,317.26,1.14,1.07,2026-04-15,224,72,13.41
21.17733,103.70985,327.94,1.18,1.08,2026-04-15,224,83,26.85
21.19858,102.06997,316.45,1.02,1.01,2026-04-15,224,73,10.71
21.20641,102.86945,352.06,1.08,1.04,2026-04-15,224,96,70.17
21.20795,102.85947,334.56,1.08,1.04,2026-04-15,224,88,34.4
21.21548,102.87098,337.95,1.08,1.04,2026-04-15,224,90,40.88
21.21702,102.86092,322.64,1.08,1.04,2026-04-15,224,79,18.73
21.23048,102.28178,345.4,1.04,1.02,2026-04-15,224,71,48.6
21.23193,102.27207,424.56,1.04,1.02,2026-04-15,224,94,450.49
21.23336,102.26254,371.17,1.04,1.02,2026-04-15,224,94,119.93
21.23938,102.28323,335.17,1.04,1.02,2026-04-15,224,80,32.09
21.24081,102.27364,432.72,1.04,1.02,2026-04-15,224,100,533.36
21.24223,102.26418,381.46,1.04,1.02,2026-04-15,224,100,161.73
21.27178,100.27328,320.04,1.02,1.01,2026-04-15,224,78,15.37
21.27308,100.26387,339.65,1.02,1.01,2026-04-15,224,91,41.19
21.30511,100.88921,324.84,1.0,1.0,2026-04-15,224,82,20.16
21.30643,100.87985,328.97,1.0,1.0,2026-04-15,224,85,25.2
21.42389,102.04202,332.61,1.02,1.01,2026-04-15,224,87,30.9
21.4253,102.03252,333.77,1.02,1.01,2026-04-15,224,88,32.43
21.50037,102.52112,316.76,1.05,1.02,2026-04-15,224,74,12.86
21.56313,103.30971,318.92,1.12,1.05,2026-04-15,224,76,15.54
21.59868,102.48351,313.61,1.04,1.02,2026-04-15,224,70,9.35
21.69852,99.70361,317.13,1.06,1.03,2026-04-15,224,72,11.86
6.83816,100.57487,317.86,1.2,1.09,2026-04-15,226,71,13.7
9.02542,99.01969,319.17,1.01,1.0,2026-04-15,226,73,10.45
28.9085,19.78516,320.59,1.63,1.26,2026-04-15,238,100,39.68
28.91151,19.76898,325.39,1.63,1.26,2026-04-15,238,100,49.81
28.91242,19.77658,335.43,1.63,1.26,2026-04-15,238,100,76.95
29.22897,19.707,312.65,1.59,1.24,2026-04-15,238,85,24.92
29.23194,19.69141,309.87,1.58,1.24,2026-04-15,238,79,20.63
0.37846,9.60904,330.95,1.08,1.04,2026-04-15,247,100,31.93
4.15063,7.97386,312.2,1.02,1.01,2026-04-15,247,78,7.66
4.66409,6.08109,310.18,1.23,1.1,2026-04-15,247,79,11.33
15.98,-93.67,309.2,1.86,1.33,2026-04-15,321,77,15.79
17.51627,-93.82388,333.47,1.91,1.35,2026-04-15,323,100,83.8
17.5182,-93.80627,318.68,1.91,1.35,2026-04-15,323,97,40.29
17.75703,-92.92049,315.87,2.26,1.46,2026-04-15,323,92,43.14
17.75736,-92.91485,312.87,2.26,1.46,2026-04-15,323,86,35.36
17.76583,-99.52569,310.74,1.0,1.0,2026-04-15,323,81,8.3
17.83691,-93.13587,313.73,2.18,1.43,2026-04-15,323,88,35.27
17.83914,-93.11589,339.55,2.19,1.43,2026-04-15,323,100,131.2
17.84028,-93.12255,338.63,2.19,1.43,2026-04-15,323,100,127.44
17.89683,-93.18962,317.21,2.16,1.43,2026-04-15,323,95,43.96
17.89837,-93.1955,312.77,2.16,1.43,2026-04-15,323,86,31.87
17.9004,-93.17551,307.18,2.17,1.43,2026-04-15,323,71,20.07
17.93487,-102.20591,310.28,1.18,1.08,2026-04-15,323,80,9.81
18.09228,-93.44733,307.05,2.08,1.4,2026-04-15,323,70,18.19
18.36967,-100.69379,321.26,1.03,1.01,2026-04-15,323,100,14.85
18.84937,-102.5609,308.08,1.2,1.09,2026-04-15,323,72,5.88
18.8576,-103.10123,327.14,1.29,1.13,2026-04-15,323,100,36.89
18.85944,-103.08954,332.22,1.29,1.13,2026-04-15,323,100,46.42
19.31039,-89.9241,310.38,4.05,1.87,2026-04-15,323,71,64.07
19.67327,-103.33836,314.5,1.29,1.13,2026-04-15,323,89,17.64
19.67696,-103.31484,314.16,1.29,1.13,2026-04-15,323,89,17.1
19.68308,-103.34017,307.74,1.29,1.13,2026-04-15,323,72,10.48
20.04882,-99.2935,308.76,1.02,1.01,2026-04-15,323,75,10.45
20.13354,-105.13367,315.77,1.68,1.27,2026-04-15,323,92,27.16
20.14459,-105.1357,310.6,1.68,1.27,2026-04-15,323,80,18.84
20.14753,-101.61491,307.28,1.06,1.03,2026-04-15,323,71,8.7
20.36294,-105.56064,308.07,1.78,1.31,2026-04-15,323,73,16.14
20.36359,-105.55056,310.03,1.78,1.31,2026-04-15,323,77,18.71
20.51542,-103.92908,307.41,1.37,1.16,2026-04-15,323,71,12.23
20.60163,-102.90987,316.58,1.19,1.09,2026-04-15,323,93,19.49
25.19387,-99.87873,308.15,1.05,1.02,2026-04-15,325,74,7.06
54.12177,86.94544,311.94,1.0,1.0,2026-04-15,351,72,12.74
46.90413,88.08022,310.89,1.26,1.12,2026-04-15,353,71,13.86
52.05967,77.10674,313.84,1.85,1.33,2026-04-15,353,74,30.73
53.12785,78.1634,343.77,1.69,1.28,2026-04-15,353,92,107.31
53.12965,78.13853,333.22,1.7,1.28,2026-04-15,353,85,70.56
44.32237,84.19792,322.86,1.03,1.01,2026-04-15,355,81,17.21
45.65601,79.44306,318.09,1.2,1.09,2026-04-15,355,76,16.63
46.47243,77.15889,328.03,1.57,1.23,2026-04-15,355,73,50.22
46.53163,76.47264,319.15,1.7,1.28,2026-04-15,355,77,28.29
46.53217,76.45667,341.77,1.71,1.28,2026-04-15,355,70,93.0
46.53344,76.4509,331.78,1.71,1.28,2026-04-15,355,86,60.1
46.53529,81.58468,324.78,1.05,1.02,2026-04-15,355,79,24.83
46.53697,81.5714,373.76,1.05,1.02,2026-04-15,355,87,140.52
46.92809,81.00846,318.63,1.09,1.04,2026-04-15,355,79,15.17
24.56287,78.70296,336.06,1.05,1.03,2026-04-15,400,82,26.33
24.85162,77.12405,339.18,1.0,1.0,2026-04-15,400,85,27.59
24.85298,77.11446,332.39,1.0,1.0,2026-04-15,400,78,17.34
24.96905,77.71687,330.19,1.0,1.0,2026-04-15,400,75,15.4
24.99014,83.74624,324.66,2.04,1.39,2026-04-15,400,70,25.22
24.99891,79.17677,328.61,1.08,1.04,2026-04-15,400,72,13.79
25.04479,77.31629,347.8,1.0,1.0,2026-04-15,400,92,43.55
25.04616,77.30669,328.28,1.0,1.0,2026-04-15,400,71,12.66
25.08965,76.13399,335.34,1.03,1.02,2026-04-15,400,82,22.51
25.13075,84.05741,328.4,2.13,1.42,2026-04-15,400,77,32.97
25.17819,84.09496,324.82,2.14,1.42,2026-04-15,400,70,22.54
25.18856,76.41855,331.91,1.02,1.01,2026-04-15,400,77,17.21
25.21414,84.04019,326.83,2.12,1.41,2026-04-15,400,74,27.66
25.53775,76.70714,336.14,1.01,1.01,2026-04-15,400,83,21.71
25.58795,76.73533,331.19,1.01,1.01,2026-04-15,400,78,17.9
26.98831,82.79749,322.33,1.59,1.24,2026-04-15,400,72,18.06
27.09325,82.73138,331.15,1.57,1.23,2026-04-15,400,82,35.15
27.09598,82.71623,322.2,1.57,1.23,2026-04-15,400,72,14.74
27.22046,82.93191,326.9,1.61,1.25,2026-04-15,400,78,25.17
27.32785,83.4211,324.68,1.73,1.29,2026-04-15,400,77,23.55
27.32895,83.41568,324.82,1.73,1.29,2026-04-15,400,76,22.62
28.42287,81.36678,324.28,1.24,1.1,2026-04-15,400,78,21.2
28.42514,81.3731,325.82,1.24,1.1,2026-04-15,400,80,22.62
17.14057,78.70437,327.36,1.28,1.12,2026-04-15,402,74,20.77
17.19839,77.3799,332.91,1.09,1.04,2026-04-15,402,76,22.24
18.80661,77.86452,337.57,1.1,1.05,2026-04-15,402,85,27.94
19.27012,81.09783,323.86,1.7,1.28,2026-04-15,402,72,26.64
20.15804,76.24329,339.29,1.0,1.0,2026-04-15,402,84,26.28
20.28214,76.14595,331.91,1.0,1.0,2026-04-15,402,74,12.91
20.28564,77.0687,330.37,1.02,1.01,2026-04-15,402,70,12.26
20.57384,76.93212,336.06,1.01,1.01,2026-04-15,402,80,20.01
21.26615,79.28854,351.03,1.21,1.09,2026-04-15,402,94,63.15
21.27206,79.31271,334.27,1.21,1.09,2026-04-15,402,81,23.36
21.27569,79.29024,336.69,1.21,1.09,2026-04-15,402,83,27.48
21.28162,79.3144,335.09,1.21,1.09,2026-04-15,402,81,24.41
21.30308,79.36474,331.55,1.22,1.1,2026-04-15,402,77,18.38
21.30488,79.35343,335.05,1.22,1.1,2026-04-15,402,81,24.67
21.31324,79.42503,333.81,1.23,1.1,2026-04-15,402,80,24.13
21.47072,77.43774,329.25,1.02,1.01,2026-04-15,402,70,16.51
21.47213,77.42825,334.02,1.02,1.01,2026-04-15,402,78,23.73
21.69732,70.49787,327.74,1.97,1.37,2026-04-15,402,71,27.7
21.86128,79.22563,326.63,1.18,1.08,2026-04-15,402,71,14.01
22.00757,79.28705,335.13,1.18,1.08,2026-04-15,402,83,26.9
22.01737,79.53062,327.29,1.22,1.1,2026-04-15,402,73,17.29
22.01819,79.22103,338.37,1.17,1.08,2026-04-15,402,86,31.82
22.03208,77.19294,332.57,1.01,1.0,2026-04-15,402,78,17.83
22.05548,76.00523,334.44,1.01,1.0,2026-04-15,402,79,18.03
22.0568,75.99571,335.09,1.01,1.0,2026-04-15,402,80,18.93
22.06936,79.4183,327.82,1.2,1.09,2026-04-15,402,73,15.2
22.07115,79.25314,333.64,1.17,1.08,2026-04-15,402,81,23.4
22.08361,76.12577,333.22,1.01,1.0,2026-04-15,402,77,17.46
22.09324,79.33102,348.38,1.18,1.08,2026-04-15,402,93,54.83
22.09502,79.31994,344.29,1.18,1.08,2026-04-15,402,90,44.74
22.09784,79.42347,373.93,1.2,1.09,2026-04-15,402,100,150.25
22.10269,79.33271,335.17,1.18,1.08,2026-04-15,402,83,25.75
22.10446,79.32165,340.86,1.18,1.08,2026-04-15,402,88,37.07
22.10568,77.94561,328.67,1.04,1.02,2026-04-15,402,74,14.77
22.10734,79.42519,336.73,1.2,1.09,2026-04-15,402,84,29.55
22.10912,79.41405,334.1,1.2,1.09,2026-04-15,402,82,23.03
22.1281,79.41753,333.89,1.2,1.09,2026-04-15,402,81,23.87
22.14043,76.12176,328.61,1.01,1.0,2026-04-15,402,70,11.67
22.15479,79.43396,331.15,1.2,1.09,2026-04-15,402,73,19.16
22.15823,79.44109,342.51,1.2,1.09,2026-04-15,402,89,41.6
22.16005,79.42989,334.89,1.2,1.09,2026-04-15,402,80,24.65
22.16641,78.813,328.0,1.12,1.05,2026-04-15,402,73,15.23
22.17922,79.2783,326.76,1.17,1.08,2026-04-15,402,71,10.35
22.22543,77.45763,335.78,1.02,1.01,2026-04-15,402,82,22.39
22.24507,77.32451,343.38,1.01,1.01,2026-04-15,402,89,34.5
22.24545,79.44548,331.46,1.2,1.09,2026-04-15,402,79,20.36
22.24721,79.43427,335.38,1.19,1.09,2026-04-15,402,83,26.37
22.25094,75.79464,331.55,1.02,1.01,2026-04-15,402,76,15.52
22.3133,75.73562,334.15,1.02,1.01,2026-04-15,402,80,17.71
22.4097,79.8476,340.83,1.25,1.11,2026-04-15,402,88,43.27
22.42236,79.64773,326.37,1.22,1.1,2026-04-15,402,70,13.5
22.42421,79.63635,349.48,1.22,1.1,2026-04-15,402,94,61.92
22.46105,79.71384,327.24,1.23,1.1,2026-04-15,402,72,15.48
22.81364,75.44618,337.69,1.05,1.02,2026-04-15,402,83,26.47
22.99811,76.32986,329.95,1.01,1.0,2026-04-15,402,72,15.32
23.07502,75.62547,328.81,1.04,1.02,2026-04-15,402,70,14.2
23.07636,75.61565,333.17,1.04,1.02,2026-04-15,402,77,20.05
23.09264,78.39422,335.54,1.06,1.03,2026-04-15,402,82,23.87
23.16053,77.19875,330.78,1.0,1.0,2026-04-15,402,75,15.29
23.19105,77.62028,341.56,1.01,1.01,2026-04-15,402,88,31.98
23.2156,75.67961,329.95,1.04,1.02,2026-04-15,402,72,13.91
23.25305,77.76478,342.34,1.02,1.01,2026-04-15,402,88,33.78
23.25308,78.73571,328.73,1.08,1.04,2026-04-15,402,73,13.43
23.30145,77.74339,328.47,1.02,1.01,2026-04-15,402,71,11.97
23.30287,77.7338,330.42,1.02,1.01,2026-04-15,402,75,14.3
23.36535,77.69179,331.82,1.01,1.01,2026-04-15,402,76,16.52
23.3768,78.0409,375.0,1.03,1.01,2026-04-15,402,100,124.21
23.37826,78.03116,384.09,1.03,1.01,2026-04-15,402,100,163.16
23.37971,78.02142,328.46,1.03,1.01,2026-04-15,402,72,12.74
23.41647,76.36297,328.38,1.01,1.0,2026-04-15,402,70,11.58
23.4178,76.3534,339.94,1.01,1.0,2026-04-15,402,86,28.14
23.41989,76.61338,343.83,1.0,1.0,2026-04-15,402,89,34.59
23.46937,78.29085,333.73,1.04,1.02,2026-04-15,402,80,21.06
23.5123,77.32124,336.29,1.0,1.0,2026-04-15,402,82,21.47
23.51368,77.31173,332.79,1.0,1.0,2026-04-15,402,78,16.65
23.52106,77.3227,328.74,1.0,1.0,2026-04-15,402,71,12.11
23.55476,76.43672,331.1,1.01,1.0,2026-04-15,402,75,16.02
23.60155,77.96844,332.66,1.02,1.01,2026-04-15,402,78,17.87
23.63097,77.95361,332.22,1.02,1.01,2026-04-15,402,77,15.98
23.66154,76.33239,331.78,1.01,1.01,2026-04-15,402,76,15.24
23.70869,75.85381,341.42,1.03,1.02,2026-04-15,402,87,31.91
23.70972,77.1719,330.19,1.0,1.0,2026-04-15,402,74,15.38
23.71967,76.89513,330.74,1.0,1.0,2026-04-15,402,74,14.23
23.72366,77.44725,342.21,1.0,1.0,2026-04-15,402,88,34.38
23.72505,77.43771,336.29,1.0,1.0,2026-04-15,402,82,24.38
23.73124,78.27425,344.45,1.04,1.02,2026-04-15,402,90,38.73
23.73273,78.2644,347.56,1.04,1.02,2026-04-15,402,92,45.12
23.75201,75.59748,330.33,1.05,1.02,2026-04-15,402,73,14.55
23.80318,77.85677,334.19,1.02,1.01,2026-04-15,402,80,19.89
23.80462,77.84711,337.57,1.02,1.01,2026-04-15,402,84,25.4
23.86817,79.23916,336.96,1.12,1.05,2026-04-15,402,84,28.84
24.00687,77.97383,328.12,1.02,1.01,2026-04-15,402,70,12.6
24.11502,77.42078,335.66,1.0,1.0,2026-04-15,402,81,22.04
24.11641,77.41123,330.88,1.0,1.0,2026-04-15,402,75,15.31
24.18117,77.47755,333.39,1.0,1.0,2026-04-15,402,78,18.81
24.22076,77.47064,340.44,1.0,1.0,2026-04-15,402,86,29.24
24.22216,77.46107,356.02,1.0,1.0,2026-04-15,402,97,60.96
24.23092,77.46255,334.27,1.0,1.0,2026-04-15,402,79,19.69
24.549,77.42746,331.55,1.0,1.0,2026-04-15,402,76,17.25
24.6358,76.28257,328.42,1.02,1.01,2026-04-15,402,70,11.36
24.68775,77.1039,330.19,1.0,1.0,2026-04-15,402,74,14.83
24.78886,76.37949,339.07,1.02,1.01,2026-04-15,402,85,26.77
24.79458,76.59935,328.57,1.01,1.0,2026-04-15,402,71,12.15
24.82833,76.6311,330.46,1.01,1.0,2026-04-15,402,74,13.34
11.4161,76.61127,339.29,1.16,1.07,2026-04-15,404,89,48.53
11.41763,76.60126,345.68,1.15,1.07,2026-04-15,404,93,62.49
11.49752,76.62006,319.31,1.15,1.07,2026-04-15,404,70,14.49
13.94048,79.12355,330.46,1.53,1.22,2026-04-15,404,79,35.78
14.55092,77.26884,325.34,1.15,1.07,2026-04-15,404,70,14.23
15.72439,78.04679,325.47,1.22,1.1,2026-04-15,404,71,11.98
13.55645,-14.17111,328.6,1.0,1.0,2026-04-15,421,100,27.39
13.55779,-14.18006,313.62,1.0,1.0,2026-04-15,421,87,12.33
13.56933,-14.17255,309.08,1.0,1.0,2026-04-15,421,76,8.77
13.795,-9.7241,312.57,1.46,1.19,2026-04-15,421,85,18.79
13.79722,-9.73719,320.0,1.45,1.19,2026-04-15,421,99,29.67
11.64738,-13.17714,307.88,1.03,1.01,2026-04-15,423,73,7.33
-35.35882,146.78726,319.69,4.61,1.97,2026-04-15,506,80,137.38
-35.02192,147.40814,328.07,4.17,1.89,2026-04-15,506,85,179.67
-35.01937,147.45322,327.0,4.14,1.88,2026-04-15,506,85,170.07
-35.0099,147.41505,345.67,4.17,1.89,2026-04-15,506,94,402.04
-35.00764,147.46025,322.13,4.14,1.88,2026-04-15,506,81,136.24
-35.00508,147.40659,319.45,4.17,1.89,2026-04-15,506,79,115.16
-35.00256,147.45206,313.03,4.14,1.88,2026-04-15,506,73,72.98
-34.87457,147.15594,311.55,4.31,1.92,2026-04-15,506,71,64.37
-34.82777,147.3837,310.26,4.17,1.89,2026-04-15,506,70,56.29
-34.82524,147.42879,327.32,4.14,1.88,2026-04-15,506,85,180.35
-34.81574,147.39114,318.97,4.17,1.89,2026-04-15,506,79,113.11
-34.81354,147.43568,322.37,4.14,1.88,2026-04-15,506,82,138.0
-34.59427,148.03839,315.49,3.75,1.81,2026-04-15,506,75,78.23
-34.5757,148.58289,319.93,3.45,1.75,2026-04-15,506,79,93.02
-34.57151,148.58981,311.09,3.45,1.75,2026-04-15,506,70,46.48
-34.55488,147.57312,310.79,4.03,1.86,2026-04-15,506,70,54.69
-34.50235,147.52145,323.87,4.05,1.87,2026-04-15,506,82,139.64
-34.4664,147.15149,333.04,4.28,1.91,2026-04-15,506,88,241.91
-34.45331,147.15817,354.07,4.28,1.91,2026-04-15,506,97,557.63
-34.44936,147.15021,335.78,4.28,1.91,2026-04-15,506,89,274.37
-33.89528,147.89938,316.35,3.78,1.82,2026-04-15,506,72,78.7
-33.32759,148.64598,316.35,3.32,1.72,2026-04-15,506,75,64.21
-33.31479,148.63783,323.11,3.32,1.72,2026-04-15,506,81,103.14
-31.01128,152.29779,316.8,1.75,1.3,2026-04-15,506,72,30.73
-31.01078,152.28717,325.25,1.75,1.3,2026-04-15,506,81,46.69
-30.12,152.96538,317.32,1.54,1.22,2026-04-15,506,71,21.16
-29.75601,152.52747,318.53,1.62,1.25,2026-04-15,506,74,26.3
-28.59571,150.11188,318.79,2.29,1.47,2026-04-15,508,70,29.26
-28.25023,150.20654,324.51,2.23,1.45,2026-04-15,508,77,45.83
-26.96811,152.84772,321.94,1.42,1.18,2026-04-15,508,78,28.72
-26.96652,152.86133,315.71,1.41,1.18,2026-04-15,508,70,18.84
-25.97288,152.42885,322.79,1.46,1.19,2026-04-15,508,79,30.1
-25.83732,152.69992,316.96,1.4,1.17,2026-04-15,508,74,20.59
-25.44375,152.57648,319.12,1.4,1.17,2026-04-15,508,76,22.38
-25.25652,149.11629,335.69,2.45,1.51,2026-04-15,508,88,119.22
-25.25424,149.14009,339.91,2.44,1.51,2026-04-15,508,90,143.03
-25.24784,149.11035,355.53,2.45,1.51,2026-04-15,508,98,248.93
-25.24538,149.13443,363.29,2.44,1.51,2026-04-15,508,100,326.89
-25.24315,149.11507,354.4,2.45,1.51,2026-04-15,508,96,242.49
-25.2409,149.13885,346.32,2.44,1.51,2026-04-15,508,94,183.36
-25.23446,149.10921,344.14,2.45,1.51,2026-04-15,508,89,156.84
-25.22979,149.11374,355.39,2.45,1.51,2026-04-15,508,87,247.03
-25.22756,149.13759,331.99,2.44,1.51,2026-04-15,508,85,97.27
-25.22107,149.10818,342.1,2.45,1.51,2026-04-15,508,90,140.57
-25.21868,149.132,340.65,2.44,1.51,2026-04-15,508,91,140.05
-25.20768,149.10712,337.67,2.45,1.51,2026-04-15,508,86,119.19
-25.18139,148.99936,327.05,2.49,1.52,2026-04-15,508,82,78.35
43.84991,126.6283,316.41,3.82,1.83,2026-04-15,529,72,89.01
44.41641,131.46773,344.21,1.98,1.37,2026-04-15,529,94,131.03
44.42166,131.49106,310.55,1.97,1.37,2026-04-15,529,70,19.56
45.23178,128.07376,320.28,2.87,1.62,2026-04-15,529,80,66.15
45.36406,128.0381,315.79,2.86,1.61,2026-04-15,529,76,44.05
45.40638,126.89563,312.17,3.28,1.71,2026-04-15,529,71,47.36
45.50801,127.0977,315.13,3.18,1.69,2026-04-15,529,75,60.65
45.50829,127.09052,313.69,3.18,1.69,2026-04-15,529,73,52.36
45.65847,131.30545,315.22,1.86,1.33,2026-04-15,529,76,33.78
45.72639,132.22722,328.97,1.66,1.27,2026-04-15,529,86,54.22
45.73068,132.24734,318.09,1.65,1.26,2026-04-15,529,78,30.08
45.77953,129.33142,321.42,2.36,1.48,2026-04-15,529,80,63.96
45.78619,129.35931,314.87,2.35,1.48,2026-04-15,529,70,42.46
45.83377,133.67023,315.9,1.4,1.17,2026-04-15,529,76,26.6
45.93968,128.29045,317.06,2.65,1.56,2026-04-15,529,70,52.65
45.95126,131.07108,310.58,1.88,1.34,2026-04-15,529,70,22.04
45.96095,131.60358,337.54,1.76,1.3,2026-04-15,529,91,82.32
45.98515,129.68253,321.17,2.23,1.45,2026-04-15,529,80,55.19
45.98808,128.18159,328.93,2.68,1.57,2026-04-15,529,85,108.91
45.99479,128.18538,322.25,2.68,1.57,2026-04-15,529,81,76.91
46.00971,129.66261,323.84,2.23,1.45,2026-04-15,529,82,63.08
46.11028,129.45544,313.27,2.27,1.46,2026-04-15,529,72,31.82
46.11084,129.51526,330.95,2.25,1.45,2026-04-15,529,82,84.77
46.11096,129.50821,323.32,2.25,1.45,2026-04-15,529,77,55.15
46.15371,129.51685,319.84,2.24,1.45,2026-04-15,529,74,44.78
46.19103,131.29012,310.87,1.8,1.32,2026-04-15,529,70,20.78
46.2189,134.41403,330.6,1.27,1.12,2026-04-15,529,87,43.05
46.24479,131.31369,313.68,1.79,1.31,2026-04-15,529,74,25.87
46.2641,129.63503,319.77,2.19,1.44,2026-04-15,529,78,42.22
46.27934,129.35822,316.31,2.27,1.46,2026-04-15,529,71,41.78
46.28577,129.38545,327.9,2.26,1.46,2026-04-15,529,74,80.96
46.33333,127.17297,313.38,2.96,1.64,2026-04-15,529,74,44.21
46.34233,127.20798,311.69,2.94,1.63,2026-04-15,529,72,38.14
46.44485,126.72221,318.39,3.09,1.67,2026-04-15,529,74,72.29
46.46954,129.92842,318.37,2.09,1.41,2026-04-15,529,77,36.17
46.49317,131.25336,322.18,1.78,1.31,2026-04-15,529,76,39.32
46.49769,131.27403,319.52,1.77,1.3,2026-04-15,529,72,32.71
46.49939,132.39032,312.03,1.55,1.23,2026-04-15,529,72,13.88
46.50991,130.10281,316.15,2.04,1.39,2026-04-15,529,75,33.39
46.51558,130.12743,317.05,2.03,1.39,2026-04-15,529,76,36.7
46.68453,130.67076,318.48,1.88,1.34,2026-04-15,529,78,33.8
46.72407,127.16264,320.23,2.87,1.62,2026-04-15,529,75,69.68
46.74107,129.86014,327.72,2.07,1.4,2026-04-15,529,85,65.16
46.80343,130.60538,314.94,1.88,1.34,2026-04-15,529,75,22.29
46.86128,132.75629,315.9,1.46,1.19,2026-04-15,529,76,15.5
46.86496,132.77426,315.43,1.46,1.19,2026-04-15,529,76,15.38
46.89498,127.33307,322.31,2.78,1.59,2026-04-15,529,82,84.59
46.93473,132.60004,313.87,1.48,1.2,2026-04-15,529,74,18.07
46.94144,132.41595,323.74,1.51,1.21,2026-04-15,529,82,30.57
46.95082,133.25128,313.55,1.38,1.16,2026-04-15,529,74,17.16
46.95601,131.51985,318.03,1.67,1.27,2026-04-15,529,78,27.47
46.96037,131.54034,314.43,1.67,1.27,2026-04-15,529,74,19.74
46.97382,129.98117,328.84,2.0,1.38,2026-04-15,529,86,69.35
46.97507,132.33282,317.93,1.52,1.22,2026-04-15,529,77,21.59
46.97897,132.35155,330.65,1.52,1.22,2026-04-15,529,87,47.15
46.9793,130.00511,331.65,2.0,1.38,2026-04-15,529,87,77.86
46.98573,132.09444,311.54,1.56,1.23,2026-04-15,529,71,10.41
47.01612,132.47696,327.9,1.49,1.21,2026-04-15,529,85,40.44
47.01991,132.49538,331.6,1.49,1.21,2026-04-15,529,87,48.69
47.04633,132.0034,332.47,1.57,1.24,2026-04-15,529,88,54.19
47.04967,132.12837,327.7,1.55,1.23,2026-04-15,529,85,40.38
47.05365,132.14746,313.68,1.55,1.23,2026-04-15,529,73,14.34
47.1063,133.34482,325.3,1.36,1.15,2026-04-15,529,71,29.46
47.12901,133.29832,325.16,1.36,1.16,2026-04-15,529,84,31.67
47.14685,132.24355,315.59,1.52,1.22,2026-04-15,529,76,17.34
47.15722,133.3347,310.69,1.35,1.15,2026-04-15,529,70,12.79
47.16594,132.17297,326.27,1.53,1.22,2026-04-15,529,84,37.99
47.16989,132.19203,310.64,1.53,1.22,2026-04-15,529,70,10.48
47.35854,132.40007,311.04,1.48,1.2,2026-04-15,529,71,13.34
47.68309,135.70645,313.97,1.09,1.04,2026-04-15,529,74,14.97
47.82211,131.1635,318.1,1.65,1.26,2026-04-15,529,78,28.76
47.8265,131.18404,315.73,1.65,1.26,2026-04-15,529,76,24.22
47.83273,131.15843,354.07,1.65,1.26,2026-04-15,529,97,141.93
47.83353,131.15096,322.86,1.65,1.26,2026-04-15,529,82,35.52
47.83709,131.17892,349.18,1.65,1.26,2026-04-15,529,96,118.81
47.838,131.17142,340.85,1.65,1.26,2026-04-15,529,92,85.63
47.8385,131.01201,323.24,1.68,1.27,2026-04-15,529,82,40.91
47.84916,131.00676,367.79,1.68,1.27,2026-04-15,529,100,223.35
47.85363,131.02733,358.51,1.67,1.27,2026-04-15,529,99,165.95
47.85989,131.00185,371.73,1.68,1.27,2026-04-15,529,100,253.12
47.86433,131.02234,352.18,1.67,1.27,2026-04-15,529,97,134.89
47.8706,130.99681,319.75,1.68,1.27,2026-04-15,529,80,36.72
47.87687,131.2428,314.96,1.63,1.26,2026-04-15,529,75,21.5
47.91321,135.13387,317.78,1.12,1.06,2026-04-15,529,78,17.82
47.91573,135.1481,328.91,1.12,1.05,2026-04-15,529,86,31.93
47.9197,135.11601,336.65,1.12,1.06,2026-04-15,529,90,43.18
47.92222,135.13026,347.74,1.12,1.06,2026-04-15,529,95,66.32
47.92474,135.14452,359.7,1.12,1.05,2026-04-15,529,99,99.14
47.94462,131.90704,315.45,1.51,1.21,2026-04-15,529,76,19.35
47.94854,131.9259,318.37,1.5,1.21,2026-04-15,529,78,24.21
47.96112,134.6591,344.6,1.16,1.07,2026-04-15,529,90,58.41
47.96376,134.67383,382.55,1.16,1.07,2026-04-15,529,100,196.79
47.96524,134.95432,332.86,1.13,1.06,2026-04-15,529,88,38.17
47.9664,134.68852,405.92,1.16,1.07,2026-04-15,529,100,353.38
47.96782,134.96872,347.87,1.13,1.06,2026-04-15,529,95,68.39
47.9687,134.66508,362.65,1.16,1.07,2026-04-15,529,100,110.23
48.00692,125.52343,338.33,3.16,1.68,2026-04-15,529,91,204.24
48.00721,125.51572,337.71,3.16,1.68,2026-04-15,529,71,187.63
48.01355,125.60728,320.4,3.13,1.68,2026-04-15,529,78,89.72
48.02736,125.59941,327.46,3.13,1.68,2026-04-15,529,84,120.52
48.04119,132.48375,319.33,1.41,1.18,2026-04-15,529,79,22.85
48.21673,125.33057,345.23,3.18,1.69,2026-04-15,529,94,264.19
48.23041,125.32182,360.79,3.18,1.69,2026-04-15,529,100,462.01
48.23061,125.31899,349.21,3.18,1.69,2026-04-15,529,96,309.51
48.27645,132.02026,368.17,1.46,1.19,2026-04-15,529,100,190.43
48.28021,132.0387,376.68,1.46,1.19,2026-04-15,529,100,241.83
48.28658,132.01585,349.74,1.46,1.19,2026-04-15,529,96,106.04
48.29033,132.03429,375.4,1.46,1.19,2026-04-15,529,100,233.65
48.38861,135.38335,318.52,1.09,1.04,2026-04-15,529,79,17.88
48.41269,135.52234,314.18,1.08,1.04,2026-04-15,529,74,13.65
48.41843,135.44595,310.11,1.08,1.04,2026-04-15,529,70,9.23
48.5403,134.90157,314.69,1.12,1.05,2026-04-15,529,75,13.86
48.5437,134.66054,324.42,1.13,1.06,2026-04-15,529,83,25.94
48.56767,125.35513,310.79,3.08,1.67,2026-04-15,529,70,57.89
48.66818,133.37128,338.42,1.25,1.11,2026-04-15,529,91,55.66
48.67122,133.38734,344.32,1.25,1.11,2026-04-15,529,94,69.92
48.67303,133.37979,345.74,1.25,1.11,2026-04-15,529,94,74.38
48.74524,133.75813,328.89,1.21,1.09,2026-04-15,529,86,35.92
48.76122,132.28033,353.73,1.39,1.17,2026-04-15,529,92,112.28
48.85188,132.09508,349.02,1.4,1.17,2026-04-15,529,96,96.42
48.85994,132.18857,333.09,1.39,1.17,2026-04-15,529,79,49.28
48.86176,132.09041,349.77,1.4,1.17,2026-04-15,529,96,99.39
48.86363,132.20685,333.09,1.39,1.17,2026-04-15,529,87,49.01
48.87162,132.08559,348.29,1.4,1.17,2026-04-15,529,90,95.29
48.87517,132.10324,348.77,1.4,1.17,2026-04-15,529,89,91.57
48.88329,132.19754,344.88,1.39,1.17,2026-04-15,529,79,80.51
48.97134,132.48029,312.03,1.34,1.15,2026-04-15,529,72,17.07
48.97304,132.49304,328.68,1.34,1.15,2026-04-15,529,86,41.23
48.97473,132.49759,336.95,1.34,1.15,2026-04-15,529,90,59.04
49.05743,132.49179,320.05,1.34,1.15,2026-04-15,529,80,27.48
49.0608,132.50902,325.95,1.33,1.14,2026-04-15,529,84,37.01
49.06297,136.21085,315.37,1.03,1.01,2026-04-15,529,76,11.86
49.06715,132.48747,331.79,1.34,1.15,2026-04-15,529,88,45.97
49.06984,132.49855,379.79,1.33,1.14,2026-04-15,529,100,231.4
49.0705,132.50461,410.3,1.33,1.14,2026-04-15,529,100,487.38
49.07167,136.20752,346.02,1.03,1.01,2026-04-15,529,89,52.36
49.07325,132.51559,374.9,1.33,1.14,2026-04-15,529,100,202.21
49.07385,132.52179,358.78,1.33,1.14,2026-04-15,529,99,124.76
49.09772,136.19218,339.15,1.03,1.01,2026-04-15,529,91,42.24
49.09991,136.20563,320.84,1.03,1.01,2026-04-15,529,75,17.76
49.24163,129.13567,323.15,1.89,1.34,2026-04-15,529,82,52.82
49.47134,128.00185,313.59,2.12,1.41,2026-04-15,529,74,37.54
50.01969,132.0648,321.7,1.32,1.14,2026-04-15,529,81,31.1
50.1044,136.45923,348.87,1.01,1.0,2026-04-15,529,95,58.22
50.11303,136.45593,342.1,1.01,1.0,2026-04-15,529,93,45.19
50.37887,128.99237,328.31,1.78,1.31,2026-04-15,529,86,60.57
50.95953,128.09804,327.46,1.88,1.34,2026-04-15,529,85,65.89
51.54877,128.4494,342.29,1.74,1.29,2026-04-15,529,70,108.13
51.55769,128.43965,327.1,1.74,1.29,2026-04-15,529,71,57.06
51.55949,128.44308,331.05,1.74,1.29,2026-04-15,529,76,68.65
56.73159,60.49821,323.86,1.07,1.03,2026-04-15,529,83,27.06
56.73359,60.48138,344.93,1.07,1.03,2026-04-15,529,94,61.09
57.41016,60.09104,321.92,1.11,1.05,2026-04-15,529,77,25.59
50.35238,57.136,311.87,1.12,1.05,2026-04-15,531,72,11.97
54.58461,61.24934,313.63,1.01,1.0,2026-04-15,531,74,14.0
31.21889,48.95147,319.59,1.61,1.25,2026-04-15,538,71,21.35
31.40837,48.64592,315.78,1.69,1.28,2026-04-15,538,71,16.89
23.26939,54.26886,349.25,1.1,1.05,2026-04-15,540,95,59.86
-20.22584,-46.46712,316.2,1.01,1.0,2026-04-15,610,93,16.61
-11.79176,-43.61896,328.02,1.0,1.0,2026-04-15,610,100,26.84
-11.79042,-43.62787,317.17,1.0,1.0,2026-04-15,610,95,15.47
-11.78299,-43.61763,314.23,1.0,1.0,2026-04-15,610,89,13.15
-24.67699,-42.38464,311.31,1.51,1.21,2026-04-15,612,74,16.63
19.40047,-155.28276,311.02,2.0,1.38,2026-04-15,642,73,31.85
19.40726,-155.27783,319.55,2.0,1.38,2026-04-15,642,98,52.33
19.41242,-155.285,313.43,2.0,1.38,2026-04-15,642,82,37.06
-37.53851,143.44206,351.35,2.19,1.44,2026-04-15,644,84,207.69
-36.94352,141.31081,319.64,1.68,1.28,2026-04-15,644,79,38.15
-36.80647,141.76335,318.69,1.81,1.32,2026-04-15,644,70,34.49
-36.80247,141.7829,391.68,1.81,1.32,2026-04-15,644,100,491.1
-36.77496,141.10544,325.45,1.65,1.26,2026-04-15,644,84,46.52
-36.7733,141.11031,345.91,1.65,1.26,2026-04-15,644,94,112.44
-36.77145,141.12331,326.77,1.66,1.27,2026-04-15,644,85,50.15
-36.74178,142.01796,329.21,1.88,1.34,2026-04-15,644,86,69.21
-36.70698,140.85318,326.61,1.6,1.25,2026-04-15,644,84,47.57
-35.87777,137.08842,327.75,1.09,1.04,2026-04-15,644,85,26.89
-35.87582,137.10013,325.68,1.09,1.04,2026-04-15,644,84,24.3
-35.73862,139.77492,319.69,1.46,1.19,2026-04-15,644,79,27.66
-34.50965,135.86816,312.36,1.04,1.02,2026-04-15,644,70,9.92
-34.34362,138.93857,317.61,1.4,1.17,2026-04-15,644,75,20.68
-34.27959,135.97357,349.65,1.05,1.02,2026-04-15,644,96,62.39
-34.2778,135.98468,337.12,1.05,1.02,2026-04-15,644,90,37.8
-33.1024,134.43669,325.75,1.0,1.0,2026-04-15,644,81,20.55
-32.90792,135.4547,322.69,1.04,1.02,2026-04-15,644,78,15.97
-23.25567,138.31183,320.71,2.18,1.43,2026-04-15,646,71,32.15
-20.04115,136.86234,327.79,2.0,1.38,2026-04-15,648,80,49.02
-20.03253,136.84134,339.99,1.99,1.38,2026-04-15,648,89,95.76
-20.02913,136.85983,336.22,2.0,1.38,2026-04-15,648,87,79.99
-19.82563,136.44638,322.46,1.88,1.34,2026-04-15,648,74,28.96
-19.66527,136.24153,324.85,1.83,1.32,2026-04-15,648,76,33.52
-19.6358,136.1606,324.35,1.81,1.32,2026-04-15,648,75,30.0
-19.6243,136.15826,348.36,1.81,1.32,2026-04-15,648,94,116.24
-19.16542,128.24321,343.57,1.14,1.06,2026-04-15,648,91,51.01
-19.164,128.25377,363.18,1.13,1.06,2026-04-15,648,100,104.86
-19.1216,128.30479,328.84,1.13,1.06,2026-04-15,648,78,22.92
-18.87122,123.70822,326.91,2.27,1.46,2026-04-15,648,76,50.15
-18.82813,123.97746,329.68,2.16,1.43,2026-04-15,648,78,54.09
-18.82511,123.99226,326.01,2.15,1.43,2026-04-15,648,74,44.74
-18.79168,124.30709,324.66,2.04,1.39,2026-04-15,648,72,34.62
-18.78863,124.3017,327.09,2.04,1.39,2026-04-15,648,76,45.03
-18.77921,123.71069,332.76,2.26,1.46,2026-04-15,648,82,73.77
-18.77896,123.7174,343.39,2.26,1.46,2026-04-15,648,91,130.46
-18.77674,123.7317,339.55,2.25,1.45,2026-04-15,648,88,105.74
-18.77665,123.73853,326.39,2.25,1.45,2026-04-15,648,75,47.42
-18.76637,123.70908,337.42,2.26,1.46,2026-04-15,648,86,95.77
-18.76613,123.71579,350.39,2.26,1.46,2026-04-15,648,95,172.1
-18.76392,123.73016,344.85,2.25,1.45,2026-04-15,648,92,135.43
-18.76383,123.73698,336.74,2.25,1.45,2026-04-15,648,86,88.39
-18.74754,124.00237,336.95,2.15,1.42,2026-04-15,648,86,84.03
-18.7457,123.99541,329.68,2.15,1.42,2026-04-15,648,76,53.74
-18.74533,124.02225,332.33,2.14,1.42,2026-04-15,648,80,62.54
-18.74335,124.01527,348.71,2.14,1.42,2026-04-15,648,94,147.32
-18.73499,124.00082,333.23,2.15,1.42,2026-04-15,648,83,68.35
-18.7229,123.97248,333.7,2.15,1.43,2026-04-15,648,83,74.51
-18.7206,123.99232,347.61,2.15,1.42,2026-04-15,648,93,144.59
-18.71033,123.97092,329.21,2.15,1.43,2026-04-15,648,79,56.79
-18.70805,123.99077,330.75,2.15,1.42,2026-04-15,648,80,61.44
-18.69071,123.80435,326.04,2.22,1.44,2026-04-15,648,73,45.63
-18.68863,123.81954,334.98,2.21,1.44,2026-04-15,648,85,86.62
-18.68843,123.82483,335.96,2.21,1.44,2026-04-15,648,85,90.68
-18.6513,124.04335,331.0,2.12,1.42,2026-04-15,648,81,61.02
-18.6499,124.03787,333.56,2.12,1.42,2026-04-15,648,83,69.44
-18.5977,124.05119,392.01,2.12,1.41,2026-04-15,648,100,586.42
-18.58971,124.01028,353.82,2.13,1.42,2026-04-15,648,97,178.38
-18.58747,124.02995,350.6,2.12,1.42,2026-04-15,648,95,154.47
-18.58165,123.96916,323.13,2.15,1.42,2026-04-15,648,71,37.68
-18.57943,123.98895,340.54,2.14,1.42,2026-04-15,648,89,107.92
-18.5772,124.00872,333.56,2.13,1.42,2026-04-15,648,80,70.61
-18.4831,137.617,342.73,2.46,1.51,2026-04-15,648,91,143.43
-18.45375,124.49977,330.8,1.95,1.36,2026-04-15,648,81,48.94
-18.44384,124.48025,332.28,1.95,1.36,2026-04-15,648,81,56.03
-18.44175,124.4982,360.02,1.95,1.36,2026-04-15,648,100,199.0
-18.42974,124.49664,342.32,1.95,1.36,2026-04-15,648,90,95.68
-18.41073,124.50732,330.75,1.94,1.36,2026-04-15,648,72,47.83
-18.39136,124.66611,345.05,1.89,1.34,2026-04-15,648,92,97.93
-18.38924,124.68344,339.83,1.88,1.34,2026-04-15,648,88,75.45
-18.38558,124.67035,348.77,1.89,1.34,2026-04-15,648,94,116.55
-18.33867,137.25833,321.64,2.32,1.47,2026-04-15,648,74,43.87
-18.29596,126.14845,325.04,1.47,1.2,2026-04-15,648,74,21.6
-18.2318,137.26799,325.73,2.34,1.48,2026-04-15,648,79,63.15
-18.23047,137.27501,328.1,2.34,1.48,2026-04-15,648,81,71.48
-18.22766,126.18016,328.95,1.46,1.19,2026-04-15,648,79,28.6
-18.21713,126.17882,323.8,1.46,1.19,2026-04-15,648,70,18.24
-18.17392,126.22181,329.68,1.45,1.19,2026-04-15,648,79,30.01
-18.17222,126.23505,335.56,1.44,1.19,2026-04-15,648,85,45.19
-18.16852,126.1805,326.91,1.46,1.19,2026-04-15,648,76,25.64
-18.16311,137.69815,339.75,2.53,1.53,2026-04-15,648,90,133.28
-18.12707,126.2557,342.14,1.44,1.19,2026-04-15,648,86,57.18
-18.11894,137.72975,343.46,2.55,1.54,2026-04-15,648,87,160.72
-18.11663,126.25425,382.38,1.44,1.19,2026-04-15,648,100,254.84
-18.10291,126.27934,339.03,1.43,1.18,2026-04-15,648,88,48.8
-18.10075,126.46497,355.93,1.39,1.17,2026-04-15,648,98,104.41
-18.09914,126.47772,342.14,1.39,1.17,2026-04-15,648,90,56.47
-18.09048,126.46346,374.49,1.39,1.17,2026-04-15,648,100,192.85
-18.08889,126.47615,381.9,1.39,1.17,2026-04-15,648,100,240.98
-18.08605,126.27021,353.53,1.43,1.18,2026-04-15,648,96,95.36
-18.08434,126.2834,376.2,1.43,1.18,2026-04-15,648,100,208.95
-18.08264,126.29655,354.21,1.42,1.18,2026-04-15,648,97,97.42
-18.07956,126.48117,376.54,1.39,1.17,2026-04-15,648,100,206.29
-18.07862,126.4747,364.46,1.39,1.17,2026-04-15,648,100,138.28
-18.0779,126.49374,342.4,1.38,1.16,2026-04-15,648,90,56.62
-18.07705,126.48728,376.78,1.39,1.17,2026-04-15,648,100,207.37
-18.07564,126.26872,326.84,1.43,1.18,2026-04-15,648,76,24.02
-18.07224,126.29516,369.54,1.42,1.18,2026-04-15,648,100,169.87
-18.07054,126.30836,348.23,1.42,1.18,2026-04-15,648,94,77.79
-18.06931,126.47961,355.34,1.39,1.17,2026-04-15,648,97,101.13
-18.06907,126.4012,334.26,1.4,1.17,2026-04-15,648,84,39.13
-18.06768,126.4921,381.92,1.38,1.16,2026-04-15,648,100,240.28
-18.06741,126.41393,349.62,1.4,1.17,2026-04-15,648,94,82.82
-18.06522,126.26728,329.16,1.43,1.18,2026-04-15,648,71,28.5
-18.06182,126.2938,349.84,1.42,1.18,2026-04-15,648,95,81.73
-18.06015,126.30691,351.47,1.42,1.18,2026-04-15,648,95,90.29
-18.05874,126.39981,340.42,1.4,1.17,2026-04-15,648,89,55.08
-18.05742,126.49072,332.81,1.38,1.16,2026-04-15,648,83,33.06
-18.05709,126.41261,355.25,1.4,1.17,2026-04-15,648,97,104.19
-18.05143,126.29233,374.39,1.42,1.18,2026-04-15,648,100,200.37
-18.04978,126.30534,355.36,1.42,1.18,2026-04-15,648,97,105.81
-18.04842,126.39836,333.33,1.4,1.17,2026-04-15,648,83,37.71
-18.04716,126.48933,352.67,1.38,1.16,2026-04-15,648,96,91.29
-18.04681,126.4109,374.08,1.4,1.17,2026-04-15,648,100,197.17
-18.03695,126.48758,350.78,1.38,1.16,2026-04-15,648,95,84.24
-18.03649,126.40957,341.04,1.4,1.17,2026-04-15,648,89,56.15
-18.03531,126.50031,333.0,1.38,1.16,2026-04-15,648,83,32.76
-18.02901,126.30233,343.35,1.42,1.18,2026-04-15,648,91,59.42
-18.02878,126.55091,330.7,1.37,1.16,2026-04-15,648,74,27.3
-18.02683,126.23507,330.14,1.44,1.19,2026-04-15,648,80,31.54
-18.02618,126.40816,340.38,1.4,1.17,2026-04-15,648,89,53.31
-18.02455,126.42097,344.98,1.4,1.17,2026-04-15,648,92,66.49
-18.01209,126.35313,347.22,1.41,1.18,2026-04-15,648,93,72.42
-18.00885,126.37902,334.62,1.4,1.17,2026-04-15,648,84,36.26
-18.00723,126.39197,356.41,1.4,1.17,2026-04-15,648,98,105.75
-18.00561,126.40486,349.21,1.4,1.17,2026-04-15,648,94,79.4
-18.00424,126.35963,336.04,1.41,1.17,2026-04-15,648,85,41.38
-18.004,126.41769,342.29,1.4,1.17,2026-04-15,648,90,58.18
-18.00084,126.38546,348.48,1.4,1.17,2026-04-15,648,94,79.34
-17.99915,126.39833,336.82,1.4,1.17,2026-04-15,648,86,44.88
-17.99746,126.41116,342.66,1.4,1.17,2026-04-15,648,90,61.02
-17.97819,130.1362,342.06,1.0,1.0,2026-04-15,648,90,37.11
-17.96941,130.13477,338.38,1.0,1.0,2026-04-15,648,87,30.51
-17.96922,125.8758,332.95,1.52,1.22,2026-04-15,648,83,40.23
-17.96516,125.86854,333.93,1.52,1.22,2026-04-15,648,84,44.34
-17.91651,137.74759,342.51,2.58,1.54,2026-04-15,648,86,154.08
-17.90315,137.74434,356.81,2.58,1.54,2026-04-15,648,85,276.75
-17.85634,125.66119,327.02,1.57,1.23,2026-04-15,648,77,27.22
-17.85455,125.67557,333.89,1.56,1.23,2026-04-15,648,84,44.13
-17.77139,123.87204,334.21,2.12,1.42,2026-04-15,648,85,82.38
-17.7699,123.86685,325.08,2.12,1.42,2026-04-15,648,76,47.17
-17.76916,123.89155,349.65,2.12,1.41,2026-04-15,648,95,160.69
-17.76752,123.88636,339.75,2.12,1.41,2026-04-15,648,89,106.53
-17.76694,123.91093,375.62,2.11,1.41,2026-04-15,648,100,378.67
-17.76517,123.90574,362.74,2.11,1.41,2026-04-15,648,100,255.38
-17.76474,123.9302,367.0,2.1,1.41,2026-04-15,648,100,289.13
-17.76283,123.92499,363.81,2.1,1.41,2026-04-15,648,100,261.71
-17.76049,123.94418,336.61,2.09,1.41,2026-04-15,648,87,87.77
-17.75231,123.92864,322.03,2.1,1.41,2026-04-15,648,71,34.71
-17.75013,123.94788,324.94,2.09,1.41,2026-04-15,648,75,43.58
-17.48642,127.72544,330.3,1.16,1.07,2026-04-15,648,80,24.25
-17.44028,125.88194,325.94,1.49,1.21,2026-04-15,648,76,25.1
-17.40883,128.76555,324.25,1.05,1.02,2026-04-15,648,72,13.76
-17.3739,124.92919,351.41,1.74,1.29,2026-04-15,648,96,126.71
-17.37201,124.94494,333.93,1.74,1.29,2026-04-15,648,85,54.7
-17.36441,124.91166,332.66,1.75,1.3,2026-04-15,648,81,51.45
-17.364,124.92078,341.69,1.74,1.29,2026-04-15,648,90,84.24
-17.36251,124.92752,347.68,1.74,1.29,2026-04-15,648,94,106.55
-17.35351,129.28836,322.94,1.02,1.01,2026-04-15,648,70,10.14
-17.35218,129.29768,327.56,1.02,1.01,2026-04-15,648,77,15.55
-17.35188,124.73767,324.79,1.8,1.31,2026-04-15,648,75,34.79
-17.3464,126.70168,322.91,1.31,1.14,2026-04-15,648,71,16.76
-17.33068,125.72755,335.83,1.52,1.22,2026-04-15,648,86,50.37
-17.29584,126.15975,325.4,1.42,1.18,2026-04-15,648,75,22.21
-17.29412,126.17277,338.09,1.42,1.18,2026-04-15,648,87,51.66
-17.29144,126.16459,342.21,1.42,1.18,2026-04-15,648,90,60.36
-17.28981,126.17761,327.55,1.42,1.18,2026-04-15,648,70,25.62
-17.20882,124.78017,326.49,1.78,1.31,2026-04-15,648,78,37.57
-17.20687,124.79641,339.03,1.77,1.3,2026-04-15,648,88,78.01
-17.19758,124.7883,324.92,1.77,1.3,2026-04-15,648,76,35.95
-17.18675,128.43564,323.44,1.07,1.03,2026-04-15,648,71,13.35
-17.1854,128.4454,323.52,1.07,1.03,2026-04-15,648,72,13.17
-17.03881,127.91595,324.31,1.12,1.05,2026-04-15,648,73,16.85
-17.02964,125.49458,327.07,1.57,1.23,2026-04-15,648,78,35.31
-17.0138,127.89123,323.1,1.12,1.06,2026-04-15,648,71,13.95
-17.0124,127.90147,331.55,1.12,1.06,2026-04-15,648,81,25.95
-17.0054,127.95265,347.55,1.12,1.05,2026-04-15,648,93,55.06
-16.92401,127.87068,329.58,1.12,1.06,2026-04-15,648,79,22.46
-16.92259,127.88101,327.85,1.12,1.06,2026-04-15,648,77,20.12
-16.91979,127.90155,345.67,1.12,1.05,2026-04-15,648,92,53.45
-16.91838,127.91178,353.25,1.12,1.05,2026-04-15,648,96,72.23
-16.90078,135.78191,322.9,1.92,1.35,2026-04-15,648,74,30.63
-16.89939,127.98164,324.26,1.11,1.05,2026-04-15,648,72,16.36
-16.89799,127.99186,323.06,1.11,1.05,2026-04-15,648,71,14.74
-16.88895,135.77969,333.7,1.92,1.35,2026-04-15,648,85,64.77
-16.86313,128.10942,335.07,1.1,1.04,2026-04-15,648,85,29.65
-16.83701,128.11012,325.85,1.09,1.04,2026-04-15,648,75,15.02
-16.83201,128.07872,346.08,1.1,1.04,2026-04-15,648,92,51.03
-16.83062,128.08871,359.31,1.1,1.04,2026-04-15,648,99,84.07
-16.69923,125.38212,324.44,1.58,1.24,2026-04-15,648,75,29.09
-16.69035,128.16238,328.73,1.09,1.04,2026-04-15,648,70,17.86
-16.68282,127.96191,322.16,1.11,1.05,2026-04-15,648,70,12.6
-16.68121,128.161,333.52,1.09,1.04,2026-04-15,648,83,25.5
-16.67641,127.94035,332.14,1.11,1.05,2026-04-15,648,82,25.67
-16.67208,128.15956,323.09,1.09,1.04,2026-04-15,648,71,12.49
-16.66429,128.14825,331.99,1.09,1.04,2026-04-15,648,82,24.17
-16.66293,128.15817,336.61,1.09,1.04,2026-04-15,648,86,31.54
-16.64499,127.89474,343.46,1.11,1.05,2026-04-15,648,91,46.35
-16.51191,128.05273,326.55,1.09,1.04,2026-04-15,648,76,17.11
-16.50737,127.83113,338.83,1.12,1.05,2026-04-15,648,88,38.85
-16.50596,127.84126,340.07,1.12,1.05,2026-04-15,648,89,41.18
-16.50277,128.05112,328.15,1.09,1.04,2026-04-15,648,78,19.76
-16.49812,127.82971,361.39,1.12,1.05,2026-04-15,648,100,95.64
-16.4967,127.8399,361.2,1.12,1.05,2026-04-15,648,100,94.79
-16.48978,127.88988,345.78,1.11,1.05,2026-04-15,648,92,51.89
-16.48837,127.90005,355.25,1.11,1.05,2026-04-15,648,97,75.43
-16.475,127.92859,322.39,1.1,1.05,2026-04-15,648,70,12.58
-16.4736,127.93869,324.99,1.1,1.05,2026-04-15,648,74,16.17
-16.47155,128.02089,326.18,1.1,1.04,2026-04-15,648,76,18.3
-16.46518,127.99937,347.19,1.1,1.04,2026-04-15,648,93,54.93
-16.456,127.99796,347.45,1.1,1.04,2026-04-15,648,93,54.45
-16.43859,128.05617,350.96,1.09,1.04,2026-04-15,648,95,59.79
-16.42942,128.05479,345.5,1.09,1.04,2026-04-15,648,92,45.66
-16.40061,128.06042,335.43,1.09,1.04,2026-04-15,648,85,28.53
-16.39923,128.07047,327.87,1.09,1.04,2026-04-15,648,78,17.18
-16.32318,128.35249,328.59,1.06,1.03,2026-04-15,648,79,20.03
-16.32185,128.36198,338.05,1.06,1.03,2026-04-15,648,87,34.26
-16.31554,128.34114,326.62,1.06,1.03,2026-04-15,648,76,17.54
-16.31414,128.3511,365.51,1.06,1.03,2026-04-15,648,100,102.14
-16.30509,128.34978,339.59,1.06,1.03,2026-04-15,648,88,38.03
-16.29159,128.44617,343.89,1.05,1.03,2026-04-15,648,91,43.57
-16.28937,128.39629,346.22,1.06,1.03,2026-04-15,648,93,47.74
-16.28759,128.47467,329.26,1.05,1.02,2026-04-15,648,79,19.1
-16.28626,128.48416,327.33,1.05,1.02,2026-04-15,648,77,17.1
-16.28261,128.44464,342.62,1.05,1.03,2026-04-15,648,90,41.01
-16.09084,134.70915,348.2,1.66,1.27,2026-04-15,648,94,106.14
-16.08831,134.72412,364.39,1.66,1.27,2026-04-15,648,100,189.32
-16.07977,134.70709,356.49,1.66,1.27,2026-04-15,648,98,143.65
-16.07722,134.72211,344.71,1.66,1.27,2026-04-15,648,92,88.06
-16.01429,132.04443,353.08,1.13,1.06,2026-04-15,648,96,73.79
-16.01248,134.76682,325.04,1.68,1.27,2026-04-15,648,75,28.06
-16.01132,134.77202,326.98,1.68,1.27,2026-04-15,648,79,32.74
-16.00291,134.68745,325.74,1.66,1.27,2026-04-15,648,78,31.31
-16.00038,134.70244,362.74,1.66,1.27,2026-04-15,648,100,178.95
-15.9893,134.70036,340.46,1.66,1.27,2026-04-15,648,90,75.13
-16.62849,125.21957,346.65,1.62,1.25,2026-04-15,650,93,97.42
-16.59431,125.1167,322.63,1.64,1.26,2026-04-15,650,74,25.7
-16.58319,125.11541,328.61,1.64,1.26,2026-04-15,650,81,36.97
-16.58265,124.75366,322.69,1.75,1.3,2026-04-15,650,74,28.11
-16.55445,125.50947,327.22,1.54,1.22,2026-04-15,650,79,33.16
-16.54924,125.50105,332.14,1.54,1.22,2026-04-15,650,84,45.21
-16.5475,125.51511,325.08,1.54,1.22,2026-04-15,650,77,28.49
-16.54369,125.50807,326.51,1.54,1.22,2026-04-15,650,78,33.38
-16.53329,125.06275,323.42,1.65,1.26,2026-04-15,650,75,29.08
-16.43896,125.26929,325.82,1.59,1.24,2026-04-15,650,78,29.42
-16.43533,125.20928,321.43,1.61,1.25,2026-04-15,650,72,20.68
-16.43349,125.22395,320.02,1.6,1.25,2026-04-15,650,70,17.01
-16.42965,125.07341,323.28,1.65,1.26,2026-04-15,650,75,23.57
-16.39931,125.03111,321.67,1.65,1.26,2026-04-15,650,73,22.96
-16.32615,127.60317,349.37,1.14,1.06,2026-04-15,650,94,62.43
-16.32474,127.61352,388.45,1.14,1.06,2026-04-15,650,100,219.59
-16.32334,127.62373,353.51,1.14,1.06,2026-04-15,650,97,73.4
-16.32007,124.93731,337.21,1.68,1.27,2026-04-15,650,81,64.87
-16.30887,124.93584,345.26,1.68,1.27,2026-04-15,650,90,93.11
-16.29765,124.93443,348.64,1.68,1.27,2026-04-15,650,94,108.4
-16.28378,125.2226,341.23,1.6,1.24,2026-04-15,650,90,77.01
-16.2766,125.19141,346.59,1.6,1.25,2026-04-15,650,93,94.74
-16.24556,125.34885,325.92,1.56,1.23,2026-04-15,650,75,30.75
-16.23582,124.87499,333.42,1.69,1.28,2026-04-15,650,85,56.72
-16.22653,124.85798,331.65,1.69,1.28,2026-04-15,650,71,48.94
-16.22564,125.33186,351.77,1.57,1.23,2026-04-15,650,96,111.61
-16.19646,124.91611,336.74,1.68,1.27,2026-04-15,650,87,65.75
-16.18165,124.85088,326.79,1.69,1.28,2026-04-15,650,79,40.63
-16.17975,124.77192,323.2,1.72,1.29,2026-04-15,650,71,32.01
-16.17934,124.7831,342.99,1.71,1.28,2026-04-15,650,91,90.84
-16.17781,124.78804,333.93,1.71,1.28,2026-04-15,650,85,61.1
-16.17149,124.84436,338.46,1.69,1.28,2026-04-15,650,89,74.94
-16.17041,124.84923,354.6,1.69,1.28,2026-04-15,650,97,145.58
-16.16953,124.85966,359.16,1.69,1.28,2026-04-15,650,99,167.16
-16.16855,124.86464,349.84,1.69,1.28,2026-04-15,650,95,119.75
-16.16499,125.16877,334.3,1.6,1.25,2026-04-15,650,86,53.65
-16.15969,124.93618,327.23,1.67,1.27,2026-04-15,650,80,41.46
-16.15927,124.94118,330.55,1.67,1.27,2026-04-15,650,83,46.7
-16.15829,124.85818,366.24,1.69,1.28,2026-04-15,650,100,209.67
-16.15773,124.95139,322.88,1.66,1.27,2026-04-15,650,75,30.26
-16.15683,124.77931,324.59,1.71,1.28,2026-04-15,650,77,36.03
-16.15632,124.87357,340.34,1.68,1.28,2026-04-15,650,90,78.82
-16.15437,124.88885,327.88,1.68,1.27,2026-04-15,650,80,43.22
-16.14704,124.85671,326.0,1.69,1.28,2026-04-15,650,72,36.68
-16.13583,124.855,331.35,1.69,1.28,2026-04-15,650,75,49.18
-16.12652,124.83802,341.19,1.69,1.28,2026-04-15,650,83,79.4
-16.121,124.79017,342.66,1.71,1.28,2026-04-15,650,91,90.71
-16.10968,124.78883,322.22,1.71,1.28,2026-04-15,650,74,29.34
-16.10354,125.11072,328.81,1.62,1.25,2026-04-15,650,74,39.94
-16.10025,124.86562,323.93,1.68,1.28,2026-04-15,650,72,32.39
-16.09439,125.00458,331.65,1.65,1.26,2026-04-15,650,84,51.55
-16.09057,125.21275,323.98,1.59,1.24,2026-04-15,650,76,30.29
-16.0814,125.01836,334.03,1.64,1.26,2026-04-15,650,74,53.51
-16.06939,125.00867,332.76,1.64,1.26,2026-04-15,650,85,52.3
-16.06487,125.06109,335.56,1.63,1.26,2026-04-15,650,74,56.55
-16.05936,125.01417,370.85,1.64,1.26,2026-04-15,650,100,231.52
-16.05829,125.00723,342.88,1.64,1.26,2026-04-15,650,91,83.5
-16.05636,125.02217,356.44,1.64,1.26,2026-04-15,650,98,139.9
-16.04525,125.02091,337.75,1.64,1.26,2026-04-15,650,88,65.39
-16.03611,125.0042,339.31,1.64,1.26,2026-04-15,650,89,71.39
-16.02503,125.00266,362.67,1.64,1.26,2026-04-15,650,100,178.8
-16.01407,124.90956,322.62,1.67,1.27,2026-04-15,650,75,28.24
-16.01395,125.00108,319.38,1.64,1.26,2026-04-15,650,70,22.23
-16.01219,124.92462,345.33,1.66,1.27,2026-04-15,650,93,96.67
-16.00905,125.46902,321.31,1.52,1.22,2026-04-15,650,71,21.44
-15.96977,124.89867,322.23,1.67,1.27,2026-04-15,650,74,27.18
-15.95182,125.31857,324.01,1.55,1.23,2026-04-15,650,75,26.64
-15.85538,127.94487,325.39,1.09,1.04,2026-04-15,650,75,15.52
-15.80905,128.20752,325.69,1.06,1.03,2026-04-15,650,73,14.33
-15.80638,128.02829,323.5,1.08,1.04,2026-04-15,650,72,13.6
-15.80493,128.03864,323.71,1.08,1.04,2026-04-15,650,73,13.52
-15.77889,125.49321,319.41,1.5,1.21,2026-04-15,650,70,16.62
-15.7683,128.49471,331.4,1.04,1.02,2026-04-15,650,82,21.21
-15.73252,125.43111,320.48,1.51,1.21,2026-04-15,650,71,18.02
-15.73152,131.73167,323.62,1.11,1.05,2026-04-15,650,74,15.9
-15.72724,125.43884,319.71,1.51,1.21,2026-04-15,650,70,16.73
-15.72062,128.11917,334.07,1.07,1.03,2026-04-15,650,84,26.31
-15.70841,129.30574,334.26,1.0,1.0,2026-04-15,650,81,23.95
-15.70519,128.09697,348.61,1.07,1.03,2026-04-15,650,94,54.28
-15.70017,128.06641,343.17,1.07,1.03,2026-04-15,650,91,44.26
-15.69829,129.31349,338.13,1.0,1.0,2026-04-15,650,84,29.51
-15.6961,128.09558,333.47,1.07,1.03,2026-04-15,650,84,25.24
-15.6778,127.55815,329.32,1.13,1.06,2026-04-15,650,72,21.14
-15.67502,127.57842,327.0,1.12,1.06,2026-04-15,650,78,18.45
-15.66989,127.5466,343.1,1.13,1.06,2026-04-15,650,91,44.14
-15.66849,127.5568,338.54,1.13,1.06,2026-04-15,650,88,34.6
-15.66479,131.683,325.07,1.1,1.05,2026-04-15,650,76,17.2
-15.65851,128.03363,325.57,1.08,1.04,2026-04-15,650,76,14.88
-15.62679,125.63239,320.09,1.46,1.19,2026-04-15,650,70,16.5
-15.6251,125.64575,323.35,1.46,1.19,2026-04-15,650,73,21.3
-15.59643,130.31129,326.08,1.01,1.0,2026-04-15,650,76,16.15
-15.5962,127.62328,347.22,1.12,1.05,2026-04-15,650,93,52.81
-15.5948,127.63341,337.54,1.12,1.05,2026-04-15,650,87,32.28
-15.58608,127.55936,342.66,1.12,1.06,2026-04-15,650,91,45.31
-15.58467,127.56966,352.33,1.12,1.06,2026-04-15,650,96,67.78
-15.58325,127.58,337.88,1.12,1.06,2026-04-15,650,88,34.35
-15.58185,127.59017,332.42,1.12,1.06,2026-04-15,650,83,25.57
-15.55834,127.43393,329.21,1.14,1.06,2026-04-15,650,81,24.02
-15.52503,125.49782,334.39,1.49,1.2,2026-04-15,650,86,46.07
-15.52327,125.5112,334.03,1.48,1.2,2026-04-15,650,85,44.59
-15.5142,127.61462,331.84,1.12,1.05,2026-04-15,650,83,23.76
-15.50401,125.57616,320.75,1.47,1.2,2026-04-15,650,71,20.22
-15.49297,125.32574,331.4,1.53,1.22,2026-04-15,650,83,40.94
-15.46947,125.30077,334.89,1.53,1.22,2026-04-15,650,86,50.41
-15.4521,126.35204,321.11,1.3,1.13,2026-04-15,650,71,17.54
-15.44758,126.23019,332.38,1.33,1.14,2026-04-15,650,84,36.08
-15.44732,126.23704,326.77,1.32,1.14,2026-04-15,650,78,25.52
-15.44213,126.35069,338.46,1.3,1.13,2026-04-15,650,88,49.37
-15.43542,125.31042,335.16,1.53,1.22,2026-04-15,650,86,51.56
-15.4336,125.32455,324.03,1.53,1.22,2026-04-15,650,76,23.94
-15.43099,129.42932,343.93,1.0,1.0,2026-04-15,650,91,37.49
-15.42289,125.32303,329.63,1.53,1.22,2026-04-15,650,74,34.56
-15.42221,129.42793,355.8,1.0,1.0,2026-04-15,650,98,62.65
-15.41342,129.42654,361.18,1.0,1.0,2026-04-15,650,100,78.14
-15.41077,129.4447,351.53,1.0,1.0,2026-04-15,650,96,53.73
-15.40463,129.42516,347.19,1.0,1.0,2026-04-15,650,93,46.95
-15.40331,129.43423,351.11,1.0,1.0,2026-04-15,650,95,54.76
-15.38487,127.68258,337.92,1.11,1.05,2026-04-15,650,88,32.84
-15.37863,125.2973,324.35,1.53,1.22,2026-04-15,650,76,26.18
-15.37704,127.67113,326.15,1.11,1.05,2026-04-15,650,71,15.63
-15.37234,127.56775,324.11,1.12,1.05,2026-04-15,650,75,15.21
-15.36435,128.88123,323.49,1.02,1.01,2026-04-15,650,73,12.69
-15.35533,125.30844,329.63,1.53,1.22,2026-04-15,650,82,36.77
-15.34817,127.61898,332.71,1.11,1.05,2026-04-15,650,84,24.77
-15.34466,125.30667,336.69,1.53,1.22,2026-04-15,650,87,56.28
-15.33583,125.70033,321.37,1.43,1.18,2026-04-15,650,72,18.63
-15.32787,126.89536,323.02,1.21,1.09,2026-04-15,650,73,17.27
-15.32672,125.36137,333.56,1.51,1.21,2026-04-15,650,85,48.86
-15.32498,125.37491,324.76,1.51,1.21,2026-04-15,650,77,29.04
-15.31829,126.89384,332.57,1.21,1.09,2026-04-15,650,84,31.61
-15.31576,126.22382,320.86,1.32,1.14,2026-04-15,650,71,16.39
-15.31415,126.23589,334.44,1.32,1.14,2026-04-15,650,85,40.68
-15.28943,126.26864,324.7,1.31,1.14,2026-04-15,650,76,22.54
-15.28278,125.45136,330.8,1.49,1.2,2026-04-15,650,78,36.16
-15.2777,125.44391,322.74,1.49,1.2,2026-04-15,650,71,21.29
-15.27098,125.54443,323.45,1.46,1.2,2026-04-15,650,75,23.46
-15.23724,125.58708,322.25,1.45,1.19,2026-04-15,650,73,21.53
-14.94064,126.89207,327.88,1.2,1.09,2026-04-15,650,79,22.72
-14.87446,130.25787,329.0,1.01,1.01,2026-04-15,650,80,20.02
-14.87309,130.26703,325.41,1.01,1.01,2026-04-15,650,76,16.44
-14.86699,130.2473,342.1,1.01,1.01,2026-04-15,650,90,40.39
-14.86562,130.25644,362.33,1.01,1.01,2026-04-15,650,100,86.94
-14.82786,130.44795,324.58,1.02,1.01,2026-04-15,650,71,12.7
-14.80822,130.39752,320.97,1.02,1.01,2026-04-15,650,70,12.34
-14.79708,130.47128,327.01,1.02,1.01,2026-04-15,650,78,16.3
-14.77421,130.38243,337.08,1.02,1.01,2026-04-15,650,87,32.25
-14.76271,130.38335,325.18,1.02,1.01,2026-04-15,650,76,15.34
-14.7566,130.36359,327.6,1.02,1.01,2026-04-15,650,79,17.9
-14.74775,130.36215,321.62,1.02,1.01,2026-04-15,650,71,11.59
-14.73281,130.34087,336.13,1.02,1.01,2026-04-15,650,86,29.85
-14.73092,126.47128,322.93,1.25,1.11,2026-04-15,650,73,18.92
-14.61347,129.96367,322.15,1.01,1.0,2026-04-15,650,73,13.22
-14.61212,129.97275,324.12,1.01,1.0,2026-04-15,650,76,15.32
-14.56869,130.14273,322.75,1.01,1.01,2026-04-15,650,74,12.81
-14.49148,129.98486,334.35,1.01,1.0,2026-04-15,650,86,25.0
-14.48403,129.9744,353.9,1.01,1.0,2026-04-15,650,97,61.08
-14.48267,129.98346,359.28,1.01,1.0,2026-04-15,650,99,74.21
-14.46641,129.9716,332.9,1.01,1.0,2026-04-15,650,73,22.14
-14.45311,129.98151,331.84,1.01,1.0,2026-04-15,650,84,22.45
-14.41448,129.93823,328.04,1.01,1.0,2026-04-15,650,80,18.78
-14.22746,132.47067,320.45,1.26,1.12,2026-04-15,650,70,12.71
-14.20835,132.34058,351.32,1.24,1.11,2026-04-15,650,96,76.84
-13.95422,131.55374,330.6,1.13,1.06,2026-04-15,650,82,26.34
-13.95261,131.5639,326.57,1.14,1.06,2026-04-15,650,70,20.14
-13.9292,131.55417,326.48,1.14,1.06,2026-04-15,650,78,20.65
-13.92148,131.5424,331.15,1.13,1.06,2026-04-15,650,72,26.15
-13.9199,131.55258,351.23,1.14,1.06,2026-04-15,650,96,67.83
-13.91217,131.54089,371.92,1.13,1.06,2026-04-15,650,100,134.67
-13.91059,131.55107,405.68,1.14,1.06,2026-04-15,650,100,335.07
-13.88585,131.52611,378.97,1.13,1.06,2026-04-15,650,100,165.26
-13.88426,131.53627,416.21,1.13,1.06,2026-04-15,650,100,421.13
-13.88266,131.54643,378.46,1.14,1.06,2026-04-15,650,100,159.51
-13.87655,131.52457,346.52,1.13,1.06,2026-04-15,650,74,50.78
-13.86886,131.51286,367.21,1.13,1.06,2026-04-15,650,100,115.41
-13.86404,131.54335,345.3,1.14,1.06,2026-04-15,650,93,48.08
-13.85635,131.53162,363.38,1.13,1.06,2026-04-15,650,100,99.09
-13.85473,131.54182,348.45,1.14,1.06,2026-04-15,650,94,56.07
-13.85185,131.51392,333.23,1.13,1.06,2026-04-15,650,85,31.16
-13.84568,131.49205,348.74,1.13,1.06,2026-04-15,650,94,62.57
-13.84557,131.55469,327.87,1.14,1.06,2026-04-15,650,78,21.58
-13.844,131.5649,334.89,1.14,1.06,2026-04-15,650,86,33.21
-13.83796,131.48041,356.78,1.13,1.06,2026-04-15,650,98,84.29
-13.83783,131.54295,331.3,1.14,1.06,2026-04-15,650,83,26.99
-13.83625,131.55315,341.99,1.14,1.06,2026-04-15,650,91,47.94
-13.83467,131.56337,324.26,1.14,1.06,2026-04-15,650,76,18.22
-13.82725,131.42679,334.16,1.12,1.06,2026-04-15,650,85,31.94
-13.82569,131.43686,333.09,1.12,1.06,2026-04-15,650,84,30.46
-13.81799,131.42526,380.48,1.12,1.06,2026-04-15,650,100,174.39
-13.81642,131.43535,349.65,1.12,1.06,2026-04-15,650,95,63.24
-13.8103,131.4137,362.28,1.12,1.06,2026-04-15,650,100,98.89
-13.80873,131.42375,377.66,1.12,1.06,2026-04-15,650,100,161.24
-13.80262,131.40213,337.71,1.12,1.06,2026-04-15,650,88,37.19
-13.75314,132.17621,335.69,1.23,1.1,2026-04-15,650,87,35.47
-13.75135,132.18726,339.91,1.23,1.1,2026-04-15,650,89,45.36
-13.74857,132.18002,343.64,1.23,1.1,2026-04-15,650,92,53.33
-13.73614,132.13304,340.88,1.22,1.1,2026-04-15,650,90,47.74
-13.65049,131.37473,321.11,1.12,1.06,2026-04-15,650,72,14.0
-13.49647,131.46799,332.52,1.14,1.06,2026-04-15,650,84,30.03
-13.49486,131.47815,345.12,1.14,1.06,2026-04-15,650,92,54.63
-13.07612,130.23744,322.39,1.03,1.02,2026-04-15,650,75,14.45
-2.01356,121.42535,314.42,1.86,1.33,2026-04-15,654,71,19.68
0.3635,120.17372,324.06,2.13,1.42,2026-04-15,654,76,60.94
7.618,125.72254,319.37,1.03,1.02,2026-04-15,657,71,7.99
7.94698,125.38166,338.29,1.02,1.01,2026-04-15,657,89,37.29
7.94827,125.39053,336.31,1.02,1.01,2026-04-15,657,88,35.03
8.32281,125.03165,331.6,1.01,1.0,2026-04-15,657,86,27.03
8.40149,124.54906,319.23,1.0,1.0,2026-04-15,657,73,11.01
8.40738,124.46745,320.51,1.0,1.0,2026-04-15,657,76,11.09
8.46388,124.85409,317.06,1.0,1.0,2026-04-15,657,73,7.16
10.26167,123.01353,329.52,1.03,1.01,2026-04-15,657,80,15.87
10.26304,123.02262,338.25,1.03,1.01,2026-04-15,657,88,28.53
10.71874,123.04194,321.55,1.02,1.01,2026-04-15,657,70,6.96
10.91084,123.33011,327.21,1.01,1.0,2026-04-15,657,78,14.32
11.14895,122.94411,327.58,1.02,1.01,2026-04-15,657,79,20.34
11.1503,122.95309,328.53,1.02,1.01,2026-04-15,657,80,21.58
11.32984,125.59012,336.69,1.09,1.04,2026-04-15,657,88,38.68
11.41334,122.8007,321.53,1.03,1.01,2026-04-15,657,73,10.76
12.3275,123.34577,323.16,1.0,1.0,2026-04-15,657,76,10.64
12.47088,124.39171,320.99,1.02,1.01,2026-04-15,657,73,14.19
12.60989,121.01687,321.16,1.18,1.08,2026-04-15,657,74,13.46
12.64257,120.97887,325.88,1.18,1.08,2026-04-15,657,79,19.34
12.64754,121.01082,325.82,1.18,1.08,2026-04-15,657,73,21.97
13.44693,120.57953,334.39,1.21,1.1,2026-04-15,659,86,40.61
14.32586,121.56876,323.07,1.07,1.03,2026-04-15,659,74,17.04
14.54144,121.16642,326.43,1.1,1.05,2026-04-15,659,77,14.26
15.03073,120.73862,328.6,1.14,1.06,2026-04-15,659,80,20.89
15.11945,120.66954,326.44,1.14,1.07,2026-04-15,659,71,11.38
15.70861,120.45824,324.08,1.15,1.07,2026-04-15,659,70,8.57
15.7433,120.55812,328.15,1.14,1.06,2026-04-15,659,79,13.51
15.80633,120.72859,327.03,1.12,1.05,2026-04-15,659,75,12.82
16.14682,121.55223,325.58,1.04,1.02,2026-04-15,659,78,16.02
16.16424,121.24446,318.43,1.06,1.03,2026-04-15,659,70,13.06
16.56363,121.43343,330.75,1.04,1.02,2026-04-15,659,83,20.2
16.87549,122.15348,321.55,1.0,1.0,2026-04-15,659,70,11.56
16.90083,121.21751,339.11,1.05,1.02,2026-04-15,659,89,37.19
17.00469,120.99014,325.41,1.06,1.03,2026-04-15,659,77,20.93
17.01355,120.98795,321.11,1.06,1.03,2026-04-15,659,72,17.16
17.05175,120.87749,320.04,1.07,1.03,2026-04-15,659,71,16.17
17.05763,122.07397,327.13,1.01,1.0,2026-04-15,659,79,16.16
17.08076,121.48849,324.63,1.03,1.01,2026-04-15,659,77,10.68
17.09618,121.59049,321.71,1.02,1.01,2026-04-15,659,73,6.4
17.18311,121.00584,319.61,1.06,1.03,2026-04-15,659,70,14.28
17.20165,121.54173,323.61,1.02,1.01,2026-04-15,659,76,8.87
17.48236,121.50529,326.47,1.02,1.01,2026-04-15,659,74,14.55
17.55416,121.50273,333.98,1.02,1.01,2026-04-15,659,85,23.07
17.55787,121.94598,337.84,1.01,1.0,2026-04-15,659,88,35.46
17.80892,121.52678,326.92,1.02,1.01,2026-04-15,659,78,11.88
18.14067,121.33224,325.67,1.02,1.01,2026-04-15,659,78,14.86
18.18431,121.38207,329.63,1.02,1.01,2026-04-15,659,82,19.79
37.84247,118.70312,320.6,1.05,1.02,2026-04-15,703,75,13.43
37.92185,118.73872,330.8,1.05,1.02,2026-04-15,703,84,26.3
39.99426,113.43176,314.97,1.15,1.07,2026-04-15,705,71,7.97
39.99649,113.44462,318.38,1.15,1.07,2026-04-15,705,75,12.09
41.38233,111.66433,312.27,1.3,1.13,2026-04-15,705,71,15.68
41.89404,115.54148,315.92,1.0,1.0,2026-04-15,705,73,9.65
41.92493,115.38821,316.53,1.0,1.0,2026-04-15,705,73,9.7
42.28663,123.80589,325.08,2.12,1.42,2026-04-15,705,80,49.05
43.81307,118.88123,322.92,1.21,1.1,2026-04-15,707,76,16.07
43.83756,118.22977,329.52,1.15,1.07,2026-04-15,707,83,26.4
43.83924,118.24377,335.43,1.15,1.07,2026-04-15,707,87,36.52
44.02419,117.0682,334.21,1.06,1.03,2026-04-15,707,77,29.59
44.02583,117.08096,344.98,1.06,1.03,2026-04-15,707,93,48.05
44.02718,116.94938,316.25,1.05,1.02,2026-04-15,707,72,8.53
44.03148,117.05331,331.35,1.06,1.03,2026-04-15,707,86,26.31
44.0437,117.07661,328.81,1.06,1.03,2026-04-15,707,77,21.11
44.04462,117.15541,377.27,1.07,1.03,2026-04-15,707,100,144.48
44.04627,117.16825,386.23,1.07,1.03,2026-04-15,707,100,185.88
44.06017,117.20455,360.07,1.07,1.03,2026-04-15,707,94,82.79
44.06182,117.21751,378.72,1.07,1.03,2026-04-15,707,100,152.64
44.06496,116.88747,319.34,1.05,1.02,2026-04-15,707,76,12.07
44.06914,117.20245,353.08,1.07,1.03,2026-04-15,707,97,60.71
44.0708,117.21536,351.74,1.07,1.03,2026-04-15,707,90,58.93
44.07718,116.91051,336.61,1.05,1.02,2026-04-15,707,89,33.25
44.07887,116.92323,344.49,1.05,1.02,2026-04-15,707,93,46.92
44.08054,116.93593,341.34,1.05,1.02,2026-04-15,707,91,41.48
44.08876,117.21115,364.1,1.07,1.03,2026-04-15,707,100,91.98
44.09044,117.22413,379.33,1.07,1.03,2026-04-15,707,100,154.35
44.09279,116.95908,332.18,1.05,1.03,2026-04-15,707,86,26.82
44.09447,116.97177,333.33,1.06,1.03,2026-04-15,707,85,28.0
44.10844,117.00098,340.57,1.06,1.03,2026-04-15,707,91,40.59
44.11398,117.19153,370.83,1.07,1.03,2026-04-15,707,100,111.42
44.11566,117.20446,364.01,1.07,1.03,2026-04-15,707,100,93.4
44.11669,117.0649,329.78,1.06,1.03,2026-04-15,707,77,24.4
44.11735,117.21747,362.05,1.07,1.03,2026-04-15,707,100,92.68
44.12296,117.18934,357.82,1.07,1.03,2026-04-15,707,92,75.31
44.12463,117.20226,381.09,1.07,1.03,2026-04-15,707,100,163.9
44.12632,117.2152,345.4,1.07,1.03,2026-04-15,707,93,51.28
44.13313,117.19334,332.14,1.07,1.03,2026-04-15,707,85,28.88
44.13478,117.20629,331.0,1.07,1.03,2026-04-15,707,80,27.66
44.52768,117.69243,343.57,1.12,1.05,2026-04-15,707,92,52.07
44.52936,117.70603,324.21,1.12,1.05,2026-04-15,707,79,19.88
44.53514,117.67654,328.63,1.12,1.05,2026-04-15,707,83,24.14
44.53684,117.69024,377.27,1.12,1.05,2026-04-15,707,100,160.07
44.53852,117.70382,375.1,1.12,1.05,2026-04-15,707,100,150.97
45.53924,115.74221,335.91,1.02,1.01,2026-04-15,707,89,29.79
45.54096,115.7548,361.65,1.02,1.01,2026-04-15,707,100,84.6
45.5425,115.83274,346.55,1.02,1.01,2026-04-15,707,74,47.33
45.54268,115.76739,371.81,1.02,1.01,2026-04-15,707,100,116.04
45.5444,115.77996,391.07,1.02,1.01,2026-04-15,707,100,199.76
45.54612,115.79255,406.39,1.02,1.01,2026-04-15,707,100,292.41
45.54625,115.72711,362.7,1.02,1.01,2026-04-15,707,100,86.36
45.54784,115.80515,383.51,1.02,1.01,2026-04-15,707,100,163.06
45.54799,115.73975,431.15,1.02,1.01,2026-04-15,707,100,500.61
45.54954,115.8177,353.33,1.02,1.01,2026-04-15,707,94,60.77
45.54971,115.75237,453.63,1.02,1.01,2026-04-15,707,100,769.71
45.55126,115.8303,354.82,1.02,1.01,2026-04-15,707,98,65.33
45.55144,115.76497,452.13,1.02,1.01,2026-04-15,707,100,748.16
45.55316,115.77756,386.71,1.02,1.01,2026-04-15,707,100,174.17
45.55325,115.71201,353.42,1.02,1.01,2026-04-15,707,97,61.13
45.55487,115.79015,353.9,1.02,1.01,2026-04-15,707,97,59.33
45.55499,115.72466,362.72,1.02,1.01,2026-04-15,707,100,84.68
45.55673,115.73731,347.15,1.02,1.01,2026-04-15,707,94,45.0
45.55846,115.74994,357.35,1.02,1.01,2026-04-15,707,99,67.21
45.56019,115.76254,345.88,1.02,1.01,2026-04-15,707,90,40.37
45.56026,115.69696,353.62,1.02,1.01,2026-04-15,707,93,61.08
45.56035,115.63187,338.74,1.02,1.01,2026-04-15,707,81,34.36
45.562,115.7096,342.14,1.02,1.01,2026-04-15,707,92,37.72
45.56548,115.73487,321.69,1.02,1.01,2026-04-15,707,70,8.97
45.5656,115.60429,360.6,1.02,1.01,2026-04-15,707,100,82.38
45.56721,115.7475,333.23,1.02,1.01,2026-04-15,707,81,21.5
45.56734,115.61686,413.74,1.02,1.01,2026-04-15,707,100,345.92
45.569,115.69453,338.13,1.02,1.01,2026-04-15,707,78,30.18
45.56909,115.62943,349.49,1.02,1.01,2026-04-15,707,95,53.72
45.57073,115.7071,333.65,1.02,1.01,2026-04-15,707,78,23.98
45.57259,115.58934,346.95,1.02,1.01,2026-04-15,707,94,49.96
45.57433,115.60189,362.51,1.02,1.01,2026-04-15,707,100,87.39
45.57602,115.67961,330.45,1.02,1.01,2026-04-15,707,78,20.73
45.63102,115.93302,316.7,1.03,1.01,2026-04-15,707,75,9.09
45.63125,115.86716,327.84,1.03,1.01,2026-04-15,707,84,19.97
45.63274,115.94583,340.07,1.03,1.01,2026-04-15,707,91,39.82
45.63297,115.87989,341.72,1.03,1.01,2026-04-15,707,92,41.16
45.63315,115.81401,335.38,1.03,1.01,2026-04-15,707,79,28.84
45.63445,115.95863,342.14,1.03,1.01,2026-04-15,707,92,43.98
45.63469,115.89261,351.86,1.03,1.01,2026-04-15,707,96,62.51
45.63639,115.90527,346.72,1.03,1.01,2026-04-15,707,94,50.96
45.6366,115.83944,338.33,1.03,1.01,2026-04-15,707,88,34.42
45.6381,115.91793,363.83,1.03,1.01,2026-04-15,707,100,94.46
45.63981,115.9307,381.45,1.03,1.01,2026-04-15,707,100,159.95
45.64153,115.94348,334.3,1.03,1.01,2026-04-15,707,88,30.42
46.849,122.72399,314.69,2.09,1.41,2026-04-15,707,75,30.08
46.88469,122.46971,319.26,2.03,1.39,2026-04-15,707,79,42.36
46.8866,122.49598,311.36,2.04,1.39,2026-04-15,707,71,23.32
48.35446,126.72455,311.43,3.62,1.78,2026-04-15,707,71,70.3
9.6489,-63.62819,310.85,1.0,1.0,2026-04-15,739,76,9.77
8.55872,-64.13413,307.5,1.0,1.0,2026-04-15,741,72,8.74
-19.44728,-73.25931,310.29,1.22,1.1,2026-04-15,748,70,11.71
-33.07889,116.21541,359.55,1.95,1.36,2026-04-15,824,99,199.97
-33.07627,116.20033,340.26,1.94,1.36,2026-04-15,824,70,98.08
-33.07531,116.17121,347.22,1.93,1.36,2026-04-15,824,92,135.55
-33.07486,116.2354,366.0,1.95,1.36,2026-04-15,824,100,245.11
-33.07207,116.22047,386.14,1.95,1.36,2026-04-15,824,100,457.73
-33.0712,116.19153,350.17,1.94,1.36,2026-04-15,824,95,149.04
-33.06783,116.24073,354.9,1.95,1.36,2026-04-15,824,92,169.03
-33.06717,116.21146,365.77,1.95,1.36,2026-04-15,824,100,252.51
-33.06298,116.2321,355.53,1.95,1.36,2026-04-15,824,86,175.9
-33.05535,116.20798,356.91,1.95,1.36,2026-04-15,824,98,198.43
-31.97451,118.14835,330.85,2.78,1.59,2026-04-15,824,87,130.64
-30.92264,116.3263,322.91,2.23,1.45,2026-04-15,824,76,49.91
-30.91973,116.34416,328.68,2.23,1.45,2026-04-15,824,83,66.64
-30.91789,116.34881,323.81,2.23,1.45,2026-04-15,824,76,53.06
-30.75161,116.18865,353.25,2.2,1.44,2026-04-15,824,97,203.23
-30.75046,116.19343,358.61,2.2,1.44,2026-04-15,824,99,245.08
-30.7471,116.21072,325.85,2.21,1.44,2026-04-15,824,81,59.27
-30.67683,116.35766,320.57,2.27,1.46,2026-04-15,824,76,44.41
-30.66384,116.54952,316.32,2.34,1.48,2026-04-15,824,71,31.37
-30.66023,116.55354,320.09,2.34,1.48,2026-04-15,824,77,40.63
-30.53002,116.42503,324.23,2.31,1.47,2026-04-15,824,79,55.77
-30.52688,116.42908,324.6,2.31,1.47,2026-04-15,824,80,60.06
-30.38522,116.27883,318.47,2.28,1.46,2026-04-15,824,73,40.44
-30.21463,116.9108,325.29,2.54,1.53,2026-04-15,824,80,67.49
-30.20765,116.91366,357.35,2.54,1.53,2026-04-15,824,98,285.01
-30.20134,116.90706,367.0,2.54,1.53,2026-04-15,824,100,391.87
-30.19601,116.93211,327.42,2.55,1.54,2026-04-15,824,82,76.98
-30.08809,116.17005,327.53,2.28,1.46,2026-04-15,824,82,67.57
-30.0871,116.17738,325.46,2.28,1.46,2026-04-15,824,80,59.33
-30.04379,116.76945,353.87,2.51,1.52,2026-04-15,824,97,246.11
-30.03057,116.76572,362.65,2.51,1.52,2026-04-15,824,100,333.81
-30.02524,116.79079,318.41,2.52,1.53,2026-04-15,824,72,37.89
-29.97622,115.42452,363.97,2.04,1.39,2026-04-15,824,100,257.69
-29.97429,115.41893,353.93,2.04,1.39,2026-04-15,824,97,183.09
-29.97027,115.43916,339.03,2.04,1.39,2026-04-15,824,90,100.67
-22.36085,114.07015,337.71,2.44,1.51,2026-04-15,826,83,120.02
-22.35532,114.03764,356.3,2.43,1.5,2026-04-15,826,98,250.93
-22.35229,114.04426,358.45,2.43,1.5,2026-04-15,826,99,271.82
-22.35095,114.06058,363.77,2.44,1.51,2026-04-15,826,94,327.46
-22.34776,114.06712,332.04,2.44,1.51,2026-04-15,826,79,88.71
10.13228,105.05303,322.34,1.95,1.36,2026-04-15,835,75,28.19
10.145,104.96482,319.6,1.91,1.35,2026-04-15,835,71,22.87
10.17822,104.94324,319.57,1.91,1.35,2026-04-15,835,71,25.44
10.18407,104.93684,323.77,1.91,1.35,2026-04-15,835,76,33.9
10.1862,104.9537,326.84,1.91,1.35,2026-04-15,835,80,43.58
10.19003,104.94168,325.98,1.91,1.35,2026-04-15,835,79,41.35
10.269,104.78323,322.66,1.86,1.33,2026-04-15,835,75,29.41
11.05992,98.82061,332.14,1.0,1.0,2026-04-15,835,84,24.77
11.71389,99.16615,347.81,1.0,1.0,2026-04-15,837,94,48.66
11.71519,99.17502,322.99,1.0,1.0,2026-04-15,837,70,10.96
11.75559,99.51379,329.78,1.01,1.0,2026-04-15,837,78,20.88
11.79449,99.53532,335.21,1.01,1.0,2026-04-15,837,86,25.28
11.80325,99.53399,351.95,1.01,1.0,2026-04-15,837,96,56.08
11.82301,99.48533,340.61,1.0,1.0,2026-04-15,837,90,34.58
11.8243,99.49422,345.47,1.01,1.0,2026-04-15,837,92,43.32
11.83178,99.48409,327.99,1.0,1.0,2026-04-15,837,79,15.65
11.83308,99.49298,390.01,1.01,1.0,2026-04-15,837,100,189.03
11.83437,99.50189,372.03,1.01,1.0,2026-04-15,837,94,113.42
11.83828,99.77597,336.09,1.01,1.01,2026-04-15,837,86,23.58
11.84217,99.55543,327.68,1.01,1.0,2026-04-15,837,79,17.59
11.86214,99.49207,360.04,1.01,1.0,2026-04-15,837,100,75.78
11.86343,99.50095,350.78,1.01,1.0,2026-04-15,837,95,53.98
11.87738,99.28965,324.62,1.0,1.0,2026-04-15,837,71,16.26
11.88317,99.20708,333.65,1.0,1.0,2026-04-15,837,85,23.21
11.89717,99.21638,334.89,1.0,1.0,2026-04-15,837,81,25.0
11.99656,99.3465,322.06,1.0,1.0,2026-04-15,837,72,12.06
12.49995,98.99606,327.85,1.0,1.0,2026-04-15,837,79,16.76
12.66894,98.94862,333.28,1.0,1.0,2026-04-15,837,84,25.37
12.68121,98.83186,383.41,1.0,1.0,2026-04-15,837,100,159.34
12.68252,98.84075,342.99,1.0,1.0,2026-04-15,837,91,40.34
12.8205,98.90383,324.82,1.0,1.0,2026-04-15,837,75,15.22
12.83706,98.95589,324.5,1.0,1.0,2026-04-15,837,75,13.89
12.83748,103.62228,325.12,1.66,1.27,2026-04-15,837,73,24.62
13.07419,104.21517,335.61,1.86,1.33,2026-04-15,837,85,58.94
13.14041,98.95478,357.2,1.0,1.0,2026-04-15,837,98,71.08
13.14172,98.96371,390.32,1.0,1.0,2026-04-15,837,100,191.58
13.15441,98.96425,325.4,1.0,1.0,2026-04-15,837,76,15.12
13.15707,99.50176,333.33,1.02,1.01,2026-04-15,837,84,26.34
13.23301,98.95213,324.91,1.0,1.0,2026-04-15,837,76,13.63
13.25254,99.00724,322.75,1.0,1.0,2026-04-15,837,72,11.88
13.29935,98.89961,332.04,1.0,1.0,2026-04-15,837,83,24.18
13.31592,98.95186,326.06,1.0,1.0,2026-04-15,837,76,15.34
13.32218,99.17918,327.52,1.01,1.0,2026-04-15,837,78,18.86
13.33876,99.2318,325.04,1.01,1.0,2026-04-15,837,75,14.34
13.35006,101.05892,339.11,1.15,1.07,2026-04-15,837,88,34.67
13.35151,101.06922,331.55,1.15,1.07,2026-04-15,837,81,20.98
13.35321,98.69314,341.42,1.0,1.0,2026-04-15,837,90,38.04
13.40732,98.67906,324.84,1.0,1.0,2026-04-15,837,74,13.27
13.40863,98.68798,331.15,1.0,1.0,2026-04-15,837,81,21.37
13.42478,98.67635,325.47,1.0,1.0,2026-04-15,837,75,14.56
13.54934,99.22392,326.39,1.01,1.0,2026-04-15,837,75,14.81
13.56476,99.05899,326.21,1.0,1.0,2026-04-15,837,75,14.95
13.58709,99.02813,324.52,1.0,1.0,2026-04-15,837,72,13.24
13.63326,99.22286,324.11,1.01,1.0,2026-04-15,837,71,11.76
13.65575,99.17681,330.95,1.01,1.0,2026-04-15,837,80,22.45
13.71964,99.18539,331.15,1.01,1.0,2026-04-15,837,80,21.79
13.75051,99.52375,336.44,1.02,1.01,2026-04-15,837,85,23.64
13.9918,98.94453,331.4,1.0,1.0,2026-04-15,837,80,19.93
13.9931,98.95349,328.79,1.0,1.0,2026-04-15,837,77,17.04
14.0089,99.57793,332.66,1.03,1.01,2026-04-15,837,81,18.09
14.05664,101.47289,327.55,1.24,1.11,2026-04-15,837,74,16.14
14.06771,100.32751,336.91,1.09,1.04,2026-04-15,837,84,29.22
14.0732,98.55898,340.5,1.0,1.0,2026-04-15,837,87,32.37
14.08934,98.54729,329.94,1.0,1.0,2026-04-15,837,78,19.66
14.09065,98.55624,324.97,1.0,1.0,2026-04-15,837,70,13.69
14.11127,101.812,326.87,1.3,1.13,2026-04-15,837,73,15.5
14.1128,101.82364,325.49,1.3,1.13,2026-04-15,837,71,13.77
14.16627,98.23891,330.65,1.0,1.0,2026-04-15,837,80,21.65
14.16691,99.66157,345.98,1.03,1.02,2026-04-15,837,92,36.83
14.19433,100.44631,329.63,1.1,1.05,2026-04-15,837,77,18.91
14.22765,98.80372,338.42,1.0,1.0,2026-04-15,837,87,30.65
14.2404,98.80431,325.92,1.0,1.0,2026-04-15,837,73,15.32
14.25159,99.7944,331.99,1.04,1.02,2026-04-15,837,77,18.48
14.2658,99.31451,333.09,1.02,1.01,2026-04-15,837,74,21.16
14.26712,99.3237,338.42,1.02,1.01,2026-04-15,837,86,28.94
14.26805,99.26768,325.21,1.02,1.01,2026-04-15,837,71,12.98
14.29563,99.06241,331.05,1.01,1.0,2026-04-15,837,80,22.29
14.29691,99.07129,330.7,1.01,1.0,2026-04-15,837,79,22.01
14.36212,98.82565,330.9,1.0,1.0,2026-04-15,837,80,18.37
14.36473,98.84361,342.43,1.0,1.0,2026-04-15,837,90,37.21
14.4264,98.68971,327.74,1.0,1.0,2026-04-15,837,76,16.68
14.44078,98.78854,326.8,1.0,1.0,2026-04-15,837,75,14.07
14.44952,98.78715,323.97,1.0,1.0,2026-04-15,837,70,11.39
14.46283,99.33736,332.18,1.02,1.01,2026-04-15,837,81,19.73
14.46415,99.34655,336.82,1.02,1.01,2026-04-15,837,80,24.99
14.47429,99.35445,330.65,1.02,1.01,2026-04-15,837,73,16.66
14.53635,98.63018,328.31,1.0,1.0,2026-04-15,837,77,15.94
14.55582,98.94879,329.47,1.01,1.0,2026-04-15,837,78,18.52
14.55629,99.46711,329.58,1.03,1.01,2026-04-15,837,77,14.6
14.58054,98.17635,325.15,1.0,1.0,2026-04-15,837,75,13.34
14.58187,98.18533,359.41,1.0,1.0,2026-04-15,837,99,75.27
14.60148,98.62254,331.79,1.0,1.0,2026-04-15,837,74,20.8
14.63509,98.60817,328.54,1.0,1.0,2026-04-15,837,71,16.2
14.63638,98.61706,327.97,1.0,1.0,2026-04-15,837,70,16.29
14.64943,98.44425,328.5,1.0,1.0,2026-04-15,837,78,20.52
14.65074,98.45321,323.74,1.0,1.0,2026-04-15,837,71,14.24
14.65814,98.44289,330.25,1.0,1.0,2026-04-15,837,80,21.7
14.65945,98.45184,343.31,1.0,1.0,2026-04-15,837,91,41.1
14.66077,98.46081,334.03,1.0,1.0,2026-04-15,837,83,26.42
14.6907,98.30013,336.57,1.0,1.0,2026-04-15,837,73,25.49
14.69202,98.3091,343.89,1.0,1.0,2026-04-15,837,91,39.58
14.71522,98.40639,360.22,1.0,1.0,2026-04-15,837,100,78.33
14.73939,99.26647,324.16,1.02,1.01,2026-04-15,837,70,13.79
14.78236,99.11436,339.63,1.01,1.01,2026-04-15,837,88,31.79
14.78487,98.18689,324.11,1.0,1.0,2026-04-15,837,73,12.82
14.84102,98.87623,335.56,1.01,1.0,2026-04-15,837,84,29.68
14.87049,99.20612,327.92,1.02,1.01,2026-04-15,837,75,17.24
14.87185,100.00726,336.91,1.07,1.03,2026-04-15,837,79,26.09
14.8732,98.07765,329.16,1.0,1.0,2026-04-15,837,80,17.61
14.87453,98.08664,322.27,1.0,1.0,2026-04-15,837,71,9.34
14.8894,98.39417,353.96,1.0,1.0,2026-04-15,837,97,58.17
14.89071,98.40314,350.54,1.0,1.0,2026-04-15,837,95,52.53
14.89943,98.40176,323.78,1.0,1.0,2026-04-15,837,71,11.68
14.92356,98.62771,336.78,1.0,1.0,2026-04-15,837,86,27.41
14.95358,99.272,377.64,1.02,1.01,2026-04-15,837,100,138.61
14.95488,99.28117,339.27,1.02,1.01,2026-04-15,837,87,33.07
15.00026,98.88535,328.16,1.01,1.0,2026-04-15,837,77,20.44
15.01299,99.89117,343.21,1.07,1.03,2026-04-15,837,89,34.5
15.08854,98.55271,339.43,1.0,1.0,2026-04-15,837,77,31.53
15.09717,100.3581,342.8,1.11,1.05,2026-04-15,837,88,43.28
15.10729,98.55891,329.16,1.0,1.0,2026-04-15,837,74,18.21
15.157,98.32382,332.09,1.0,1.0,2026-04-15,837,83,22.24
15.20704,99.43861,325.65,1.04,1.02,2026-04-15,837,71,10.93
15.23149,99.21049,332.86,1.02,1.01,2026-04-15,837,82,20.28
15.27842,98.46461,333.09,1.0,1.0,2026-04-15,837,83,24.3
15.27972,98.47359,336.95,1.0,1.0,2026-04-15,837,86,30.15
15.30105,99.44588,331.99,1.04,1.02,2026-04-15,837,71,21.69
15.33695,98.80569,372.34,1.01,1.0,2026-04-15,837,100,115.82
15.33826,98.81474,372.05,1.01,1.0,2026-04-15,837,100,115.99
15.35046,98.75065,326.69,1.01,1.0,2026-04-15,837,71,15.82
15.36712,98.61882,359.28,1.0,1.0,2026-04-15,837,99,75.73
15.36843,98.62784,353.67,1.0,1.0,2026-04-15,837,96,62.14
15.37716,98.62646,346.72,1.0,1.0,2026-04-15,837,93,47.87
15.41312,99.46137,366.68,1.04,1.02,2026-04-15,837,100,99.13
15.41445,99.47076,337.16,1.04,1.02,2026-04-15,837,85,27.23
15.42202,99.46007,361.86,1.04,1.02,2026-04-15,837,100,82.95
15.42336,99.46947,381.39,1.04,1.02,2026-04-15,837,100,154.01
15.43861,98.41782,325.35,1.0,1.0,2026-04-15,837,74,14.72
15.44593,99.42114,366.77,1.04,1.02,2026-04-15,837,100,97.56
15.45478,99.41954,339.03,1.04,1.02,2026-04-15,837,82,27.79
15.46234,99.40884,348.99,1.04,1.02,2026-04-15,837,94,46.41
15.47258,99.41712,336.95,1.04,1.02,2026-04-15,837,76,22.71
15.49217,97.89001,327.55,1.0,1.0,2026-04-15,837,78,17.3
15.49451,98.34708,328.03,1.0,1.0,2026-04-15,837,78,14.74
15.49522,99.3849,365.53,1.04,1.02,2026-04-15,837,100,93.22
15.49792,99.40377,340.22,1.04,1.02,2026-04-15,837,88,29.75
15.50411,99.38361,379.25,1.04,1.02,2026-04-15,837,100,145.74
15.50546,99.39305,364.59,1.04,1.02,2026-04-15,837,100,90.33
15.50814,99.4118,338.83,1.04,1.02,2026-04-15,837,78,28.94
15.5809,99.92603,333.37,1.08,1.04,2026-04-15,837,79,19.08
15.58216,99.93513,331.1,1.08,1.04,2026-04-15,837,72,16.47
15.65261,98.55647,328.58,1.0,1.0,2026-04-15,837,77,14.39
15.66552,100.46458,331.3,1.14,1.06,2026-04-15,837,76,14.98
15.67041,100.38511,334.8,1.13,1.06,2026-04-15,837,81,21.76
15.70277,98.96602,327.6,1.02,1.01,2026-04-15,837,75,18.81
15.71111,98.89925,327.88,1.01,1.01,2026-04-15,837,75,18.2
15.71156,98.96467,325.9,1.02,1.01,2026-04-15,837,72,16.06
15.74771,99.28052,359.65,1.03,1.02,2026-04-15,837,99,74.25
15.75524,99.26978,335.83,1.03,1.02,2026-04-15,837,73,23.86
15.75659,99.27923,336.18,1.03,1.02,2026-04-15,837,77,23.25
15.76003,99.88723,328.14,1.08,1.04,2026-04-15,837,73,9.65
15.77298,99.26723,328.94,1.03,1.02,2026-04-15,837,76,16.01
15.7758,101.17695,329.89,1.25,1.11,2026-04-15,837,71,14.3
15.80287,100.19357,327.22,1.11,1.05,2026-04-15,837,70,15.13
15.8121,99.20676,339.71,1.03,1.01,2026-04-15,837,87,32.9
15.82814,99.85136,332.47,1.08,1.04,2026-04-15,837,79,14.24
15.8295,99.86109,334.35,1.08,1.04,2026-04-15,837,81,16.99
15.85888,99.21799,340.38,1.03,1.01,2026-04-15,837,87,33.86
15.87089,99.2295,334.71,1.03,1.01,2026-04-15,837,82,24.79
15.87976,99.22829,334.67,1.03,1.01,2026-04-15,837,82,23.69
15.88511,100.33053,327.73,1.13,1.06,2026-04-15,837,71,14.55
15.91658,99.23276,333.09,1.03,1.02,2026-04-15,837,80,20.06
15.9876,99.20567,339.03,1.03,1.01,2026-04-15,837,86,28.07
15.99647,99.2044,346.39,1.03,1.01,2026-04-15,837,92,42.15
16.01766,101.16436,339.11,1.25,1.11,2026-04-15,837,85,36.14
16.02955,100.03968,330.09,1.1,1.05,2026-04-15,837,76,14.24
16.07946,98.31001,332.09,1.0,1.0,2026-04-15,837,80,17.07
16.08603,95.56594,324.87,1.18,1.08,2026-04-15,837,71,12.62
16.08799,99.203,352.18,1.03,1.02,2026-04-15,837,95,60.22
16.09924,97.94059,327.95,1.0,1.0,2026-04-15,837,76,13.67
16.13361,95.6227,327.1,1.17,1.08,2026-04-15,837,75,16.09
16.13526,95.63321,327.23,1.17,1.07,2026-04-15,837,75,16.27
16.15476,98.7057,340.73,1.01,1.0,2026-04-15,837,88,35.71
16.18211,100.26748,331.05,1.13,1.06,2026-04-15,837,78,20.2
16.22568,100.1929,328.47,1.12,1.06,2026-04-15,837,74,11.99
16.23914,99.15819,335.43,1.03,1.02,2026-04-15,837,83,28.45
16.24043,99.16734,326.74,1.03,1.02,2026-04-15,837,71,16.36
16.27791,95.60717,340.61,1.16,1.07,2026-04-15,837,88,43.1
16.27959,95.61765,335.21,1.16,1.07,2026-04-15,837,84,32.12
16.28639,98.52387,327.71,1.01,1.0,2026-04-15,837,74,19.03
16.28726,95.60555,327.34,1.16,1.07,2026-04-15,837,70,20.69
16.31804,99.20358,334.07,1.04,1.02,2026-04-15,837,81,22.16
16.31934,99.21276,338.78,1.04,1.02,2026-04-15,837,86,30.42
16.33035,98.7039,331.45,1.01,1.01,2026-04-15,837,78,13.43
16.33684,100.53988,337.08,1.17,1.08,2026-04-15,837,84,26.16
16.35676,101.01981,334.26,1.24,1.11,2026-04-15,837,81,34.09
16.36408,98.67422,331.84,1.01,1.01,2026-04-15,837,79,15.82
16.36993,95.88806,324.19,1.13,1.06,2026-04-15,837,70,13.05
16.42337,99.15534,334.03,1.03,1.02,2026-04-15,837,81,24.35
16.43223,99.15394,330.3,1.03,1.02,2026-04-15,837,77,20.14
16.43351,99.163,332.23,1.04,1.02,2026-04-15,837,79,23.75
16.4362,99.18217,339.71,1.04,1.02,2026-04-15,837,87,35.64
16.52041,99.39228,336.22,1.05,1.02,2026-04-15,837,84,22.05
16.53606,98.91253,327.56,1.02,1.01,2026-04-15,837,72,18.62
16.5693,99.74003,328.4,1.08,1.04,2026-04-15,837,74,13.58
16.57068,98.12086,331.89,1.0,1.0,2026-04-15,837,78,17.7
16.57201,98.12991,334.76,1.0,1.0,2026-04-15,837,81,21.24
16.57358,101.34164,333.52,1.31,1.13,2026-04-15,837,73,27.77
16.57505,101.35289,340.34,1.31,1.14,2026-04-15,837,87,45.98
16.58033,99.02287,337.59,1.03,1.01,2026-04-15,837,84,31.09
16.58496,101.35135,339.43,1.31,1.14,2026-04-15,837,86,42.71
16.5864,101.3623,384.72,1.31,1.14,2026-04-15,837,100,240.78
16.59494,101.35036,348.61,1.31,1.14,2026-04-15,837,93,66.36
16.59639,101.36137,355.25,1.31,1.14,2026-04-15,837,97,91.8
16.60091,95.58596,333.33,1.16,1.07,2026-04-15,837,82,26.63
16.60251,98.9247,338.33,1.02,1.01,2026-04-15,837,85,31.96
16.60387,98.93422,349.12,1.02,1.01,2026-04-15,837,93,52.94
16.60704,98.64246,332.18,1.01,1.01,2026-04-15,837,78,16.87
16.61174,98.98966,371.43,1.03,1.01,2026-04-15,837,100,117.25
16.61306,98.99899,336.39,1.03,1.01,2026-04-15,837,83,30.36
16.61405,98.94235,332.76,1.02,1.01,2026-04-15,837,79,23.81
16.61439,99.00832,332.9,1.03,1.01,2026-04-15,837,79,25.2
16.61622,98.8944,371.37,1.02,1.01,2026-04-15,837,100,114.24
16.6175,98.90343,354.04,1.02,1.01,2026-04-15,837,96,62.8
16.61928,98.97918,331.3,1.03,1.01,2026-04-15,837,77,23.0
16.62059,98.98845,406.39,1.03,1.01,2026-04-15,837,100,296.57
16.62191,98.99774,334.53,1.03,1.01,2026-04-15,837,81,28.16
16.62812,98.97792,351.29,1.03,1.01,2026-04-15,837,95,59.33
16.62944,98.98719,388.6,1.03,1.01,2026-04-15,837,100,191.59
16.6384,100.16924,333.23,1.13,1.06,2026-04-15,837,81,21.35
16.63982,100.17949,337.38,1.13,1.06,2026-04-15,837,85,28.86
16.65982,101.36935,334.48,1.32,1.14,2026-04-15,837,81,31.05
16.66106,95.50533,334.26,1.17,1.07,2026-04-15,837,82,26.39
16.68506,95.37469,332.57,1.18,1.08,2026-04-15,837,78,24.88
16.75892,101.50853,333.33,1.35,1.15,2026-04-15,837,80,35.96
16.76008,98.48478,333.42,1.01,1.0,2026-04-15,837,79,19.65
16.77891,98.86654,328.87,1.02,1.01,2026-04-15,837,73,17.68
16.83155,99.17448,337.92,1.04,1.02,2026-04-15,837,84,25.14
16.84043,99.17299,335.43,1.04,1.02,2026-04-15,837,82,21.45
16.86062,95.2545,333.33,1.19,1.09,2026-04-15,837,81,26.99
16.86857,99.3729,328.45,1.06,1.03,2026-04-15,837,72,10.05
16.8768,98.9016,335.21,1.03,1.01,2026-04-15,837,81,24.42
16.87816,98.91112,337.21,1.03,1.01,2026-04-15,837,84,27.04
16.8804,101.57218,327.45,1.37,1.16,2026-04-15,837,71,25.52
16.88703,98.90996,342.21,1.03,1.01,2026-04-15,837,88,35.36
16.88836,98.91937,333.7,1.03,1.01,2026-04-15,837,80,20.09
16.90276,98.13332,332.14,1.0,1.0,2026-04-15,837,78,22.42
16.93467,98.53844,341.23,1.01,1.0,2026-04-15,837,87,28.59
16.94414,99.51242,332.57,1.07,1.03,2026-04-15,837,79,16.54
16.94785,99.27602,337.21,1.05,1.02,2026-04-15,837,84,24.21
16.95018,100.09819,336.95,1.13,1.06,2026-04-15,837,84,30.31
16.98652,98.43932,327.06,1.01,1.0,2026-04-15,837,70,9.35
16.99466,99.54449,330.04,1.07,1.03,2026-04-15,837,74,12.13
17.0064,95.07114,352.99,1.22,1.1,2026-04-15,837,96,73.54
17.03667,101.68037,330.04,1.4,1.17,2026-04-15,837,75,23.3
17.07945,100.02,327.04,1.12,1.06,2026-04-15,837,71,13.47
17.10181,98.93072,338.78,1.03,1.01,2026-04-15,837,81,27.86
17.10315,98.94011,332.23,1.03,1.01,2026-04-15,837,70,17.76
17.11064,98.92924,366.28,1.03,1.01,2026-04-15,837,100,92.96
17.11587,100.49541,332.23,1.19,1.08,2026-04-15,837,78,21.95
17.11998,98.92219,336.35,1.03,1.01,2026-04-15,837,83,23.97
17.12128,98.93144,346.99,1.03,1.01,2026-04-15,837,92,43.16
17.12882,98.92078,328.23,1.03,1.01,2026-04-15,837,73,13.86
17.13052,98.99741,335.56,1.03,1.02,2026-04-15,837,82,24.64
17.13723,101.43168,335.29,1.35,1.15,2026-04-15,837,77,37.94
17.14599,95.36221,325.78,1.17,1.08,2026-04-15,837,70,11.7
17.16283,98.90562,331.7,1.03,1.01,2026-04-15,837,78,20.88
17.16418,98.9151,329.37,1.03,1.01,2026-04-15,837,74,17.15
17.17458,98.65051,327.51,1.02,1.01,2026-04-15,837,72,12.0
17.20307,99.45454,364.15,1.07,1.03,2026-04-15,837,100,92.03
17.20898,98.00389,334.98,1.0,1.0,2026-04-15,837,83,23.88
17.21802,98.5774,333.47,1.01,1.01,2026-04-15,837,80,21.3
17.22103,95.00951,328.09,1.22,1.1,2026-04-15,837,74,18.4
17.22263,95.72141,328.47,1.12,1.06,2026-04-15,837,75,15.82
17.22281,95.02052,328.9,1.22,1.1,2026-04-15,837,76,19.54
17.22813,98.58529,373.28,1.01,1.01,2026-04-15,837,100,119.13
17.23744,99.82888,328.7,1.11,1.05,2026-04-15,837,74,16.81
17.24095,99.52872,344.46,1.08,1.04,2026-04-15,837,90,39.12
17.2439,99.82218,328.09,1.11,1.05,2026-04-15,837,74,16.41
17.24472,98.43612,340.03,1.01,1.0,2026-04-15,837,87,31.29
17.24603,98.44522,362.56,1.01,1.0,2026-04-15,837,100,81.29
17.27408,99.63434,336.65,1.09,1.04,2026-04-15,837,84,24.14
17.28072,102.93014,372.82,1.73,1.29,2026-04-15,837,94,241.98
17.28235,102.93554,362.65,1.73,1.29,2026-04-15,837,100,168.84
17.28745,95.36323,330.8,1.16,1.07,2026-04-15,837,78,17.89
17.31319,98.20403,352.3,1.0,1.0,2026-04-15,837,96,53.14
17.3145,98.21309,349.96,1.0,1.0,2026-04-15,837,94,48.09
17.31858,95.04299,332.04,1.21,1.09,2026-04-15,837,80,23.23
17.35085,99.38589,345.23,1.07,1.03,2026-04-15,837,91,42.26
17.35222,99.39565,331.84,1.07,1.03,2026-04-15,837,75,18.0
17.38198,98.74757,332.42,1.02,1.01,2026-04-15,837,80,24.08
17.38244,100.28567,343.64,1.17,1.07,2026-04-15,837,90,42.96
17.38388,100.29624,334.12,1.17,1.08,2026-04-15,837,81,23.97
17.41746,98.22826,335.87,1.0,1.0,2026-04-15,837,85,25.17
17.43406,98.28134,342.21,1.01,1.0,2026-04-15,837,89,37.84
17.45214,100.61894,337.46,1.22,1.1,2026-04-15,837,85,40.17
17.45295,98.66454,334.26,1.02,1.01,2026-04-15,837,78,24.53
17.45811,95.74107,326.87,1.11,1.05,2026-04-15,837,73,10.19
17.50214,98.17065,329.52,1.0,1.0,2026-04-15,837,78,17.74
17.51575,99.78275,329.78,1.11,1.05,2026-04-15,837,73,15.56
17.51711,99.79284,335.69,1.11,1.05,2026-04-15,837,79,24.4
17.54133,100.84763,326.92,1.26,1.11,2026-04-15,837,71,19.7
17.54942,97.80341,325.11,1.0,1.0,2026-04-15,837,72,15.7
17.56747,98.37538,333.56,1.01,1.0,2026-04-15,837,83,23.86
17.61187,97.53512,348.99,1.0,1.0,2026-04-15,837,94,45.0
17.6206,97.53369,342.58,1.0,1.0,2026-04-15,837,90,32.59
17.63391,97.86698,329.05,1.0,1.0,2026-04-15,837,78,17.41
17.63807,99.87228,329.94,1.12,1.06,2026-04-15,837,78,19.54
17.63944,99.88241,332.28,1.12,1.06,2026-04-15,837,81,23.46
17.64633,98.34772,325.39,1.01,1.0,2026-04-15,837,73,13.84
17.64727,99.8707,330.8,1.12,1.06,2026-04-15,837,79,21.23
17.64863,99.88076,332.33,1.12,1.06,2026-04-15,837,81,23.89
17.66238,99.77504,335.69,1.11,1.05,2026-04-15,837,84,28.48
17.66377,99.78515,330.45,1.11,1.05,2026-04-15,837,79,20.41
17.68856,99.35883,326.26,1.07,1.03,2026-04-15,837,74,13.42
17.69948,97.94939,349.77,1.0,1.0,2026-04-15,837,94,53.69
17.70253,99.86211,331.84,1.12,1.06,2026-04-15,837,80,23.7
17.71055,94.84187,385.24,1.22,1.1,2026-04-15,837,100,227.21
17.71237,94.85293,417.53,1.22,1.1,2026-04-15,837,100,494.3
17.75281,97.99126,340.03,1.0,1.0,2026-04-15,837,88,30.93
17.75414,98.00039,399.08,1.0,1.0,2026-04-15,837,100,234.37
17.75547,98.00955,381.03,1.0,1.0,2026-04-15,837,100,144.65
17.75886,97.97151,341.99,1.0,1.0,2026-04-15,837,90,35.22
17.76287,97.99902,351.5,1.0,1.0,2026-04-15,837,95,52.13
17.7642,98.00816,347.15,1.0,1.0,2026-04-15,837,93,43.33
17.76758,97.97009,361.65,1.0,1.0,2026-04-15,837,100,78.86
17.76892,97.97926,340.3,1.0,1.0,2026-04-15,837,88,29.87
17.77026,97.98846,345.09,1.0,1.0,2026-04-15,837,92,38.41
17.7716,97.9976,340.61,1.0,1.0,2026-04-15,837,89,30.9
17.78281,98.32301,326.95,1.01,1.0,2026-04-15,837,75,15.17
17.78695,98.04178,328.06,1.0,1.0,2026-04-15,837,75,15.27
17.80131,99.24664,329.78,1.06,1.03,2026-04-15,837,77,16.33
17.84266,99.47363,325.1,1.08,1.04,2026-04-15,837,71,14.93
17.85131,99.40155,350.87,1.08,1.04,2026-04-15,837,95,56.88
17.85257,99.41071,352.7,1.08,1.04,2026-04-15,837,96,62.71
17.87106,99.6834,327.73,1.11,1.05,2026-04-15,837,75,15.44
17.87159,102.0537,326.16,1.52,1.22,2026-04-15,837,71,23.5
17.88743,99.80527,327.78,1.12,1.05,2026-04-15,837,75,16.98
17.89757,99.74118,368.54,1.11,1.05,2026-04-15,837,100,115.2
17.89893,99.75121,392.56,1.11,1.05,2026-04-15,837,100,233.05
17.90489,98.67417,325.55,1.03,1.01,2026-04-15,837,72,9.31
17.9128,101.34207,328.78,1.36,1.16,2026-04-15,837,76,25.62
17.93509,100.72444,329.58,1.25,1.11,2026-04-15,837,77,25.53
17.93713,102.11072,329.58,1.54,1.22,2026-04-15,837,77,32.08
17.94011,102.3147,325.51,1.59,1.24,2026-04-15,837,70,20.09
17.94599,97.74245,338.33,1.0,1.0,2026-04-15,837,87,28.26
17.94733,97.75157,327.24,1.0,1.0,2026-04-15,837,76,12.53
17.9569,102.00874,328.29,1.51,1.21,2026-04-15,837,72,26.53
17.95832,95.62742,325.69,1.11,1.05,2026-04-15,837,72,7.64
17.96454,98.50455,336.22,1.02,1.01,2026-04-15,837,85,28.82
17.97065,101.07898,328.58,1.31,1.14,2026-04-15,837,76,21.5
17.97216,98.16818,328.74,1.01,1.0,2026-04-15,837,77,16.61
17.97658,99.90665,332.52,1.13,1.06,2026-04-15,837,81,23.92
17.97807,102.00537,363.29,1.51,1.21,2026-04-15,837,87,151.01
17.97997,99.53694,333.28,1.09,1.04,2026-04-15,837,79,26.79
17.98127,99.5465,336.04,1.09,1.04,2026-04-15,837,84,32.01
17.98326,99.42612,324.95,1.08,1.04,2026-04-15,837,70,9.84
17.98463,99.43601,330.19,1.08,1.04,2026-04-15,837,78,16.28
17.98915,99.5361,332.42,1.09,1.04,2026-04-15,837,76,23.65
17.99011,96.73522,327.03,1.02,1.01,2026-04-15,837,75,9.17
17.99134,100.77566,335.12,1.26,1.12,2026-04-15,837,83,37.54
18.03916,97.80467,324.28,1.0,1.0,2026-04-15,837,71,12.81
18.04429,97.01418,328.19,1.01,1.01,2026-04-15,837,77,19.03
18.04459,98.14976,328.65,1.01,1.0,2026-04-15,837,77,14.75
18.04568,97.02338,356.44,1.01,1.0,2026-04-15,837,98,70.61
18.05613,100.02792,326.57,1.15,1.07,2026-04-15,837,72,14.71
18.05756,100.03853,334.89,1.15,1.07,2026-04-15,837,83,28.04
18.06497,98.04337,327.09,1.0,1.0,2026-04-15,837,73,15.01
18.08934,94.52769,353.42,1.26,1.12,2026-04-15,837,96,89.48
18.10153,98.03185,324.56,1.0,1.0,2026-04-15,837,71,13.02
18.11188,102.32851,341.46,1.6,1.25,2026-04-15,837,89,65.65
18.11337,102.32257,327.82,1.6,1.25,2026-04-15,837,75,24.87
18.11515,102.33748,332.9,1.61,1.25,2026-04-15,837,81,39.1
18.11875,101.51939,336.35,1.41,1.18,2026-04-15,837,84,43.05
18.16067,102.34673,358.58,1.61,1.25,2026-04-15,837,99,139.45
18.1716,102.34527,335.29,1.61,1.25,2026-04-15,837,84,45.61
18.17689,100.30843,335.56,1.19,1.09,2026-04-15,837,83,30.46
18.18097,96.63635,324.69,1.03,1.01,2026-04-15,837,71,6.26
18.18257,102.34403,326.31,1.61,1.25,2026-04-15,837,73,22.23
18.19773,98.51656,330.85,1.02,1.01,2026-04-15,837,79,18.46
18.20163,104.7249,327.36,2.46,1.51,2026-04-15,837,75,55.74
18.20334,104.70818,350.14,2.45,1.51,2026-04-15,837,94,192.82
18.21079,98.08266,328.19,1.01,1.0,2026-04-15,837,77,16.71
18.21211,98.09182,326.3,1.01,1.0,2026-04-15,837,74,14.07
18.22242,97.41119,323.75,1.0,1.0,2026-04-15,837,72,14.55
18.22466,103.07149,329.99,1.83,1.32,2026-04-15,837,79,40.06
18.22469,99.29985,327.01,1.08,1.04,2026-04-15,837,72,11.56
18.2333,100.36736,330.19,1.2,1.09,2026-04-15,837,72,17.18
18.23407,103.05163,327.42,1.82,1.32,2026-04-15,837,75,33.86
18.23602,103.06816,336.52,1.83,1.32,2026-04-15,837,85,62.56
18.23778,98.02201,337.84,1.0,1.0,2026-04-15,837,86,31.08
18.25208,97.93561,334.16,1.0,1.0,2026-04-15,837,83,23.64
18.26351,101.61253,337.21,1.44,1.19,2026-04-15,837,85,49.29
18.26519,101.62581,330.5,1.44,1.19,2026-04-15,837,77,33.0
18.26764,102.8473,328.89,1.76,1.3,2026-04-15,837,73,32.66
18.26868,102.85614,332.71,1.77,1.3,2026-04-15,837,82,49.69
18.26953,102.86266,330.35,1.77,1.3,2026-04-15,837,78,39.42
18.30929,101.01034,326.88,1.31,1.14,2026-04-15,837,73,21.78
18.31076,102.25505,323.99,1.6,1.24,2026-04-15,837,70,18.03
18.3124,97.51141,322.49,1.0,1.0,2026-04-15,837,70,11.01
18.31826,102.13613,400.63,1.57,1.23,2026-04-15,837,100,470.31
18.32008,102.15086,344.49,1.57,1.23,2026-04-15,837,91,73.22
18.33354,98.23605,334.85,1.01,1.01,2026-04-15,837,84,21.9
18.34234,98.23496,333.42,1.01,1.01,2026-04-15,837,83,20.22
18.34288,100.50239,346.65,1.23,1.1,2026-04-15,837,92,60.38
18.34446,100.51405,368.68,1.23,1.1,2026-04-15,837,100,136.98
18.34551,103.01362,327.21,1.82,1.32,2026-04-15,837,75,34.92
18.34793,100.50655,356.83,1.23,1.1,2026-04-15,837,98,91.63
18.34942,100.51808,339.63,1.23,1.1,2026-04-15,837,87,43.8
18.35385,99.89955,329.63,1.14,1.07,2026-04-15,837,76,18.69
18.35769,96.16655,323.94,1.05,1.02,2026-04-15,837,70,14.05
18.36658,101.36825,325.28,1.39,1.17,2026-04-15,837,71,12.31
18.37949,96.72445,329.0,1.02,1.01,2026-04-15,837,78,12.45
18.3951,101.66871,333.0,1.46,1.19,2026-04-15,837,81,33.65
18.39703,102.68868,328.0,1.72,1.29,2026-04-15,837,72,33.65
18.40017,103.076,341.84,1.84,1.33,2026-04-15,837,89,80.15
18.40045,101.66204,331.45,1.46,1.19,2026-04-15,837,80,32.34
18.40146,103.01791,323.6,1.82,1.32,2026-04-15,837,70,21.26
18.40223,103.09277,339.15,1.85,1.33,2026-04-15,837,87,72.6
18.40347,103.03511,324.36,1.83,1.32,2026-04-15,837,71,22.62
18.40549,101.66703,327.38,1.46,1.19,2026-04-15,837,75,22.57
18.4094,103.086,360.24,1.85,1.33,2026-04-15,837,100,180.34
18.41291,98.14114,337.8,1.01,1.0,2026-04-15,837,87,31.29
18.42025,98.40283,349.43,1.02,1.01,2026-04-15,837,94,47.81
18.42051,99.92643,328.23,1.15,1.07,2026-04-15,837,73,14.34
18.42076,101.0868,329.78,1.33,1.14,2026-04-15,837,75,26.86
18.42167,98.13982,344.74,1.01,1.0,2026-04-15,837,92,42.77
18.42611,102.92963,331.65,1.8,1.31,2026-04-15,837,76,46.91
18.43328,96.78211,325.66,1.02,1.01,2026-04-15,837,73,13.78
18.44011,103.04647,328.95,1.83,1.33,2026-04-15,837,71,34.65
18.44827,100.35077,325.56,1.21,1.09,2026-04-15,837,70,15.55
18.45083,98.34376,339.31,1.02,1.01,2026-04-15,837,88,30.44
18.45433,103.16584,364.37,1.87,1.34,2026-04-15,837,100,222.11
18.45526,99.03674,337.84,1.06,1.03,2026-04-15,837,86,26.64
18.45639,103.18315,333.09,1.88,1.34,2026-04-15,837,82,58.25
18.4566,99.04649,330.8,1.06,1.03,2026-04-15,837,79,15.78
18.46272,98.42738,326.45,1.02,1.01,2026-04-15,837,75,12.83
18.46589,103.16313,343.28,1.87,1.34,2026-04-15,837,90,101.09
18.46676,99.38142,327.79,1.09,1.04,2026-04-15,837,74,15.3
18.46743,100.34845,328.81,1.21,1.09,2026-04-15,837,76,18.82
18.46888,100.35934,331.0,1.21,1.09,2026-04-15,837,79,23.06
18.4739,99.37455,333.42,1.09,1.04,2026-04-15,837,81,24.41
18.47467,95.84438,328.46,1.08,1.04,2026-04-15,837,71,9.62
18.47699,100.34706,335.43,1.21,1.09,2026-04-15,837,83,31.93
18.47748,103.16069,339.67,1.87,1.34,2026-04-15,837,88,87.02
18.47802,102.98235,339.35,1.82,1.32,2026-04-15,837,83,74.2
18.47846,100.3581,336.09,1.21,1.09,2026-04-15,837,84,33.93
18.48582,101.60326,327.9,1.45,1.19,2026-04-15,837,72,23.11
18.48734,101.61557,351.17,1.45,1.19,2026-04-15,837,95,89.19
18.49071,101.62172,333.56,1.45,1.19,2026-04-15,837,77,34.63
18.49778,101.61451,324.96,1.45,1.19,2026-04-15,837,72,19.87
18.49937,101.62743,339.95,1.45,1.19,2026-04-15,837,88,55.6
18.50478,98.01752,352.99,1.01,1.0,2026-04-15,837,96,58.95
18.51151,101.86665,332.76,1.51,1.21,2026-04-15,837,82,41.0
18.51461,103.57323,336.44,2.02,1.38,2026-04-15,837,85,79.8
18.5185,103.02718,336.22,1.83,1.33,2026-04-15,837,85,65.67
18.51865,101.87296,326.26,1.51,1.21,2026-04-15,837,74,28.0
18.52935,102.82616,348.68,1.77,1.3,2026-04-15,837,71,114.6
18.53181,101.30495,330.65,1.38,1.16,2026-04-15,837,79,31.52
18.53344,101.31746,367.37,1.39,1.17,2026-04-15,837,100,156.08
18.53552,98.10674,326.44,1.01,1.0,2026-04-15,837,76,14.72
18.53733,101.67677,328.58,1.46,1.2,2026-04-15,837,77,24.68
18.53909,101.6908,327.01,1.47,1.2,2026-04-15,837,75,21.98
18.5396,99.65348,342.06,1.12,1.05,2026-04-15,837,89,37.09
18.54093,101.31163,356.81,1.39,1.17,2026-04-15,837,98,109.79
18.54247,101.3241,339.51,1.39,1.17,2026-04-15,837,88,52.22
18.54376,101.31696,327.69,1.39,1.17,2026-04-15,837,75,26.22
18.54537,101.82735,360.72,1.5,1.21,2026-04-15,837,100,143.34
18.54778,101.67532,327.6,1.46,1.2,2026-04-15,837,70,23.2
18.5488,99.65201,355.55,1.12,1.05,2026-04-15,837,97,70.58
18.54953,101.68917,346.99,1.47,1.2,2026-04-15,837,93,77.07
18.55303,98.10394,330.04,1.01,1.0,2026-04-15,837,80,18.51
18.55435,98.11315,366.28,1.01,1.0,2026-04-15,837,100,95.41
18.55475,102.93851,327.11,1.81,1.32,2026-04-15,837,76,32.13
18.55681,102.95528,324.84,1.81,1.32,2026-04-15,837,72,25.38
18.5642,103.21196,331.94,1.9,1.35,2026-04-15,837,82,51.56
18.56452,102.94711,332.57,1.81,1.32,2026-04-15,837,82,49.39
18.56613,102.93601,327.93,1.81,1.32,2026-04-15,837,70,34.5
18.57004,100.34891,329.0,1.21,1.09,2026-04-15,837,76,21.58
18.5915,97.91243,331.94,1.0,1.0,2026-04-15,837,82,20.67
18.59283,97.92161,348.48,1.0,1.0,2026-04-15,837,94,48.53
18.593,100.44791,343.28,1.23,1.1,2026-04-15,837,90,53.48
18.6056,101.57945,331.25,1.45,1.19,2026-04-15,837,80,32.63
18.60574,98.40844,326.29,1.02,1.01,2026-04-15,837,75,12.81
18.60677,98.26808,322.45,1.01,1.01,2026-04-15,837,70,13.17
18.60747,99.26611,331.55,1.08,1.04,2026-04-15,837,80,19.23
18.60948,100.10403,328.48,1.18,1.08,2026-04-15,837,76,17.37
18.61378,103.27139,327.76,1.92,1.35,2026-04-15,837,77,47.72
18.61552,98.26655,385.93,1.01,1.01,2026-04-15,837,100,175.0
18.61595,101.57769,366.58,1.45,1.19,2026-04-15,837,100,160.76
18.61606,98.3336,330.14,1.02,1.01,2026-04-15,837,77,17.05
18.61637,97.89902,354.38,1.0,1.0,2026-04-15,837,97,63.5
18.61684,98.27581,348.48,1.02,1.01,2026-04-15,837,94,52.5
18.6177,97.9082,339.11,1.0,1.0,2026-04-15,837,88,32.78
18.62148,102.17773,330.75,1.59,1.24,2026-04-15,837,80,35.14
18.62778,101.67215,331.3,1.47,1.2,2026-04-15,837,81,32.31
18.62921,101.27309,342.02,1.38,1.16,2026-04-15,837,89,60.68
18.62954,101.27925,333.89,1.38,1.16,2026-04-15,837,83,40.77
18.63283,101.7126,339.51,1.48,1.2,2026-04-15,837,88,54.59
18.63418,102.19091,345.61,1.6,1.24,2026-04-15,837,92,79.45
18.636,98.15911,373.84,1.01,1.01,2026-04-15,837,100,122.54
18.63606,102.20591,342.25,1.6,1.25,2026-04-15,837,90,66.97
18.63734,98.16842,360.04,1.01,1.01,2026-04-15,837,100,78.52
18.63934,101.8517,327.75,1.51,1.21,2026-04-15,837,77,29.47
18.64099,101.8651,324.76,1.51,1.21,2026-04-15,837,73,24.54
18.64605,103.79955,327.58,2.11,1.41,2026-04-15,837,77,48.44
18.64801,103.79364,327.49,2.11,1.41,2026-04-15,837,77,47.26
18.64816,98.11924,333.7,1.01,1.0,2026-04-15,837,84,28.14
18.65471,102.44665,322.71,1.67,1.27,2026-04-15,837,70,19.87
18.65967,102.2174,335.87,1.6,1.25,2026-04-15,837,81,48.18
18.65977,99.18213,324.87,1.07,1.03,2026-04-15,837,71,9.87
18.66112,102.21127,339.43,1.6,1.25,2026-04-15,837,88,60.98
18.66385,101.38796,329.89,1.41,1.17,2026-04-15,837,79,34.48
18.66484,101.31284,336.52,1.39,1.17,2026-04-15,837,85,45.23
18.66521,95.81906,331.3,1.08,1.04,2026-04-15,837,80,16.59
18.66564,101.40229,323.82,1.41,1.18,2026-04-15,837,71,22.62
18.66665,99.49242,324.97,1.1,1.05,2026-04-15,837,71,12.37
18.67133,101.76343,340.03,1.49,1.21,2026-04-15,837,88,56.55
18.67153,104.24212,340.77,2.29,1.46,2026-04-15,837,89,120.86
18.67307,101.7772,346.82,1.49,1.21,2026-04-15,837,70,77.95
18.67474,98.81667,328.11,1.05,1.02,2026-04-15,837,77,14.6
18.67589,102.15037,350.11,1.59,1.24,2026-04-15,837,95,101.59
18.6782,101.7334,325.1,1.48,1.2,2026-04-15,837,71,20.91
18.68003,101.74767,337.29,1.49,1.2,2026-04-15,837,86,50.86
18.68216,102.3957,331.94,1.65,1.26,2026-04-15,837,82,42.03
18.6824,102.39011,333.33,1.65,1.26,2026-04-15,837,83,45.69
18.68597,101.73934,345.37,1.49,1.2,2026-04-15,837,92,77.69
18.68613,101.1563,325.55,1.36,1.15,2026-04-15,837,73,19.67
18.68771,101.16848,340.34,1.36,1.16,2026-04-15,837,88,52.32
18.68863,101.73129,325.28,1.48,1.2,2026-04-15,837,73,22.65
18.69049,101.74568,336.09,1.49,1.2,2026-04-15,837,85,48.11
18.69291,102.47897,340.96,1.68,1.27,2026-04-15,837,89,75.3
18.6945,100.45032,325.67,1.23,1.1,2026-04-15,837,72,18.21
18.70404,102.4775,344.95,1.68,1.27,2026-04-15,837,92,91.41
18.70809,102.41693,347.94,1.66,1.27,2026-04-15,837,94,98.66
18.71117,98.75182,328.42,1.04,1.02,2026-04-15,837,70,16.43
18.71254,98.76156,331.6,1.04,1.02,2026-04-15,837,81,20.89
18.71566,101.30445,336.91,1.39,1.17,2026-04-15,837,86,46.49
18.7186,100.45112,330.19,1.23,1.1,2026-04-15,837,72,25.68
18.71942,98.22574,327.73,1.01,1.01,2026-04-15,837,78,16.16
18.72074,98.23502,332.09,1.01,1.01,2026-04-15,837,83,21.46
18.72138,98.7598,329.99,1.04,1.02,2026-04-15,837,72,18.35
18.72762,98.15783,334.3,1.01,1.01,2026-04-15,837,85,27.87
18.72964,100.46057,332.18,1.24,1.1,2026-04-15,837,81,30.73
18.73026,98.17625,331.3,1.01,1.01,2026-04-15,837,76,21.6
18.73425,98.20406,337.75,1.01,1.01,2026-04-15,837,87,28.87
18.73532,101.62152,338.95,1.46,1.19,2026-04-15,837,88,58.05
18.74397,96.82705,324.03,1.01,1.01,2026-04-15,837,72,18.34
18.74621,98.28768,325.4,1.02,1.01,2026-04-15,837,74,14.26
18.75976,101.73003,322.94,1.49,1.2,2026-04-15,837,70,18.41
18.76137,101.74279,323.78,1.49,1.21,2026-04-15,837,72,20.16
18.77025,101.72831,326.44,1.49,1.2,2026-04-15,837,75,24.25
18.77125,98.27434,352.73,1.02,1.01,2026-04-15,837,96,58.75
18.7715,102.17542,323.55,1.6,1.25,2026-04-15,837,73,20.13
18.77256,98.28351,338.74,1.02,1.01,2026-04-15,837,88,32.17
18.77986,98.39727,340.46,1.02,1.01,2026-04-15,837,89,32.81
18.78116,98.40644,335.25,1.02,1.01,2026-04-15,837,85,24.32
18.7822,98.26588,323.47,1.02,1.01,2026-04-15,837,71,11.41
18.78867,98.39589,350.2,1.02,1.01,2026-04-15,837,95,51.98
18.78996,98.40501,322.65,1.02,1.01,2026-04-15,837,71,8.19
18.80091,98.67332,327.74,1.04,1.02,2026-04-15,837,77,16.89
18.80227,98.68296,323.36,1.04,1.02,2026-04-15,837,70,11.57
18.80658,103.40446,322.2,1.98,1.37,2026-04-15,837,70,32.32
18.81399,102.81826,360.94,1.79,1.31,2026-04-15,837,100,181.29
18.81436,98.36603,336.35,1.02,1.01,2026-04-15,837,86,25.22
18.81849,102.19708,333.7,1.61,1.25,2026-04-15,837,84,47.43
18.81876,103.35861,331.99,1.96,1.37,2026-04-15,837,83,63.79
18.82129,103.84303,375.73,2.14,1.42,2026-04-15,837,100,384.86
18.8223,102.7945,338.7,1.78,1.31,2026-04-15,837,88,75.19
18.82263,96.65777,328.47,1.02,1.01,2026-04-15,837,77,17.49
18.82323,103.85987,327.78,2.15,1.42,2026-04-15,837,78,49.07
18.82351,102.80106,376.47,1.78,1.31,2026-04-15,837,100,299.31
18.82419,102.81082,400.37,1.79,1.31,2026-04-15,837,100,573.71
18.82523,103.87733,328.61,2.15,1.43,2026-04-15,837,79,54.77
18.82563,102.81822,379.94,1.79,1.31,2026-04-15,837,100,329.02
18.82625,102.82863,340.85,1.79,1.31,2026-04-15,837,90,80.75
18.82691,98.20174,349.49,1.01,1.01,2026-04-15,837,95,53.33
18.82714,99.4547,344.25,1.1,1.05,2026-04-15,837,91,47.33
18.82824,98.21103,363.74,1.01,1.01,2026-04-15,837,100,89.43
18.82859,99.33054,327.26,1.09,1.04,2026-04-15,837,73,18.49
18.82859,99.4652,379.05,1.1,1.05,2026-04-15,837,100,160.68
18.83001,99.4755,338.29,1.11,1.05,2026-04-15,837,87,33.8
18.83338,100.11277,327.92,1.19,1.08,2026-04-15,837,76,18.97
18.83769,99.46347,355.63,1.1,1.05,2026-04-15,837,97,75.94
18.83851,100.52036,323.82,1.25,1.11,2026-04-15,837,70,16.16
18.83916,99.4741,332.23,1.11,1.05,2026-04-15,837,81,24.56
18.84366,98.2561,323.74,1.02,1.01,2026-04-15,837,74,12.73
18.86637,99.88219,326.82,1.16,1.07,2026-04-15,837,75,17.66
18.86738,102.12592,325.24,1.59,1.24,2026-04-15,837,76,29.35
18.87691,101.45524,324.86,1.43,1.18,2026-04-15,837,73,18.58
18.88888,99.3054,410.35,1.09,1.04,2026-04-15,837,100,349.79
18.89024,99.31528,346.55,1.09,1.04,2026-04-15,837,91,49.46
18.90145,98.461,329.05,1.03,1.01,2026-04-15,837,80,22.93
18.90276,98.47037,322.48,1.03,1.01,2026-04-15,837,71,15.21
18.90277,98.27914,325.14,1.02,1.01,2026-04-15,837,76,14.61
18.9041,98.28851,365.42,1.02,1.01,2026-04-15,837,100,94.7
18.9049,98.231,344.95,1.02,1.01,2026-04-15,837,92,44.82
18.90543,98.29786,352.38,1.02,1.01,2026-04-15,837,96,58.0
18.90577,99.29324,326.49,1.09,1.04,2026-04-15,837,74,15.65
18.90583,99.63607,325.48,1.13,1.06,2026-04-15,837,73,9.89
18.90675,98.30717,348.9,1.02,1.01,2026-04-15,837,94,51.52
18.91478,99.2914,346.99,1.09,1.04,2026-04-15,837,93,51.67
18.9199,98.79399,326.92,1.05,1.02,2026-04-15,837,76,18.34
18.97531,99.87035,337.5,1.16,1.07,2026-04-15,837,86,35.35
18.97765,98.68179,339.95,1.04,1.02,2026-04-15,837,88,35.58
18.97919,100.33779,334.07,1.22,1.1,2026-04-15,837,83,29.69
18.98214,100.36066,328.21,1.23,1.1,2026-04-15,837,77,21.2
18.98652,98.68031,325.3,1.04,1.02,2026-04-15,837,74,15.16
18.99641,99.68972,333.56,1.13,1.06,2026-04-15,837,83,21.68
18.99779,99.70008,324.64,1.14,1.06,2026-04-15,837,72,8.65
18.99814,99.56235,329.99,1.12,1.05,2026-04-15,837,76,20.01
19.00125,99.31196,360.17,1.09,1.04,2026-04-15,837,100,89.12
19.00137,99.87045,326.26,1.16,1.07,2026-04-15,837,75,16.74
19.00223,99.80478,324.9,1.15,1.07,2026-04-15,837,72,15.77
19.00257,99.32163,352.76,1.09,1.04,2026-04-15,837,96,68.62
19.0028,99.88136,335.91,1.16,1.07,2026-04-15,837,85,31.85
19.00861,103.6669,343.57,2.09,1.41,2026-04-15,837,91,114.71
19.01097,99.51859,323.05,1.12,1.05,2026-04-15,837,70,12.22
19.01105,103.66094,335.03,2.09,1.41,2026-04-15,837,86,78.81
19.01266,98.59177,323.48,1.04,1.02,2026-04-15,837,72,11.96
19.01315,99.33078,325.91,1.1,1.04,2026-04-15,837,74,17.95
19.02016,99.51714,323.22,1.12,1.05,2026-04-15,837,70,12.68
19.02258,100.44507,328.95,1.24,1.11,2026-04-15,837,78,25.37
19.02408,100.45655,333.52,1.24,1.11,2026-04-15,837,83,33.4
19.03541,100.31857,324.61,1.22,1.1,2026-04-15,837,72,13.87
19.04742,99.31979,334.8,1.1,1.04,2026-04-15,837,84,32.38
19.04821,98.12905,332.95,1.01,1.01,2026-04-15,837,84,28.18
19.05349,98.16616,347.35,1.01,1.01,2026-04-15,837,93,51.4
19.05482,98.17558,363.97,1.02,1.01,2026-04-15,837,100,92.65
19.06654,98.06919,325.12,1.01,1.01,2026-04-15,837,76,17.61
19.08677,101.84148,329.83,1.53,1.22,2026-04-15,837,81,39.48
19.09272,100.49947,329.68,1.25,1.11,2026-04-15,837,79,27.42
19.09401,100.50945,335.65,1.26,1.11,2026-04-15,837,85,38.94
19.09892,100.3946,342.25,1.24,1.11,2026-04-15,837,80,42.17
19.10039,100.40586,344.46,1.24,1.11,2026-04-15,837,91,48.32
19.10242,100.49794,336.0,1.25,1.11,2026-04-15,837,85,38.89
19.10374,100.50816,329.73,1.26,1.11,2026-04-15,837,79,26.9
19.11262,102.14796,322.94,1.61,1.25,2026-04-15,837,73,25.75
19.12269,99.19058,323.25,1.08,1.04,2026-04-15,837,71,9.3
19.13173,99.189,332.04,1.08,1.04,2026-04-15,837,82,21.21
19.1334,99.47649,325.43,1.11,1.05,2026-04-15,837,73,15.01
19.13869,99.57711,325.89,1.12,1.06,2026-04-15,837,75,15.86
19.14077,99.18743,333.7,1.08,1.04,2026-04-15,837,83,23.75
19.15153,101.37109,329.83,1.42,1.18,2026-04-15,837,70,30.79
19.19899,100.38639,323.24,1.24,1.11,2026-04-15,837,70,9.68
19.21084,99.77345,325.14,1.15,1.07,2026-04-15,837,74,15.31
19.21226,99.78406,335.56,1.15,1.07,2026-04-15,837,85,30.79
19.21249,99.11009,326.48,1.08,1.04,2026-04-15,837,72,15.43
19.22882,99.22939,333.89,1.09,1.04,2026-04-15,837,84,25.61
19.25838,102.89274,327.26,1.84,1.33,2026-04-15,837,79,46.84
19.2601,102.90723,323.22,1.85,1.33,2026-04-15,837,74,37.07
19.2836,99.56386,326.46,1.13,1.06,2026-04-15,837,76,16.85
19.34761,101.93758,321.51,1.57,1.23,2026-04-15,837,70,21.57
19.36428,102.7337,327.04,1.8,1.31,2026-04-15,837,79,37.98
19.36586,102.74046,333.98,1.8,1.31,2026-04-15,837,85,60.36
19.3661,102.74953,326.04,1.8,1.32,2026-04-15,837,74,36.74
19.37578,102.73239,321.75,1.8,1.31,2026-04-15,837,72,25.02
19.38007,101.6436,326.45,1.5,1.21,2026-04-15,837,76,21.55
19.52977,101.37318,329.63,1.44,1.19,2026-04-15,837,80,34.49
19.57369,102.56215,322.27,1.76,1.3,2026-04-15,837,73,25.37
19.01204,94.80237,326.66,1.18,1.08,2026-04-15,839,73,16.73
19.04622,96.37631,336.48,1.03,1.01,2026-04-15,839,85,23.94
19.1245,96.27884,324.51,1.03,1.02,2026-04-15,839,70,9.37
19.16339,97.64529,332.57,1.0,1.0,2026-04-15,839,83,21.52
19.18084,97.64243,341.53,1.0,1.0,2026-04-15,839,90,33.66
19.22096,98.10813,358.05,1.01,1.01,2026-04-15,839,93,74.23
19.22513,97.57866,332.57,1.0,1.0,2026-04-15,839,83,19.37
19.22841,98.09741,431.44,1.01,1.01,2026-04-15,839,100,501.66
19.22973,98.10674,492.94,1.01,1.01,2026-04-15,839,87,1467.81
19.33994,99.64437,330.09,1.14,1.06,2026-04-15,839,80,22.2
19.34132,99.65481,322.64,1.14,1.06,2026-04-15,839,70,12.9
19.36473,99.40833,336.22,1.11,1.05,2026-04-15,839,86,29.53
19.39411,99.08953,327.63,1.08,1.04,2026-04-15,839,77,17.21
19.42383,98.69827,323.16,1.05,1.02,2026-04-15,839,71,12.92
19.42673,98.13017,328.36,1.02,1.01,2026-04-15,839,72,16.91
19.42803,98.13929,335.21,1.02,1.01,2026-04-15,839,85,26.61
19.42812,96.63316,328.16,1.01,1.01,2026-04-15,839,77,19.48
19.4291,96.46076,342.95,1.02,1.01,2026-04-15,839,90,42.1
19.43052,96.47015,335.78,1.02,1.01,2026-04-15,839,85,30.44
19.43687,96.63169,323.38,1.01,1.01,2026-04-15,839,70,14.83
19.46416,98.26728,331.3,1.02,1.01,2026-04-15,839,82,22.58
19.47715,98.4882,323.5,1.04,1.02,2026-04-15,839,72,11.83
19.49043,100.49941,330.8,1.27,1.12,2026-04-15,839,77,28.61
19.49191,100.5109,333.79,1.27,1.12,2026-04-15,839,83,36.03
19.49204,98.79489,328.79,1.06,1.03,2026-04-15,839,79,22.15
19.49571,98.42686,337.88,1.03,1.02,2026-04-15,839,72,27.81
19.49586,99.56114,326.6,1.13,1.06,2026-04-15,839,76,17.58
19.49681,99.02676,327.95,1.08,1.04,2026-04-15,839,78,17.38
19.49725,99.57137,336.91,1.13,1.06,2026-04-15,839,86,34.36
19.51959,99.6656,342.36,1.15,1.07,2026-04-15,839,90,45.41
19.52099,99.67594,340.57,1.15,1.07,2026-04-15,839,89,41.91
19.52969,98.41137,362.0,1.03,1.01,2026-04-15,839,100,82.76
19.5401,98.40321,321.51,1.03,1.01,2026-04-15,839,70,10.53
19.54144,98.4128,325.57,1.03,1.02,2026-04-15,839,76,14.99
19.54392,101.23703,324.26,1.41,1.18,2026-04-15,839,70,19.71
19.56804,100.16903,326.87,1.22,1.1,2026-04-15,839,76,16.44
19.57046,98.23435,330.45,1.02,1.01,2026-04-15,839,81,20.59
19.57161,98.70834,328.71,1.05,1.02,2026-04-15,839,79,21.98
19.58651,99.35469,325.84,1.11,1.05,2026-04-15,839,75,18.34
19.5879,99.36506,324.23,1.11,1.05,2026-04-15,839,73,14.86
19.59303,99.1278,363.74,1.09,1.04,2026-04-15,839,100,99.14
19.59439,99.13771,348.13,1.09,1.04,2026-04-15,839,94,55.8
19.6142,94.0782,330.65,1.27,1.12,2026-04-15,839,78,31.27
19.61976,98.31723,323.0,1.03,1.01,2026-04-15,839,71,12.74
19.62179,94.06377,337.75,1.27,1.12,2026-04-15,839,85,43.59
19.62256,99.41369,332.81,1.12,1.05,2026-04-15,839,83,26.73
19.62776,99.59348,331.55,1.14,1.06,2026-04-15,839,82,25.13
19.66421,99.37507,335.12,1.12,1.05,2026-04-15,839,85,30.75
19.6657,99.38586,335.12,1.12,1.05,2026-04-15,839,85,31.01
19.67997,99.62911,342.4,1.15,1.07,2026-04-15,839,89,41.84
19.68927,99.62767,362.42,1.15,1.07,2026-04-15,839,100,95.11
19.69332,99.45966,330.09,1.13,1.06,2026-04-15,839,81,22.61
19.69468,99.46987,330.9,1.13,1.06,2026-04-15,839,81,24.12
19.70213,99.59759,349.37,1.14,1.07,2026-04-15,839,94,60.68
19.70351,99.60802,328.13,1.14,1.07,2026-04-15,839,75,18.46
19.71425,99.61749,334.98,1.15,1.07,2026-04-15,839,84,28.35
19.7174,99.49879,380.64,1.13,1.06,2026-04-15,839,100,174.89
19.7188,99.50925,355.31,1.13,1.06,2026-04-15,839,97,76.99
19.71931,98.77177,325.31,1.06,1.03,2026-04-15,839,75,16.53
19.72014,98.7118,327.9,1.05,1.03,2026-04-15,839,78,19.58
19.72391,99.33814,333.14,1.11,1.05,2026-04-15,839,83,28.5
19.72906,98.71027,323.62,1.05,1.03,2026-04-15,839,73,15.64
19.73425,99.62505,324.53,1.15,1.07,2026-04-15,839,74,13.44
19.74579,101.0601,337.21,1.39,1.17,2026-04-15,839,86,43.82
19.74793,99.51519,350.93,1.13,1.06,2026-04-15,839,95,64.63
19.75192,97.75771,332.38,1.01,1.0,2026-04-15,839,83,21.8
19.75583,99.50365,350.11,1.13,1.06,2026-04-15,839,95,60.97
19.75612,99.24512,334.07,1.1,1.05,2026-04-15,839,84,27.89
19.75717,99.51364,361.98,1.13,1.06,2026-04-15,839,100,96.5
19.75854,99.52374,349.65,1.13,1.06,2026-04-15,839,95,60.87
19.75934,97.7471,328.14,1.01,1.0,2026-04-15,839,73,14.49
19.76021,99.2756,329.89,1.11,1.05,2026-04-15,839,81,20.49
19.76065,97.75619,329.42,1.01,1.0,2026-04-15,839,71,17.57
19.76156,99.28568,327.34,1.11,1.05,2026-04-15,839,78,16.86
19.76218,99.481,328.25,1.13,1.06,2026-04-15,839,79,19.44
19.77142,99.61892,328.79,1.15,1.07,2026-04-15,839,79,20.81
19.7729,99.62978,353.33,1.15,1.07,2026-04-15,839,96,72.08
19.7822,99.62827,323.48,1.15,1.07,2026-04-15,839,72,13.72
19.82876,94.01225,330.8,1.27,1.12,2026-04-15,839,78,32.41
19.8337,101.37507,327.45,1.46,1.19,2026-04-15,839,73,27.29
19.84169,99.46227,332.18,1.13,1.06,2026-04-15,839,83,25.28
19.84311,99.47271,339.07,1.13,1.06,2026-04-15,839,88,36.94
19.84976,100.75952,339.35,1.33,1.14,2026-04-15,839,83,44.69
19.85131,100.77147,335.07,1.33,1.14,2026-04-15,839,71,34.32
19.85169,99.67738,339.11,1.16,1.07,2026-04-15,839,88,39.29
19.85312,99.68808,334.89,1.16,1.07,2026-04-15,839,85,31.29
19.86246,99.68653,363.31,1.16,1.07,2026-04-15,839,100,104.88
19.86282,98.4119,322.0,1.04,1.02,2026-04-15,839,70,11.77
19.86357,94.041,330.9,1.27,1.12,2026-04-15,839,78,30.92
19.86546,94.05247,326.85,1.26,1.12,2026-04-15,839,72,24.04
19.87033,99.67416,336.13,1.16,1.07,2026-04-15,839,86,32.62
19.87181,99.68506,332.57,1.16,1.07,2026-04-15,839,83,26.17
19.87332,94.03945,332.57,1.27,1.12,2026-04-15,839,80,34.04
19.87517,94.05075,326.53,1.26,1.12,2026-04-15,839,72,23.02
19.87821,99.66188,334.53,1.16,1.07,2026-04-15,839,85,31.39
19.87969,99.67279,333.09,1.16,1.07,2026-04-15,839,83,27.66
19.88195,102.46088,339.55,1.75,1.3,2026-04-15,839,84,78.05
19.88227,102.46716,332.18,1.75,1.3,2026-04-15,839,79,53.04
19.8875,99.32331,336.91,1.12,1.05,2026-04-15,839,87,28.86
19.88888,99.33353,337.25,1.12,1.05,2026-04-15,839,87,29.41
19.89339,102.46032,327.64,1.75,1.3,2026-04-15,839,75,40.14
19.89771,99.68468,326.53,1.16,1.07,2026-04-15,839,77,20.03
19.89917,99.69589,331.0,1.16,1.07,2026-04-15,839,82,26.76
19.93314,99.59262,329.32,1.15,1.07,2026-04-15,839,80,22.37
19.93449,99.60276,328.97,1.15,1.07,2026-04-15,839,80,21.77
19.94157,98.12034,324.6,1.02,1.01,2026-04-15,839,74,15.04
19.94247,99.59133,323.91,1.15,1.07,2026-04-15,839,74,15.23
19.94607,99.68935,324.09,1.16,1.07,2026-04-15,839,74,15.77
19.96914,96.59898,328.33,1.01,1.0,2026-04-15,839,74,16.45
19.97133,99.66401,326.76,1.16,1.07,2026-04-15,839,77,19.26
19.97273,99.67444,335.12,1.16,1.07,2026-04-15,839,85,33.06
19.98203,99.67263,352.36,1.16,1.07,2026-04-15,839,96,72.93
20.00363,101.23245,325.74,1.43,1.18,2026-04-15,839,75,22.7
20.0062,101.7702,352.03,1.56,1.23,2026-04-15,839,96,109.02
20.00982,101.22682,322.11,1.43,1.18,2026-04-15,839,70,17.07
20.01133,101.23919,321.89,1.44,1.19,2026-04-15,839,70,15.74
20.03281,101.80894,332.66,1.57,1.24,2026-04-15,839,79,45.19
20.03578,100.52739,328.51,1.29,1.13,2026-04-15,839,79,25.95
20.04788,99.48404,325.61,1.14,1.06,2026-04-15,839,76,15.47
20.04946,93.98285,364.59,1.27,1.12,2026-04-15,839,100,132.16
20.05448,99.47649,330.04,1.14,1.06,2026-04-15,839,81,21.8
20.05583,99.48672,331.79,1.14,1.06,2026-04-15,839,83,24.79
20.0901,99.45973,327.69,1.14,1.06,2026-04-15,839,79,19.77
20.09928,99.45769,329.99,1.14,1.06,2026-04-15,839,81,24.24
20.11204,98.27459,334.21,1.03,1.01,2026-04-15,839,84,28.74
20.12744,99.96214,324.28,1.21,1.09,2026-04-15,839,74,17.56
20.1359,93.94772,328.09,1.27,1.12,2026-04-15,839,74,28.26
20.15967,98.68233,327.1,1.06,1.03,2026-04-15,839,77,17.23
20.16485,102.717,319.83,1.84,1.33,2026-04-15,839,70,17.54
20.17026,99.03185,324.75,1.09,1.04,2026-04-15,839,75,15.16
20.17395,102.7261,325.36,1.85,1.33,2026-04-15,839,77,31.62
20.19293,97.88085,335.07,1.01,1.01,2026-04-15,839,74,20.69
20.20333,99.34113,329.21,1.12,1.06,2026-04-15,839,80,22.89
20.20472,99.35133,369.92,1.13,1.06,2026-04-15,839,100,127.92
20.21395,99.34991,324.17,1.13,1.06,2026-04-15,839,75,15.67
20.2152,100.26052,326.4,1.25,1.11,2026-04-15,839,77,19.59
20.22642,100.27058,323.67,1.26,1.11,2026-04-15,839,74,17.04
20.24446,99.30658,327.4,1.12,1.06,2026-04-15,839,78,19.61
20.28267,101.98897,325.83,1.63,1.26,2026-04-15,839,77,28.49
20.28508,101.99731,322.84,1.64,1.26,2026-04-15,839,73,23.62
20.29952,100.05724,333.09,1.22,1.1,2026-04-15,839,84,30.66
20.30451,102.64837,333.09,1.83,1.32,2026-04-15,839,85,59.49
20.3058,100.72466,344.6,1.34,1.15,2026-04-15,839,92,64.61
20.3059,100.7317,350.84,1.34,1.15,2026-04-15,839,95,84.9
20.30736,100.73676,353.36,1.34,1.15,2026-04-15,839,97,92.78
20.30763,100.04453,326.61,1.22,1.1,2026-04-15,839,78,19.02
20.3091,100.05565,325.57,1.22,1.1,2026-04-15,839,77,16.93
20.31138,101.57773,328.42,1.53,1.22,2026-04-15,839,80,33.43
20.31308,101.59138,328.95,1.53,1.22,2026-04-15,839,80,34.22
20.31586,100.72958,326.43,1.34,1.15,2026-04-15,839,78,24.3
20.35,99.66831,333.47,1.17,1.08,2026-04-15,839,84,30.85
20.35138,100.68745,322.15,1.34,1.15,2026-04-15,839,71,15.08
20.35428,99.66179,328.63,1.17,1.08,2026-04-15,839,80,22.4
20.36141,100.68614,339.67,1.34,1.15,2026-04-15,839,89,50.51
20.36376,100.06385,330.75,1.23,1.1,2026-04-15,839,82,28.4
20.36616,101.53482,325.15,1.52,1.22,2026-04-15,839,76,27.7
20.37397,99.59306,324.57,1.16,1.07,2026-04-15,839,76,17.97
20.37555,100.55974,322.43,1.31,1.14,2026-04-15,839,73,13.86
20.3763,100.55232,321.19,1.31,1.14,2026-04-15,839,71,11.91
20.38988,97.81879,344.53,1.01,1.01,2026-04-15,839,91,42.92
20.39541,102.65116,330.14,1.83,1.33,2026-04-15,839,82,50.45
20.40828,101.97379,324.55,1.64,1.26,2026-04-15,839,76,32.65
20.50305,100.51412,355.98,1.31,1.14,2026-04-15,839,98,103.73
20.50462,100.52645,357.61,1.31,1.14,2026-04-15,839,98,109.48
20.51692,100.23457,372.76,1.26,1.12,2026-04-15,839,100,165.82
20.51855,100.24681,342.32,1.26,1.12,2026-04-15,839,91,55.01
20.54499,100.68405,345.5,1.34,1.15,2026-04-15,839,93,70.59
20.54661,100.69672,327.41,1.35,1.15,2026-04-15,839,79,27.53
20.55134,101.72937,321.84,1.58,1.24,2026-04-15,839,72,17.53
20.553,101.74327,330.3,1.58,1.24,2026-04-15,839,82,36.2
20.55375,100.03432,327.81,1.23,1.1,2026-04-15,839,80,23.27
20.56057,100.47563,321.78,1.31,1.13,2026-04-15,839,73,17.78
20.57049,100.47436,338.42,1.31,1.13,2026-04-15,839,88,49.1
20.58658,100.52186,320.49,1.31,1.14,2026-04-15,839,71,14.87
20.59782,103.86611,323.3,2.29,1.46,2026-04-15,839,75,43.07
20.61057,103.86409,332.38,2.29,1.46,2026-04-15,839,84,77.73
20.61142,98.08015,354.95,1.03,1.01,2026-04-15,839,97,68.22
20.61671,101.70014,322.36,1.58,1.24,2026-04-15,839,72,20.19
20.61681,100.44253,327.1,1.3,1.13,2026-04-15,839,79,24.9
20.61891,102.69489,321.4,1.86,1.33,2026-04-15,839,72,29.84
20.62714,100.36759,335.25,1.29,1.13,2026-04-15,839,86,41.82
20.62877,100.37994,334.57,1.29,1.13,2026-04-15,839,86,39.16
20.62894,100.37413,336.82,1.29,1.13,2026-04-15,839,87,44.63
20.6367,100.44051,320.71,1.3,1.13,2026-04-15,839,71,15.14
20.63757,99.01681,322.44,1.1,1.05,2026-04-15,839,72,14.61
20.63802,100.44698,326.27,1.3,1.13,2026-04-15,839,78,23.32
20.65997,101.69445,330.95,1.58,1.24,2026-04-15,839,83,43.33
20.6653,101.73852,324.82,1.59,1.24,2026-04-15,839,76,26.34
20.66706,101.75307,333.52,1.59,1.24,2026-04-15,839,85,47.63
20.67435,100.89154,328.09,1.39,1.17,2026-04-15,839,80,30.79
20.67597,100.90437,364.83,1.39,1.17,2026-04-15,839,100,149.51
20.67931,103.43462,397.56,2.12,1.42,2026-04-15,839,100,691.74
20.67943,100.22222,323.9,1.26,1.12,2026-04-15,839,71,18.02
20.68093,100.23375,361.91,1.27,1.12,2026-04-15,839,100,117.97
20.68157,103.45489,354.01,2.13,1.42,2026-04-15,839,97,187.13
20.68588,100.98256,336.04,1.41,1.18,2026-04-15,839,87,45.55
20.68752,100.99553,420.9,1.41,1.18,2026-04-15,839,100,654.47
20.68918,101.00868,323.13,1.42,1.18,2026-04-15,839,75,19.51
20.69166,100.31631,320.84,1.28,1.12,2026-04-15,839,72,16.03
20.69169,103.43304,324.17,2.12,1.42,2026-04-15,839,77,41.41
20.69867,103.84498,319.92,2.29,1.46,2026-04-15,839,71,29.51
20.70311,98.61039,334.35,1.06,1.03,2026-04-15,839,85,27.94
20.70333,100.48486,323.97,1.31,1.14,2026-04-15,839,76,21.87
20.70344,102.05665,323.74,1.68,1.27,2026-04-15,839,75,28.16
20.72008,103.42282,321.91,2.12,1.42,2026-04-15,839,74,34.15
20.7288,103.42806,324.26,2.12,1.42,2026-04-15,839,77,41.12
20.73272,100.30386,345.37,1.28,1.12,2026-04-15,839,93,65.96
20.73417,100.31532,320.91,1.28,1.12,2026-04-15,839,72,16.51
20.74996,98.68365,337.92,1.07,1.03,2026-04-15,839,88,33.04
20.75338,100.00385,320.36,1.23,1.1,2026-04-15,839,71,14.77
20.75363,103.16457,335.56,2.03,1.39,2026-04-15,839,87,78.95
20.76379,103.1457,328.91,2.02,1.39,2026-04-15,839,81,51.67
20.76586,103.1638,364.43,2.03,1.39,2026-04-15,839,100,252.63
20.76903,100.43188,321.2,1.31,1.13,2026-04-15,839,73,17.02
20.78722,100.41657,345.85,1.3,1.13,2026-04-15,839,93,68.12
20.84326,103.85703,333.89,2.3,1.47,2026-04-15,839,86,94.96
20.84475,103.86238,346.35,2.3,1.47,2026-04-15,839,93,166.04
20.85488,100.86667,328.81,1.39,1.17,2026-04-15,839,81,33.05
20.85637,100.87851,350.39,1.4,1.17,2026-04-15,839,95,91.79
20.86654,100.72749,325.07,1.37,1.16,2026-04-15,839,78,26.0
20.87655,100.72518,329.16,1.37,1.16,2026-04-15,839,82,33.35
20.88021,101.69088,330.95,1.59,1.24,2026-04-15,839,83,40.74
20.88198,101.70606,323.78,1.59,1.24,2026-04-15,839,76,23.81
20.88581,101.6816,320.3,1.58,1.24,2026-04-15,839,71,17.38
20.88774,101.69713,343.42,1.59,1.24,2026-04-15,839,91,78.82
20.89562,100.88007,331.5,1.4,1.17,2026-04-15,839,84,39.85
20.89699,101.8625,346.35,1.63,1.26,2026-04-15,839,93,94.61
20.89877,101.8771,327.41,1.64,1.26,2026-04-15,839,80,33.68
20.89923,101.8551,325.98,1.63,1.26,2026-04-15,839,78,31.77
20.90094,101.86992,340.1,1.64,1.26,2026-04-15,839,90,71.23
20.90245,101.90736,321.12,1.65,1.26,2026-04-15,839,72,22.59
20.90428,101.92236,331.1,1.65,1.26,2026-04-15,839,83,47.52
20.90615,101.91528,329.78,1.65,1.26,2026-04-15,839,82,43.68
20.92488,103.28339,327.6,2.09,1.41,2026-04-15,839,80,55.71
20.92718,103.30412,343.75,2.09,1.41,2026-04-15,839,92,127.29
20.93303,100.60401,324.76,1.34,1.15,2026-04-15,839,78,23.19
20.93438,100.6095,322.69,1.35,1.15,2026-04-15,839,75,19.55
20.96889,99.28391,328.81,1.14,1.06,2026-04-15,839,81,25.31
20.97038,99.2952,335.38,1.14,1.06,2026-04-15,839,86,35.99
20.97716,100.23058,325.15,1.28,1.12,2026-04-15,839,78,23.68
20.97786,100.22521,327.82,1.28,1.12,2026-04-15,839,81,27.4
20.97817,98.33806,322.83,1.05,1.02,2026-04-15,839,72,12.83
20.97954,98.34787,321.33,1.05,1.02,2026-04-15,839,70,11.38
20.98927,99.15378,326.41,1.12,1.06,2026-04-15,839,79,19.09
20.99068,99.16427,320.03,1.12,1.06,2026-04-15,839,70,11.14
20.99807,98.4152,331.2,1.05,1.03,2026-04-15,839,82,22.92
21.02641,93.90542,326.62,1.24,1.11,2026-04-15,839,73,28.23
21.02962,99.24299,325.07,1.13,1.06,2026-04-15,839,77,18.62
21.03174,93.93755,326.0,1.24,1.1,2026-04-15,839,72,23.91
21.04967,98.72083,331.3,1.08,1.04,2026-04-15,839,83,25.47
21.05485,103.08752,324.75,2.02,1.39,2026-04-15,839,77,41.13
21.05711,103.10693,324.78,2.03,1.39,2026-04-15,839,78,39.99
21.061,93.87511,339.99,1.24,1.11,2026-04-15,839,87,52.99
21.06221,103.09787,329.78,2.03,1.39,2026-04-15,839,82,57.27
21.0627,93.88544,349.96,1.24,1.11,2026-04-15,839,94,79.49
21.06584,93.87899,358.81,1.24,1.11,2026-04-15,839,99,109.15
21.06768,93.88992,325.78,1.24,1.11,2026-04-15,839,72,26.95
21.08437,93.81226,352.93,1.25,1.11,2026-04-15,839,96,86.13
21.13283,100.24349,327.84,1.29,1.13,2026-04-15,839,76,26.76
21.14425,97.55013,332.76,1.01,1.0,2026-04-15,839,82,23.86
21.18253,93.66807,344.14,1.27,1.12,2026-04-15,839,91,65.57
21.18469,93.6811,337.75,1.27,1.12,2026-04-15,839,86,50.11
21.20482,102.62785,322.93,1.88,1.34,2026-04-15,839,76,31.28
21.21569,93.66758,325.22,1.27,1.12,2026-04-15,839,71,25.91
21.21572,93.74807,338.58,1.26,1.11,2026-04-15,839,87,49.47
21.21741,93.75821,356.62,1.26,1.11,2026-04-15,839,98,99.45
21.21908,93.76825,349.93,1.25,1.11,2026-04-15,839,94,77.4
21.22523,93.74526,407.98,1.26,1.11,2026-04-15,839,100,418.9
21.22703,93.75615,392.23,1.26,1.11,2026-04-15,839,100,284.7
21.22873,93.76646,347.77,1.25,1.11,2026-04-15,839,93,71.06
21.2471,101.06432,328.43,1.46,1.19,2026-04-15,839,82,37.19
21.28664,98.69614,329.68,1.08,1.04,2026-04-15,839,71,20.78
21.30474,98.69312,335.25,1.08,1.04,2026-04-15,839,75,29.4
21.34929,93.85265,328.4,1.24,1.1,2026-04-15,839,77,27.58
21.36153,92.59803,324.88,1.47,1.2,2026-04-15,839,77,30.84
21.45621,102.03374,335.65,1.71,1.28,2026-04-15,839,82,63.53
21.46025,98.3503,336.61,1.06,1.03,2026-04-15,839,75,31.83
21.4662,99.06901,327.53,1.13,1.06,2026-04-15,839,80,22.68
21.46677,99.75472,355.34,1.22,1.1,2026-04-15,839,98,88.05
21.46943,99.74853,334.76,1.22,1.1,2026-04-15,839,86,35.28
21.47085,99.75973,333.7,1.22,1.1,2026-04-15,839,86,33.18
21.48703,93.82314,326.0,1.24,1.1,2026-04-15,839,74,29.05
21.49982,92.57241,326.82,1.47,1.2,2026-04-15,839,78,30.28
21.50669,93.26511,338.29,1.33,1.14,2026-04-15,839,88,48.73
21.51283,99.07559,335.25,1.13,1.06,2026-04-15,839,86,35.95
21.5166,93.26318,334.07,1.33,1.14,2026-04-15,839,84,38.05
21.51867,93.27557,331.5,1.33,1.14,2026-04-15,839,82,32.45
21.51876,93.26891,335.47,1.33,1.14,2026-04-15,839,85,42.47
21.52407,98.9492,332.09,1.11,1.05,2026-04-15,839,73,26.66
21.53051,102.87981,340.22,1.98,1.37,2026-04-15,839,90,97.49
21.5508,97.10793,362.63,1.0,1.0,2026-04-15,839,100,80.7
21.55216,97.11726,326.58,1.0,1.0,2026-04-15,839,75,11.19
21.55952,97.10646,358.0,1.0,1.0,2026-04-15,839,99,68.54
21.56087,97.1158,335.43,1.0,1.0,2026-04-15,839,84,23.32
21.57059,93.27285,335.83,1.32,1.14,2026-04-15,839,86,42.39
21.57265,93.28508,344.42,1.32,1.14,2026-04-15,839,92,63.34
21.58358,98.57882,327.41,1.08,1.04,2026-04-15,839,79,21.24
21.58498,93.35803,355.61,1.31,1.13,2026-04-15,839,97,101.66
21.58731,93.37191,374.26,1.31,1.13,2026-04-15,839,100,185.13
21.60066,93.95284,341.0,1.21,1.09,2026-04-15,839,89,49.71
21.62017,98.50494,340.65,1.07,1.03,2026-04-15,839,90,42.45
21.62729,93.9361,326.11,1.21,1.09,2026-04-15,839,74,20.56
21.63129,92.29383,320.66,1.53,1.22,2026-04-15,839,71,18.11
21.63308,93.93997,330.09,1.21,1.09,2026-04-15,839,79,26.77
21.64274,92.73257,346.05,1.43,1.18,2026-04-15,839,93,76.77
21.64475,92.74416,341.38,1.42,1.18,2026-04-15,839,90,61.0
21.65138,92.25633,319.98,1.54,1.22,2026-04-15,839,70,19.03
21.65446,101.85764,337.71,1.68,1.27,2026-04-15,839,89,70.09
21.65619,98.63342,367.99,1.09,1.04,2026-04-15,839,94,114.76
21.65697,93.23779,397.88,1.33,1.14,2026-04-15,839,100,354.3
21.65749,99.47881,333.84,1.18,1.08,2026-04-15,839,86,30.8
21.65931,93.25163,354.24,1.32,1.14,2026-04-15,839,97,97.82
21.66024,99.01099,324.34,1.12,1.06,2026-04-15,839,77,19.36
21.66689,93.23598,373.74,1.33,1.14,2026-04-15,839,100,184.31
21.66923,93.24991,390.09,1.32,1.14,2026-04-15,839,100,289.4
21.679,93.24726,326.55,1.32,1.14,2026-04-15,839,76,26.27
21.68123,93.81609,325.47,1.23,1.1,2026-04-15,839,72,21.36
21.72338,92.54279,336.57,1.46,1.2,2026-04-15,839,87,48.97
21.73728,102.81319,321.53,1.98,1.37,2026-04-15,839,71,30.14
21.74095,102.80198,321.9,1.97,1.37,2026-04-15,839,76,32.46
21.75229,99.08765,321.72,1.14,1.06,2026-04-15,839,72,15.76
21.78563,101.91362,343.13,1.7,1.28,2026-04-15,839,92,91.5
21.81877,97.10117,324.42,1.0,1.0,2026-04-15,839,71,8.43
21.83077,98.76741,333.61,1.1,1.05,2026-04-15,839,85,32.65
21.86655,92.3606,346.82,1.5,1.21,2026-04-15,839,93,85.92
21.87037,101.94513,318.37,1.71,1.28,2026-04-15,839,71,20.43
21.87241,101.96277,330.85,1.72,1.29,2026-04-15,839,84,50.44
21.88524,92.34358,321.64,1.5,1.21,2026-04-15,839,72,21.75
21.89833,101.89246,318.96,1.7,1.28,2026-04-15,839,71,23.85
21.90381,99.80841,323.55,1.24,1.11,2026-04-15,839,77,21.21
21.90623,102.15578,327.07,1.78,1.31,2026-04-15,839,81,41.54
21.91771,102.15482,320.5,1.78,1.31,2026-04-15,839,74,26.62
21.93762,92.45938,327.97,1.47,1.2,2026-04-15,839,72,31.52
21.94465,92.74786,321.64,1.41,1.17,2026-04-15,839,72,19.58
21.94653,94.71598,331.89,1.1,1.05,2026-04-15,839,79,17.01
21.95082,92.30859,326.86,1.5,1.21,2026-04-15,839,79,33.95
21.96651,93.29852,324.62,1.3,1.13,2026-04-15,839,74,24.15
22.00541,92.49777,330.4,1.46,1.19,2026-04-15,839,82,38.37
22.01635,93.10689,371.83,1.33,1.14,2026-04-15,839,100,178.53
22.02372,93.0897,338.09,1.34,1.15,2026-04-15,839,88,50.99
22.02608,93.10378,371.81,1.33,1.14,2026-04-15,839,100,177.19
22.02894,102.03506,318.52,1.75,1.3,2026-04-15,839,71,20.05
22.06701,92.32066,325.89,1.49,1.21,2026-04-15,839,78,29.43
22.09179,98.10835,332.09,1.05,1.02,2026-04-15,839,79,20.2
22.09314,98.1182,330.14,1.05,1.02,2026-04-15,839,74,17.67
22.09897,97.89761,336.48,1.04,1.02,2026-04-15,839,86,30.53
22.11236,101.67163,331.45,1.65,1.26,2026-04-15,839,84,50.22
22.11344,97.22596,339.11,1.01,1.0,2026-04-15,839,87,30.19
22.16937,95.24746,334.53,1.05,1.02,2026-04-15,839,76,18.62
22.22837,93.20284,331.75,1.31,1.13,2026-04-15,839,83,36.4
22.23282,102.51711,331.65,1.91,1.35,2026-04-15,839,85,57.58
22.23478,102.53444,355.72,1.91,1.35,2026-04-15,839,98,173.22
22.25222,101.78736,326.12,1.69,1.28,2026-04-15,839,80,37.31
22.25519,93.77723,326.61,1.21,1.09,2026-04-15,839,76,21.04
22.27712,102.62719,324.66,1.95,1.36,2026-04-15,839,74,40.67
22.28228,102.63415,325.42,1.95,1.36,2026-04-15,839,79,39.87
22.31425,92.07525,336.39,1.54,1.22,2026-04-15,839,87,56.93
22.3749,93.75912,325.47,1.21,1.09,2026-04-15,839,74,20.24
22.38192,93.91827,324.22,1.19,1.08,2026-04-15,839,72,14.62
22.45022,93.3597,336.91,1.27,1.12,2026-04-15,839,87,45.56
22.4558,102.76645,323.01,2.01,1.38,2026-04-15,839,77,39.54
22.46165,102.75948,325.29,2.01,1.38,2026-04-15,839,79,46.5
22.46624,93.37531,322.37,1.26,1.12,2026-04-15,839,72,20.46
22.46746,93.76054,339.71,1.21,1.09,2026-04-15,839,88,45.36
22.47493,93.74672,331.7,1.21,1.09,2026-04-15,839,82,29.06
22.47689,93.75851,370.97,1.21,1.09,2026-04-15,839,100,145.94
22.48466,94.3107,323.87,1.13,1.06,2026-04-15,839,70,15.14
22.4962,92.53088,319.59,1.42,1.18,2026-04-15,839,70,15.5
22.51035,93.84317,392.64,1.19,1.09,2026-04-15,839,100,262.14
22.51211,93.8539,341.27,1.19,1.09,2026-04-15,839,89,46.36
22.51639,96.37021,326.88,1.0,1.0,2026-04-15,839,73,16.08
22.5251,96.36868,333.14,1.0,1.0,2026-04-15,839,81,24.33
22.54683,96.75922,324.11,1.0,1.0,2026-04-15,839,71,13.98
22.5482,96.76858,328.51,1.0,1.0,2026-04-15,839,78,19.56
22.57303,96.3055,327.51,1.0,1.0,2026-04-15,839,75,15.32
22.58063,96.86891,325.08,1.0,1.0,2026-04-15,839,73,15.54
22.59009,98.25132,338.74,1.07,1.03,2026-04-15,839,88,36.79
22.59908,98.24977,324.63,1.07,1.03,2026-04-15,839,76,16.13
22.61552,96.23052,356.41,1.0,1.0,2026-04-15,839,98,64.78
22.61679,99.4059,326.01,1.2,1.09,2026-04-15,839,79,23.26
22.61692,96.23985,348.48,1.0,1.0,2026-04-15,839,93,46.53
22.62263,99.40925,327.24,1.21,1.09,2026-04-15,839,70,25.4
22.62424,96.22897,336.18,1.0,1.0,2026-04-15,839,85,25.31
22.63296,96.22739,337.92,1.0,1.0,2026-04-15,839,86,29.16
22.69962,96.98685,321.69,1.0,1.0,2026-04-15,839,70,12.77
22.72731,92.03442,320.22,1.52,1.22,2026-04-15,839,73,19.5
22.75626,93.87814,334.8,1.18,1.08,2026-04-15,839,85,33.32
22.76237,93.85663,327.73,1.18,1.08,2026-04-15,839,78,22.02
22.77783,97.14148,338.29,1.01,1.0,2026-04-15,839,76,36.6
22.78081,93.23656,322.26,1.28,1.12,2026-04-15,839,72,23.75
22.78258,93.24709,327.47,1.27,1.12,2026-04-15,839,79,31.89
22.80262,97.45651,321.44,1.02,1.01,2026-04-15,839,72,9.78
22.80398,97.46608,336.48,1.02,1.01,2026-04-15,839,87,29.25
22.81279,97.46465,326.26,1.02,1.01,2026-04-15,839,78,14.26
22.81413,97.47417,338.54,1.02,1.01,2026-04-15,839,88,30.76
22.81549,97.48377,333.09,1.02,1.01,2026-04-15,839,85,22.87
22.8331,93.49057,355.88,1.23,1.1,2026-04-15,839,98,97.47
22.84266,93.48882,361.7,1.23,1.1,2026-04-15,839,100,118.2
22.85229,93.54735,324.88,1.22,1.1,2026-04-15,839,71,25.55
22.85408,93.55817,353.62,1.22,1.1,2026-04-15,839,97,88.64
22.87875,99.44048,333.75,1.22,1.1,2026-04-15,839,81,37.63
22.91274,93.46767,338.62,1.23,1.1,2026-04-15,839,88,50.52
22.92028,93.45359,348.96,1.23,1.1,2026-04-15,839,94,75.01
22.92231,93.46589,367.02,1.23,1.1,2026-04-15,839,100,138.43
22.93765,93.91084,334.98,1.17,1.08,2026-04-15,839,85,32.92
22.96559,92.32991,321.72,1.44,1.19,2026-04-15,839,72,18.64
22.99639,92.32363,332.52,1.44,1.19,2026-04-15,839,85,38.04
23.00049,93.8241,333.47,1.18,1.08,2026-04-15,839,84,37.8
23.01954,99.10954,321.02,1.17,1.08,2026-04-15,839,74,15.36
23.02381,99.14202,320.61,1.18,1.08,2026-04-15,839,74,14.19
23.02961,97.36122,330.95,1.02,1.01,2026-04-15,839,83,22.74
23.03095,97.37074,334.26,1.02,1.01,2026-04-15,839,86,27.08
23.03467,93.7644,340.18,1.18,1.08,2026-04-15,839,89,49.8
23.03713,93.48309,336.74,1.22,1.1,2026-04-15,839,82,44.95
23.06846,96.41042,325.35,1.0,1.0,2026-04-15,839,73,14.45
23.07276,97.19928,368.84,1.01,1.01,2026-04-15,839,75,110.83
23.0751,92.29984,320.88,1.44,1.19,2026-04-15,839,74,18.61
23.09111,97.2656,326.25,1.02,1.01,2026-04-15,839,78,16.51
23.09244,97.27505,322.49,1.02,1.01,2026-04-15,839,73,11.94
23.10194,97.34238,319.89,1.02,1.01,2026-04-15,839,70,9.56
23.11404,97.55804,334.39,1.03,1.01,2026-04-15,839,86,27.88
23.11539,97.56778,339.43,1.03,1.01,2026-04-15,839,89,36.54
23.11616,97.37943,331.1,1.02,1.01,2026-04-15,839,83,18.76
23.13494,92.29593,327.11,1.43,1.18,2026-04-15,839,81,30.38
23.13706,97.33625,331.99,1.02,1.01,2026-04-15,839,84,22.85
23.1381,93.38922,360.79,1.23,1.1,2026-04-15,839,94,109.72
23.14026,93.40196,380.84,1.23,1.1,2026-04-15,839,100,202.16
23.16565,92.28928,320.34,1.43,1.18,2026-04-15,839,70,16.62
23.16798,92.30264,321.66,1.43,1.18,2026-04-15,839,74,18.75
23.19779,97.70397,322.32,1.04,1.02,2026-04-15,839,75,12.73
23.20905,97.38771,326.16,1.02,1.01,2026-04-15,839,78,15.22
23.21985,97.46481,333.84,1.03,1.01,2026-04-15,839,85,25.87
23.22865,97.46319,323.81,1.03,1.01,2026-04-15,839,76,14.08
23.23182,92.25495,328.65,1.44,1.19,2026-04-15,839,82,31.82
23.23814,98.06199,321.21,1.07,1.03,2026-04-15,839,71,13.79
23.2422,97.69067,319.54,1.04,1.02,2026-04-15,839,71,8.15
23.24772,97.5997,322.28,1.03,1.02,2026-04-15,839,75,11.05
23.25291,92.37487,322.74,1.41,1.18,2026-04-15,839,75,22.05
23.26644,92.33147,377.43,1.42,1.18,2026-04-15,839,100,225.06
23.27665,92.32943,372.15,1.42,1.18,2026-04-15,839,100,193.26
23.2789,92.34234,349.05,1.42,1.18,2026-04-15,839,95,85.94
23.2833,93.58089,319.92,1.2,1.09,2026-04-15,839,70,14.8
23.28805,97.41722,331.35,1.03,1.01,2026-04-15,839,83,21.8
23.2927,93.91328,321.56,1.16,1.07,2026-04-15,839,71,13.92
23.2993,92.33824,332.18,1.42,1.18,2026-04-15,839,85,39.24
23.30048,93.91698,327.6,1.15,1.07,2026-04-15,839,79,22.91
23.31318,96.63611,325.06,1.0,1.0,2026-04-15,839,74,12.09
23.33081,93.86848,323.52,1.16,1.07,2026-04-15,839,75,20.54
23.33654,91.95712,320.17,1.5,1.21,2026-04-15,839,73,19.17
23.34212,92.29617,333.61,1.42,1.18,2026-04-15,839,83,42.75
23.34535,92.25405,345.37,1.43,1.18,2026-04-15,839,93,75.99
23.34757,98.32976,330.95,1.09,1.04,2026-04-15,839,84,27.67
23.34899,98.34028,323.18,1.09,1.04,2026-04-15,839,77,17.19
23.35258,92.11176,330.04,1.46,1.19,2026-04-15,839,83,39.15
23.37415,91.82541,318.03,1.53,1.22,2026-04-15,839,71,17.67
23.37472,96.2992,325.64,1.0,1.0,2026-04-15,839,74,13.74
23.3764,92.14227,325.73,1.45,1.19,2026-04-15,839,80,27.86
23.38902,97.48388,324.57,1.03,1.01,2026-04-15,839,78,16.46
23.42693,97.49657,321.42,1.03,1.01,2026-04-15,839,74,15.55
23.43131,92.27219,318.06,1.42,1.18,2026-04-15,839,71,16.66
23.4386,93.78761,326.31,1.17,1.08,2026-04-15,839,79,24.91
23.44582,93.94905,325.34,1.15,1.07,2026-04-15,839,72,18.27
23.45052,92.32167,321.11,1.41,1.18,2026-04-15,839,75,20.5
23.46069,92.31955,330.4,1.41,1.18,2026-04-15,839,84,38.36
23.47334,94.11847,323.6,1.12,1.06,2026-04-15,839,75,11.2
23.49818,92.30659,326.12,1.41,1.18,2026-04-15,839,73,29.68
23.50047,92.3195,362.0,1.41,1.17,2026-04-15,839,100,141.62
23.5422,92.25656,328.58,1.42,1.18,2026-04-15,839,81,33.78
23.56023,96.30268,323.03,1.0,1.0,2026-04-15,839,71,8.39
23.56682,93.55598,337.59,1.19,1.09,2026-04-15,839,88,45.09
23.56867,93.56712,329.42,1.19,1.09,2026-04-15,839,82,30.5
23.57178,93.7608,338.21,1.17,1.07,2026-04-15,839,71,43.22
23.61564,93.8527,342.4,1.15,1.07,2026-04-15,839,88,49.27
23.61734,93.86311,348.42,1.15,1.07,2026-04-15,839,94,63.49
23.6208,99.56373,315.72,1.26,1.12,2026-04-15,839,70,10.65
23.62475,91.97327,323.22,1.47,1.2,2026-04-15,839,76,25.36
23.6559,91.96677,322.23,1.47,1.2,2026-04-15,839,76,22.95
23.665,95.21657,324.3,1.03,1.01,2026-04-15,839,72,11.18
23.68088,91.76577,328.41,1.52,1.22,2026-04-15,839,82,34.6
23.68259,92.11777,320.32,1.44,1.19,2026-04-15,839,74,22.38
23.6914,91.76357,348.45,1.52,1.22,2026-04-15,839,94,94.63
23.72418,97.90507,332.86,1.06,1.03,2026-04-15,839,86,29.07
23.73799,91.84152,350.66,1.5,1.21,2026-04-15,839,96,103.43
23.74731,92.19487,325.51,1.42,1.18,2026-04-15,839,80,28.5
23.74781,92.18764,321.72,1.42,1.18,2026-04-15,839,76,22.31
23.75444,91.74976,325.7,1.52,1.22,2026-04-15,839,79,29.91
23.78459,91.76729,325.95,1.51,1.21,2026-04-15,839,80,31.29
23.79515,94.21084,323.53,1.11,1.05,2026-04-15,839,76,12.31
23.79757,92.05819,322.47,1.45,1.19,2026-04-15,839,76,21.71
23.80903,96.41585,323.61,1.0,1.0,2026-04-15,839,73,10.06
23.83717,91.75673,325.56,1.51,1.21,2026-04-15,839,79,29.68
23.86966,91.88022,323.23,1.48,1.2,2026-04-15,839,77,27.73
23.89498,93.62043,347.05,1.17,1.08,2026-04-15,839,94,63.8
23.89682,93.63182,350.02,1.17,1.08,2026-04-15,839,95,71.47
23.89902,93.49583,334.8,1.19,1.08,2026-04-15,839,75,38.35
23.90128,93.62481,342.69,1.17,1.08,2026-04-15,839,92,56.62
23.90315,93.63598,326.66,1.17,1.08,2026-04-15,839,80,26.92
23.91821,93.43593,329.0,1.2,1.09,2026-04-15,839,82,28.41
23.92008,93.4472,325.26,1.2,1.09,2026-04-15,839,77,22.74
23.982,96.09091,325.35,1.0,1.0,2026-04-15,839,76,13.96
23.98341,93.83203,332.47,1.14,1.07,2026-04-15,839,85,34.82
23.9942,93.27274,336.22,1.22,1.1,2026-04-15,839,88,44.22
24.04594,93.70248,326.93,1.16,1.07,2026-04-15,839,76,25.97
24.05187,97.00704,322.6,1.02,1.01,2026-04-15,839,74,12.85
24.05465,97.35952,319.16,1.03,1.01,2026-04-15,839,71,13.16
24.05934,93.5495,358.53,1.18,1.08,2026-04-15,839,99,96.44
24.06105,93.55988,320.93,1.17,1.08,2026-04-15,839,74,15.04
24.09743,93.39715,322.01,1.2,1.09,2026-04-15,839,75,19.19
24.09901,93.52341,322.37,1.18,1.08,2026-04-15,839,76,17.4
24.11059,97.50055,334.62,1.04,1.02,2026-04-15,839,86,33.63
24.1149,94.00911,353.65,1.12,1.05,2026-04-15,839,97,77.66
24.11667,94.02005,384.54,1.12,1.05,2026-04-15,839,100,198.13
24.12202,93.22041,330.19,1.22,1.1,2026-04-15,839,82,33.04
24.12405,93.23236,351.65,1.22,1.1,2026-04-15,839,96,81.35
24.1305,93.71361,343.75,1.15,1.07,2026-04-15,839,92,53.81
24.13213,93.72351,340.88,1.15,1.07,2026-04-15,839,90,47.22
24.13389,97.40015,332.76,1.04,1.02,2026-04-15,839,85,29.3
24.13528,97.41015,331.99,1.04,1.02,2026-04-15,839,84,28.23
24.14275,97.3987,323.64,1.04,1.02,2026-04-15,839,76,18.51
24.14411,97.40851,353.7,1.04,1.02,2026-04-15,839,97,70.48
24.14493,97.34917,338.21,1.03,1.02,2026-04-15,839,89,37.06
24.14628,97.35886,341.53,1.03,1.02,2026-04-15,839,91,43.14
24.15067,93.33203,383.81,1.2,1.09,2026-04-15,839,100,215.24
24.15121,92.92223,338.58,1.26,1.12,2026-04-15,839,89,50.42
24.15243,92.91595,326.43,1.26,1.12,2026-04-15,839,81,27.07
24.15271,93.34414,390.0,1.2,1.09,2026-04-15,839,100,252.93
24.1546,92.92849,317.85,1.26,1.12,2026-04-15,839,71,14.82
24.16298,96.12437,320.79,1.0,1.0,2026-04-15,839,70,8.52
24.17156,97.34515,322.52,1.03,1.02,2026-04-15,839,75,15.3
24.18388,93.92365,358.71,1.13,1.06,2026-04-15,839,86,92.12
24.18495,93.30325,346.75,1.21,1.09,2026-04-15,839,94,66.55
24.18582,97.38242,358.4,1.03,1.02,2026-04-15,839,99,80.79
24.18711,97.39179,328.53,1.04,1.02,2026-04-15,839,81,23.15
24.1944,93.3013,368.15,1.21,1.09,2026-04-15,839,100,137.67
24.19627,93.31262,339.27,1.2,1.09,2026-04-15,839,90,47.9
24.2247,93.77668,325.46,1.14,1.06,2026-04-15,839,79,23.43
24.26143,94.00078,328.68,1.12,1.05,2026-04-15,839,82,26.38
24.27388,94.01949,323.6,1.11,1.05,2026-04-15,839,77,20.45
24.30351,93.2846,318.28,1.2,1.09,2026-04-15,839,71,14.84
24.30527,93.29523,341.99,1.2,1.09,2026-04-15,839,91,55.19
24.31675,93.15662,334.03,1.22,1.1,2026-04-15,839,87,41.36
24.31871,93.16822,336.09,1.22,1.1,2026-04-15,839,88,44.89
24.38113,95.90063,320.58,1.0,1.0,2026-04-15,839,71,7.74
24.38126,94.22829,320.85,1.09,1.04,2026-04-15,839,73,14.84
24.4157,93.01962,347.38,1.24,1.11,2026-04-15,839,94,69.06
24.41582,94.09481,325.25,1.1,1.05,2026-04-15,839,78,21.79
24.41618,92.76697,320.54,1.28,1.12,2026-04-15,839,75,18.11
24.41766,93.03128,391.74,1.24,1.1,2026-04-15,839,94,274.8
24.42486,94.0928,322.15,1.1,1.05,2026-04-15,839,75,18.38
24.44305,97.43202,339.15,1.04,1.02,2026-04-15,839,90,38.49
24.45389,97.51046,324.24,1.05,1.02,2026-04-15,839,78,19.53
24.47111,94.7925,322.05,1.04,1.02,2026-04-15,839,74,10.63
24.49419,97.20591,331.35,1.03,1.01,2026-04-15,839,84,25.51
24.60656,95.7343,322.45,1.0,1.0,2026-04-15,839,74,13.65
24.65239,94.76619,321.42,1.04,1.02,2026-04-15,839,74,9.93
24.76973,97.45502,316.26,1.05,1.02,2026-04-15,839,70,9.92
24.7711,97.46504,316.26,1.05,1.02,2026-04-15,839,70,10.02
24.86482,96.68281,327.89,1.01,1.0,2026-04-15,839,82,20.82
25.07117,97.11137,322.83,1.03,1.01,2026-04-15,839,74,15.21
25.2881,97.19785,319.3,1.04,1.02,2026-04-15,839,72,10.51
25.3287,97.70575,334.12,1.08,1.04,2026-04-15,839,87,32.62
25.3301,97.71609,356.78,1.08,1.04,2026-04-15,839,98,81.42
25.41212,96.57023,325.66,1.01,1.01,2026-04-15,839,80,16.71
25.41328,90.68941,319.55,1.66,1.27,2026-04-15,839,74,27.73
25.48655,97.10067,325.76,1.04,1.02,2026-04-15,839,80,17.91
25.48793,97.11064,317.8,1.04,1.02,2026-04-15,839,71,9.64
25.509,96.14459,341.69,1.0,1.0,2026-04-15,839,86,39.65
25.512,97.2191,322.28,1.04,1.02,2026-04-15,839,77,13.39
25.5409,96.36622,320.06,1.01,1.0,2026-04-15,839,74,12.34
25.54964,96.36471,316.66,1.01,1.0,2026-04-15,839,70,8.96
25.55103,96.37443,340.26,1.01,1.0,2026-04-15,839,90,38.58
25.76098,91.77115,331.99,1.39,1.17,2026-04-15,839,86,43.59
25.76334,91.78445,322.42,1.39,1.17,2026-04-15,839,79,25.28
25.77844,96.61146,320.81,1.02,1.01,2026-04-15,839,77,11.86
25.78352,91.78017,337.96,1.39,1.17,2026-04-15,839,90,56.99
25.80568,96.67699,322.91,1.02,1.01,2026-04-15,839,79,13.46
25.88885,93.32874,322.05,1.14,1.06,2026-04-15,839,73,18.01
25.90651,92.66823,317.6,1.23,1.1,2026-04-15,839,74,15.55
25.92487,92.54267,328.51,1.25,1.11,2026-04-15,839,84,29.42
25.93486,92.41107,319.72,1.27,1.12,2026-04-15,839,76,18.53
25.96115,97.53654,333.14,1.08,1.04,2026-04-15,839,87,31.24
26.46264,83.96904,328.98,4.75,1.99,2026-04-15,839,81,136.56
26.46423,83.96538,329.21,4.75,1.99,2026-04-15,839,82,143.18
46.04329,83.56812,322.62,1.52,1.22,2026-04-15,845,81,25.88
46.5588,87.51104,314.67,1.05,1.02,2026-04-15,845,75,12.9
46.561,87.52418,321.56,1.05,1.02,2026-04-15,845,81,19.5
47.13652,88.37513,339.99,1.01,1.0,2026-04-15,845,92,42.05
47.13851,88.38789,325.52,1.01,1.0,2026-04-15,845,84,21.9
47.14086,88.32669,312.01,1.01,1.01,2026-04-15,845,72,9.6
46.90507,80.99424,323.39,1.95,1.36,2026-04-15,848,80,41.11
46.91047,81.01792,337.21,1.94,1.36,2026-04-15,848,90,87.37
46.99073,81.53743,326.83,1.81,1.32,2026-04-15,848,83,46.26
46.99373,81.54343,328.68,1.81,1.32,2026-04-15,848,85,50.56
56.90122,28.79062,311.12,2.79,1.6,2026-04-15,848,71,50.28
57.67811,28.02821,316.13,2.43,1.5,2026-04-15,848,76,54.35
57.68759,27.99239,334.93,2.42,1.5,2026-04-15,848,89,130.76
51.36872,6.7064,317.28,1.25,1.11,2026-04-15,850,77,20.06
51.36971,6.71284,322.72,1.25,1.11,2026-04-15,850,71,27.08
51.97215,13.79793,312.54,1.05,1.02,2026-04-15,850,73,11.97
52.15145,10.407,318.65,1.02,1.01,2026-04-15,850,79,15.35
14.23502,0.83129,332.35,1.0,1.0,2026-04-15,858,80,18.15
11.78643,-2.90347,328.28,1.31,1.13,2026-04-15,900,77,20.47
11.78796,-2.91516,339.51,1.31,1.14,2026-04-15,900,88,43.76
12.2941,1.09409,333.47,1.01,1.0,2026-04-15,900,78,18.16
12.76953,-3.32182,337.61,1.44,1.19,2026-04-15,900,86,46.75
12.77118,-3.33475,327.5,1.44,1.19,2026-04-15,900,75,23.22
13.32059,-1.07823,336.8,1.09,1.04,2026-04-15,900,84,25.87
35.16745,-84.36927,309.23,1.09,1.04,2026-04-15,911,77,13.24
22.38927,-83.8634,322.32,1.08,1.04,2026-04-15,915,100,22.17
22.39091,-83.87347,317.33,1.08,1.04,2026-04-15,915,95,16.78
22.39663,-83.85162,317.33,1.08,1.04,2026-04-15,915,95,16.43
22.39828,-83.86178,328.62,1.08,1.04,2026-04-15,915,100,29.8
22.42204,-83.83669,316.28,1.08,1.04,2026-04-15,915,93,14.61
22.42688,-83.86662,318.7,1.08,1.04,2026-04-15,915,97,16.95
22.42852,-83.87681,338.5,1.08,1.04,2026-04-15,915,100,45.33
22.4294,-83.82481,317.53,1.08,1.04,2026-04-15,915,86,16.49
22.43103,-83.83493,345.02,1.08,1.04,2026-04-15,915,100,57.35
22.43264,-83.84487,317.79,1.08,1.04,2026-04-15,915,84,15.72
22.43751,-83.87508,327.28,1.08,1.04,2026-04-15,915,100,28.18
22.49473,-84.05959,308.73,1.06,1.03,2026-04-15,915,75,9.53
22.54551,-84.02444,306.96,1.06,1.03,2026-04-15,915,70,7.63
17.83573,-93.09998,310.55,2.16,1.43,2026-04-15,917,80,29.88
17.83796,-93.11961,324.84,2.17,1.43,2026-04-15,917,100,70.01
17.84516,-93.10435,322.8,2.16,1.43,2026-04-15,917,100,62.97
17.84754,-93.12399,319.33,2.17,1.43,2026-04-15,917,98,52.55
17.85046,-93.1181,310.64,2.17,1.43,2026-04-15,917,81,30.02
17.89496,-93.17307,308.1,2.19,1.44,2026-04-15,917,73,24.2
18.6431,-92.16914,307.52,1.89,1.34,2026-04-15,917,72,17.89
21.67201,-82.61217,325.44,1.26,1.12,2026-04-15,917,100,32.0
11.24207,-85.6841,312.11,1.18,1.08,2026-04-15,920,84,13.31
12.48736,-86.00384,313.17,1.1,1.05,2026-04-15,920,87,12.96
13.3126,-86.83385,307.19,1.02,1.01,2026-04-15,920,70,8.84
13.44236,-87.32798,307.06,1.0,1.0,2026-04-15,920,70,5.83
14.02851,-89.7382,308.92,1.13,1.06,2026-04-15,920,76,10.87
50.37572,136.6909,312.5,4.11,1.88,2026-04-15,1006,85,125.36
50.38505,136.68858,308.04,4.11,1.88,2026-04-15,1006,73,99.2
8.89931,77.85726,326.25,1.22,1.1,2026-04-15,1013,72,9.87
9.50912,78.04744,338.7,1.28,1.12,2026-04-15,1013,86,25.4
10.27029,77.31851,329.99,1.19,1.08,2026-04-15,1013,77,23.47
10.28112,77.32702,331.3,1.19,1.08,2026-04-15,1013,74,27.05
10.28242,77.33644,332.09,1.19,1.09,2026-04-15,1013,80,30.15
10.32745,77.59098,327.52,1.23,1.1,2026-04-15,1013,74,26.98
11.46436,76.61877,327.41,1.13,1.06,2026-04-15,1013,76,22.31
11.50127,76.61362,333.23,1.13,1.06,2026-04-15,1013,83,30.6
11.50267,76.62355,339.99,1.13,1.06,2026-04-15,1013,88,42.81
11.51434,76.37764,326.29,1.1,1.05,2026-04-15,1013,75,19.98
11.69629,77.17646,325.45,1.21,1.09,2026-04-15,1013,72,20.19
11.69774,77.18723,328.58,1.21,1.1,2026-04-15,1013,77,25.94
12.37122,77.86761,331.7,1.36,1.16,2026-04-15,1013,77,31.68
12.37339,77.80692,329.73,1.35,1.15,2026-04-15,1013,74,28.96
13.14981,78.81033,327.39,1.63,1.26,2026-04-15,1013,71,23.03
13.49374,78.37732,327.63,1.54,1.22,2026-04-15,1015,72,23.92
13.99267,79.04015,351.26,1.75,1.3,2026-04-15,1015,94,111.58
13.99469,79.05631,340.61,1.76,1.3,2026-04-15,1015,86,64.46
14.05302,79.05962,342.14,1.76,1.3,2026-04-15,1015,87,70.37
14.05383,79.06653,363.11,1.76,1.3,2026-04-15,1015,100,179.03
14.05494,79.07532,350.27,1.77,1.3,2026-04-15,1015,94,106.02
14.0558,79.08172,342.51,1.77,1.3,2026-04-15,1015,88,70.32
14.05686,79.09105,335.12,1.77,1.3,2026-04-15,1015,80,44.08
14.11374,76.90691,349.8,1.25,1.11,2026-04-15,1015,94,63.94
14.17693,77.53043,330.5,1.37,1.16,2026-04-15,1015,73,17.68
14.33153,78.908,334.8,1.73,1.29,2026-04-15,1015,79,42.93
14.92659,79.08341,347.58,1.82,1.32,2026-04-15,1015,91,97.44
14.92852,79.09902,342.21,1.83,1.32,2026-04-15,1015,87,73.89
14.93816,79.08195,335.91,1.82,1.32,2026-04-15,1015,80,49.22
15.56096,78.92345,331.55,1.81,1.32,2026-04-15,1015,74,30.82
15.7897,76.97065,333.61,1.33,1.14,2026-04-15,1015,75,24.09
15.91272,78.52849,334.12,1.71,1.28,2026-04-15,1015,78,31.05
16.43276,73.82631,332.52,1.01,1.0,2026-04-15,1015,76,21.81
17.53958,74.79822,336.35,1.07,1.03,2026-04-15,1017,77,14.14
17.99051,73.85934,331.84,1.02,1.01,2026-04-15,1017,72,14.23
18.22894,73.71839,340.46,1.01,1.01,2026-04-15,1017,84,29.86
18.32195,73.59284,331.45,1.01,1.01,2026-04-15,1017,71,15.75
18.37205,73.75513,337.08,1.02,1.01,2026-04-15,1017,80,21.89
18.40406,73.33914,334.26,1.0,1.0,2026-04-15,1017,77,12.85
18.54227,79.83398,330.65,2.37,1.49,2026-04-15,1017,71,52.08
18.85395,77.37441,333.33,1.56,1.23,2026-04-15,1017,70,17.99
19.07663,73.4518,333.47,1.01,1.01,2026-04-15,1017,71,12.96
19.19471,81.04536,331.6,3.02,1.65,2026-04-15,1017,77,99.4
19.19818,81.03703,328.12,3.02,1.65,2026-04-15,1017,72,78.14
19.37475,73.41438,334.03,1.01,1.01,2026-04-15,1017,75,13.43
19.42188,73.53391,334.8,1.02,1.01,2026-04-15,1017,76,12.62
19.43069,73.53252,344.56,1.02,1.01,2026-04-15,1017,88,29.43
19.43201,73.54185,334.53,1.02,1.01,2026-04-15,1017,76,12.4
19.45864,73.41337,338.21,1.01,1.01,2026-04-15,1017,81,16.91
19.48292,73.96864,336.18,1.04,1.02,2026-04-15,1017,78,20.39
19.48427,73.97831,332.66,1.04,1.02,2026-04-15,1017,72,14.79
19.49168,73.31647,333.84,1.01,1.0,2026-04-15,1017,74,13.21
19.50646,80.98991,338.46,3.02,1.65,2026-04-15,1017,85,136.33
19.50789,80.98483,339.67,3.02,1.65,2026-04-15,1017,85,150.04
19.56625,74.17368,332.66,1.06,1.03,2026-04-15,1017,72,17.96
19.64945,79.59376,331.25,2.36,1.48,2026-04-15,1017,72,52.66
19.74868,72.9238,331.35,1.0,1.0,2026-04-15,1017,70,12.68
19.91353,73.55857,339.43,1.02,1.01,2026-04-15,1017,83,27.11
20.29141,73.61922,339.23,1.03,1.02,2026-04-15,1017,82,24.17
20.38795,74.04893,342.32,1.06,1.03,2026-04-15,1017,85,33.32
20.40055,73.60532,334.89,1.03,1.02,2026-04-15,1017,76,16.38
20.41184,78.62362,336.57,2.04,1.39,2026-04-15,1017,77,42.79
20.55534,73.26733,332.38,1.02,1.01,2026-04-15,1017,72,16.11
20.65993,76.57064,351.74,1.46,1.19,2026-04-15,1017,93,72.98
20.66158,76.5842,348.2,1.46,1.19,2026-04-15,1017,90,59.72
20.77739,73.53033,334.94,1.03,1.02,2026-04-15,1017,76,18.84
20.77874,73.5399,336.61,1.03,1.02,2026-04-15,1017,79,21.42
20.93948,79.12565,340.03,2.27,1.46,2026-04-15,1017,83,69.22
20.94041,79.13067,337.59,2.27,1.46,2026-04-15,1017,80,56.36
21.03468,73.91908,342.95,1.07,1.03,2026-04-15,1017,87,31.06
21.22442,74.08742,337.25,1.08,1.04,2026-04-15,1017,80,20.85
21.22581,74.09747,349.74,1.09,1.04,2026-04-15,1017,93,46.45
21.24396,79.28683,332.18,2.36,1.48,2026-04-15,1017,71,39.58
21.25005,78.28252,343.71,1.98,1.37,2026-04-15,1017,87,72.22
21.25695,79.28527,337.75,2.36,1.48,2026-04-15,1017,81,67.23
21.28293,79.28214,332.57,2.36,1.48,2026-04-15,1017,72,40.39
21.30029,78.2955,332.47,1.98,1.37,2026-04-15,1017,70,23.5
21.35709,75.36674,340.22,1.25,1.11,2026-04-15,1017,82,29.57
21.36685,77.91046,331.94,1.86,1.33,2026-04-15,1017,70,23.18
21.40916,77.47031,341.91,1.73,1.29,2026-04-15,1017,85,53.05
21.41833,71.88341,338.46,1.0,1.0,2026-04-15,1017,82,22.55
21.41862,77.45298,336.74,1.73,1.29,2026-04-15,1017,79,35.8
21.42042,77.46857,349.31,1.73,1.29,2026-04-15,1017,92,87.79
21.42229,74.25285,338.46,1.1,1.05,2026-04-15,1017,81,22.14
21.42427,71.8632,344.95,1.0,1.0,2026-04-15,1017,89,34.06
21.42566,71.87255,338.99,1.0,1.0,2026-04-15,1017,82,23.73
21.43299,71.86169,346.15,1.0,1.0,2026-04-15,1017,90,36.49
21.43438,71.87103,355.42,1.0,1.0,2026-04-15,1017,97,56.49
21.60127,77.44942,333.04,1.74,1.29,2026-04-15,1017,70,25.82
21.75677,77.6084,336.95,1.79,1.31,2026-04-15,1017,75,35.12
21.83515,72.65643,338.74,1.01,1.0,2026-04-15,1017,81,19.66
21.96273,76.1295,333.56,1.42,1.18,2026-04-15,1017,70,15.51
22.02952,79.22284,337.84,2.4,1.49,2026-04-15,1017,82,68.41
22.03265,79.22766,341.5,2.4,1.49,2026-04-15,1017,86,91.9
22.07438,79.40215,338.42,2.48,1.52,2026-04-15,1017,80,78.71
22.07676,79.42551,354.12,2.49,1.52,2026-04-15,1017,96,195.41
22.11047,75.99576,334.12,1.4,1.17,2026-04-15,1017,73,20.03
22.15376,79.40943,334.35,2.49,1.52,2026-04-15,1017,77,58.75
22.15654,79.41633,340.18,2.49,1.52,2026-04-15,1017,85,88.88
22.19196,77.81618,332.62,1.89,1.34,2026-04-15,1017,71,35.37
22.19391,77.83363,335.12,1.89,1.34,2026-04-15,1017,76,43.68
22.28607,78.93311,333.56,2.29,1.47,2026-04-15,1017,76,43.05
22.28877,78.94755,332.09,2.3,1.47,2026-04-15,1017,74,38.66
22.39573,79.24481,339.27,2.44,1.51,2026-04-15,1017,84,76.32
22.53415,71.74083,336.69,1.0,1.0,2026-04-15,1017,77,15.02
22.53554,71.75022,344.0,1.0,1.0,2026-04-15,1017,87,27.05
22.77059,70.61008,336.78,1.04,1.02,2026-04-15,1017,77,18.31
22.77212,70.61986,352.62,1.04,1.02,2026-04-15,1017,94,49.51
23.03352,75.62031,333.33,1.36,1.16,2026-04-15,1017,70,21.36
23.05421,75.53911,336.0,1.35,1.15,2026-04-15,1017,76,26.37
23.0551,77.46516,337.38,1.83,1.32,2026-04-15,1017,80,49.58
23.05581,75.55183,346.15,1.35,1.15,2026-04-15,1017,89,52.68
23.10364,75.61761,334.48,1.37,1.16,2026-04-15,1017,73,23.71
23.14553,77.57191,331.89,1.87,1.34,2026-04-15,1017,70,34.6
23.15725,77.57056,332.71,1.87,1.34,2026-04-15,1017,71,36.05
23.25005,75.47231,334.57,1.34,1.15,2026-04-15,1017,73,22.48
23.32566,78.04612,340.73,2.04,1.39,2026-04-15,1017,84,72.66
23.48584,77.84027,331.99,1.98,1.37,2026-04-15,1017,70,32.23
23.49088,76.65894,337.04,1.62,1.25,2026-04-15,1017,78,37.38
23.51281,79.58304,331.25,2.68,1.57,2026-04-15,1017,72,43.47
23.53249,77.66064,354.51,1.92,1.35,2026-04-15,1017,96,144.14
23.58519,74.89153,340.5,1.25,1.11,2026-04-15,1017,83,34.59
23.60516,77.16533,338.58,1.77,1.3,2026-04-15,1017,81,50.13
23.63327,69.32868,333.47,1.14,1.06,2026-04-15,1017,71,15.42
23.64076,69.31614,333.14,1.14,1.06,2026-04-15,1017,74,15.45
23.6425,69.32687,352.73,1.14,1.06,2026-04-15,1017,95,57.99
23.64423,69.3376,393.79,1.14,1.06,2026-04-15,1017,100,238.83
23.64596,69.34831,342.29,1.13,1.06,2026-04-15,1017,87,34.13
23.65173,69.32507,359.43,1.14,1.06,2026-04-15,1017,99,77.48
23.65346,69.33579,353.67,1.14,1.06,2026-04-15,1017,96,61.03
23.6916,69.51456,331.6,1.12,1.05,2026-04-15,1017,73,12.02
23.70738,77.47911,356.14,1.87,1.34,2026-04-15,1017,97,142.69
23.70934,77.49697,333.79,1.88,1.34,2026-04-15,1017,73,36.44
23.80912,79.76047,335.65,2.79,1.6,2026-04-15,1017,79,79.03
23.92015,78.10805,337.33,2.1,1.41,2026-04-15,1017,80,60.36
23.93986,73.51651,332.62,1.09,1.04,2026-04-15,1017,73,16.56
23.96595,77.72967,338.21,1.97,1.37,2026-04-15,1017,81,56.32
24.47188,77.45805,341.72,1.91,1.35,2026-04-15,1017,85,70.62
24.47392,77.47646,333.19,1.92,1.35,2026-04-15,1017,73,36.24
24.74392,77.0386,337.21,1.8,1.32,2026-04-15,1017,81,52.38
25.41452,76.69359,353.31,1.74,1.29,2026-04-15,1019,95,112.36
25.41463,76.68234,332.42,1.74,1.29,2026-04-15,1019,72,26.31
25.41632,76.71033,332.18,1.75,1.3,2026-04-15,1019,73,26.97
25.41655,76.69904,354.51,1.74,1.29,2026-04-15,1019,96,116.99
25.51322,76.43996,342.58,1.68,1.27,2026-04-15,1019,87,60.35
28.05088,69.88968,361.81,1.01,1.01,2026-04-15,1019,100,73.41
28.39428,77.17599,335.16,2.08,1.4,2026-04-15,1019,80,64.21
28.60635,72.77284,354.1,1.12,1.06,2026-04-15,1019,95,58.69
28.61121,70.99628,349.59,1.01,1.0,2026-04-15,1019,92,42.32
28.61263,71.00623,357.02,1.01,1.0,2026-04-15,1019,98,59.08
29.27231,70.63857,334.07,1.0,1.0,2026-04-15,1019,79,18.64
29.67116,72.60999,334.53,1.13,1.06,2026-04-15,1019,80,22.37
29.74889,71.67081,337.33,1.05,1.02,2026-04-15,1019,84,25.12
29.97912,73.43347,335.96,1.25,1.11,2026-04-15,1019,83,29.22
29.9819,73.44009,329.94,1.25,1.11,2026-04-15,1019,76,18.75
38.05111,67.26139,339.11,1.0,1.0,2026-04-15,1021,90,36.21
44.13723,66.64639,326.5,1.01,1.01,2026-04-15,1024,80,19.2
44.65101,66.82137,329.68,1.02,1.01,2026-04-15,1024,83,24.54
44.65271,66.83381,327.37,1.02,1.01,2026-04-15,1024,82,21.54
44.93784,65.26696,316.89,1.0,1.0,2026-04-15,1024,74,10.53
44.95341,65.11668,322.83,1.0,1.0,2026-04-15,1024,80,17.61
44.95525,65.12888,314.53,1.0,1.0,2026-04-15,1024,71,9.79
50.62639,58.34983,314.49,1.26,1.12,2026-04-15,1024,75,18.49
51.48407,59.10936,314.16,1.15,1.07,2026-04-15,1024,70,14.31
52.34555,67.51472,313.99,1.28,1.12,2026-04-15,1024,74,18.67
51.59255,52.91759,314.63,2.06,1.4,2026-04-15,1026,74,27.73
51.65683,52.54677,315.72,2.13,1.42,2026-04-15,1026,74,30.1
54.19969,62.34571,317.41,1.01,1.0,2026-04-15,1026,78,16.35
54.5695,61.22398,361.93,1.0,1.0,2026-04-15,1026,100,92.11
55.27678,61.45145,326.45,1.0,1.0,2026-04-15,1026,73,24.4
55.27897,61.46652,334.21,1.0,1.0,2026-04-15,1026,84,34.59
55.28535,61.44758,310.45,1.0,1.0,2026-04-15,1026,70,10.48
56.03508,58.52092,310.4,1.03,1.02,2026-04-15,1026,70,9.64
14.62175,-14.77608,330.78,3.43,1.74,2026-04-15,1036,75,84.56
14.6244,-14.80018,332.7,3.41,1.74,2026-04-15,1036,78,90.53
33.4198,-110.8583,327.49,1.24,1.11,2026-04-15,1051,100,41.32
20.71367,-103.89199,322.67,2.26,1.46,2026-04-15,1053,100,76.48
-35.89589,147.57309,312.0,1.05,1.02,2026-04-15,1121,84,15.12
-35.7478,147.66008,310.33,1.04,1.02,2026-04-15,1121,80,14.27
-35.67824,147.62373,309.27,1.04,1.02,2026-04-15,1121,77,12.67
-35.63821,149.23814,314.75,1.0,1.0,2026-04-15,1121,90,15.99
-30.68908,148.21008,315.16,1.0,1.0,2026-04-15,1123,91,16.01
-29.10277,150.1031,313.24,1.16,1.07,2026-04-15,1123,87,18.62
-28.59007,150.11044,307.05,1.18,1.08,2026-04-15,1123,70,11.76
-28.5855,150.11526,307.11,1.18,1.08,2026-04-15,1123,70,12.32
-28.2435,150.21005,325.44,1.21,1.09,2026-04-15,1123,100,33.62
-26.31742,151.5379,316.05,1.55,1.23,2026-04-15,1123,92,27.99
-25.23779,149.1024,328.08,1.17,1.08,2026-04-15,1123,98,27.71
-19.61686,136.22827,312.59,3.28,1.71,2026-04-15,1128,85,61.81
-19.61405,136.25874,316.36,3.26,1.71,2026-04-15,1128,93,79.69
-16.07461,134.70502,309.77,3.87,1.83,2026-04-15,1128,78,58.82
-16.06615,134.70961,310.83,3.87,1.83,2026-04-15,1128,78,60.06
43.86477,126.63853,307.04,1.19,1.09,2026-04-15,1145,70,13.54
45.94888,118.30733,317.6,2.83,1.61,2026-04-15,1145,94,88.12
46.67416,127.07151,314.56,1.06,1.03,2026-04-15,1145,89,19.01
46.73041,125.61328,328.37,1.17,1.08,2026-04-15,1145,100,39.78
47.02451,132.51901,309.76,1.16,1.07,2026-04-15,1145,78,18.44
47.55445,130.98245,312.63,1.06,1.03,2026-04-15,1145,85,17.75
47.96116,134.6739,308.32,1.46,1.2,2026-04-15,1145,74,23.5
47.96286,134.69308,313.75,1.47,1.2,2026-04-15,1145,88,30.39
47.96995,134.65271,324.09,1.46,1.19,2026-04-15,1145,100,46.3
47.97496,134.64604,315.68,1.46,1.19,2026-04-15,1145,92,32.9
48.06238,134.66797,314.25,1.47,1.2,2026-04-15,1145,89,31.92
48.06734,134.66049,314.59,1.47,1.2,2026-04-15,1145,87,30.53
48.0729,134.66591,324.43,1.47,1.2,2026-04-15,1145,99,46.87
48.66565,122.46727,320.69,1.45,1.19,2026-04-15,1145,100,39.43
48.72692,123.80279,316.55,1.27,1.12,2026-04-15,1145,93,24.53
49.01142,132.31587,344.7,1.2,1.09,2026-04-15,1145,100,73.99
50.37519,136.72948,317.47,1.99,1.38,2026-04-15,1145,95,56.94
-15.60623,46.63411,315.9,3.6,1.78,2026-04-15,1147,70,36.08
-15.60494,46.6081,316.54,3.62,1.78,2026-04-15,1147,71,41.82
-14.89186,49.17157,320.49,2.22,1.44,2026-04-15,1147,76,51.02
61.34817,112.80187,349.33,1.51,1.21,2026-04-15,1149,100,0.0
24.86178,53.60946,323.63,2.22,1.44,2026-04-15,1157,77,65.87
25.25364,48.10308,357.33,1.05,1.02,2026-04-15,1157,98,74.77
28.48873,49.70465,321.58,1.35,1.15,2026-04-15,1157,74,28.87
28.49033,49.71799,330.8,1.35,1.15,2026-04-15,1157,83,45.42
30.74609,48.28328,357.61,1.2,1.09,2026-04-15,1200,98,94.52
31.20272,48.95227,343.28,1.32,1.14,2026-04-15,1200,91,56.49
31.30372,48.76639,327.83,1.29,1.13,2026-04-15,1200,79,21.75
31.35541,45.96252,327.84,1.02,1.01,2026-04-15,1200,79,16.49
32.11796,45.55197,329.78,1.01,1.0,2026-04-15,1200,76,18.5
32.34851,47.69989,327.1,1.18,1.08,2026-04-15,1200,80,16.86
32.34999,47.71194,336.22,1.18,1.08,2026-04-15,1200,88,32.59
34.89008,43.79962,345.05,1.0,1.0,2026-04-15,1200,93,44.29
34.89166,43.81018,342.55,1.0,1.0,2026-04-15,1200,92,39.8
45.50572,37.89007,320.01,1.1,1.05,2026-04-15,1202,80,20.0
45.50804,37.90353,317.52,1.1,1.05,2026-04-15,1202,78,17.3
45.51822,38.35005,310.96,1.07,1.03,2026-04-15,1202,71,9.59
45.60716,38.10412,337.96,1.09,1.04,2026-04-15,1202,91,42.95
46.22704,39.07663,316.81,1.02,1.01,2026-04-15,1202,77,15.23
46.22907,39.08931,341.53,1.02,1.01,2026-04-15,1202,92,47.45
46.53991,39.65033,334.8,1.0,1.0,2026-04-15,1202,89,34.49
49.06936,29.65363,317.09,2.13,1.42,2026-04-15,1204,76,35.4
53.40786,51.21548,350.81,3.26,1.71,2026-04-15,1204,96,339.71
53.4202,51.21012,329.63,3.26,1.71,2026-04-15,1204,86,139.7
54.45892,48.03333,310.64,2.34,1.48,2026-04-15,1204,70,26.46
56.1157,45.8258,320.97,1.93,1.36,2026-04-15,1204,81,48.82
57.31444,41.30329,321.0,1.32,1.14,2026-04-15,1204,81,25.58
57.40273,40.85484,312.91,1.28,1.12,2026-04-15,1204,73,14.48
57.46577,40.67912,350.42,1.26,1.12,2026-04-15,1204,96,87.77
57.46788,40.69944,317.63,1.26,1.12,2026-04-15,1204,78,20.59
57.1022,28.02529,314.89,1.42,1.18,2026-04-15,1206,75,24.26
57.38537,27.82423,313.16,1.42,1.18,2026-04-15,1206,73,23.5
57.67459,27.95999,319.74,1.37,1.16,2026-04-15,1206,80,31.3
57.67904,27.98099,310.69,1.37,1.16,2026-04-15,1206,70,19.15
60.1502,41.55911,316.23,1.48,1.2,2026-04-15,1206,76,27.0
60.15246,41.58494,311.18,1.48,1.2,2026-04-15,1206,71,19.64
-6.57384,-51.09637,328.75,1.08,1.04,2026-04-15,1221,84,26.81
-6.57249,-51.10601,322.68,1.08,1.04,2026-04-15,1221,80,19.02
-13.66856,-52.93751,318.45,1.05,1.02,2026-04-15,1223,70,11.23
-12.00836,-45.35271,322.67,3.3,1.72,2026-04-15,1223,79,95.48
-12.00642,-45.35777,316.76,3.3,1.72,2026-04-15,1223,72,62.91
-22.96196,-52.69533,316.84,1.33,1.14,2026-04-15,1227,75,18.77
-22.96045,-52.70817,316.53,1.33,1.14,2026-04-15,1227,75,18.43
-20.32515,-55.00009,334.77,1.01,1.01,2026-04-15,1227,83,30.73
-20.2261,-50.74811,315.71,1.65,1.26,2026-04-15,1227,73,22.57
-20.08266,-50.60723,317.18,1.68,1.27,2026-04-15,1227,74,23.01
-19.2735,-55.14625,317.87,1.0,1.0,2026-04-15,1227,73,11.12
-33.37959,117.08458,312.63,1.95,1.36,2026-04-15,1301,85,37.13
-33.11037,116.57581,307.81,2.09,1.41,2026-04-15,1301,73,29.93
-33.10206,116.2072,308.81,2.21,1.44,2026-04-15,1301,76,31.62
-33.09282,116.15909,327.69,2.23,1.45,2026-04-15,1301,100,83.98
-33.091,116.18255,336.29,2.22,1.44,2026-04-15,1301,98,116.5
-33.0892,116.2056,332.13,2.21,1.44,2026-04-15,1301,72,96.1
-33.08551,116.25259,326.47,2.19,1.44,2026-04-15,1301,71,76.78
-33.07927,116.17619,325.75,2.22,1.44,2026-04-15,1301,100,74.69
-33.07808,116.18137,329.34,2.22,1.44,2026-04-15,1301,87,82.28
-33.0664,116.17442,318.03,2.22,1.44,2026-04-15,1301,96,51.98
-33.0652,116.17967,320.81,2.22,1.44,2026-04-15,1301,70,57.58
-33.06445,116.19798,322.83,2.21,1.44,2026-04-15,1301,71,62.68
-33.05866,116.26767,329.81,2.19,1.43,2026-04-15,1301,80,88.62
-33.05806,116.27299,333.04,2.19,1.43,2026-04-15,1301,100,105.4
-33.05157,116.19661,318.58,2.21,1.44,2026-04-15,1301,97,53.35
-33.04882,116.22443,323.21,2.2,1.44,2026-04-15,1301,73,60.29
-31.39673,119.52119,338.48,1.3,1.13,2026-04-15,1301,100,60.78
-30.25023,116.46152,308.9,1.96,1.37,2026-04-15,1301,76,26.35
-30.19532,117.7933,308.21,1.59,1.24,2026-04-15,1301,74,15.05
-19.11536,128.3143,309.34,2.76,1.59,2026-04-15,1304,77,44.4
-18.78609,124.30431,307.91,1.43,1.18,2026-04-15,1304,73,15.07
-18.77569,124.30238,310.64,1.43,1.18,2026-04-15,1304,81,17.08
-18.75606,123.72665,318.35,1.31,1.14,2026-04-15,1304,97,23.39
-18.75419,123.73872,307.33,1.32,1.14,2026-04-15,1304,71,10.45
-18.46636,124.12798,307.12,1.41,1.17,2026-04-15,1304,70,13.1
-18.38554,124.62801,308.88,1.53,1.22,2026-04-15,1304,76,16.58
-18.06727,126.51617,315.14,2.12,1.42,2026-04-15,1304,74,30.85
-18.06394,126.53529,314.1,2.13,1.42,2026-04-15,1304,89,30.88
-18.0347,126.41011,315.75,2.09,1.41,2026-04-15,1304,92,34.31
-18.03134,126.42905,323.71,2.09,1.41,2026-04-15,1304,100,55.88
-18.0294,126.42225,326.05,2.09,1.41,2026-04-15,1304,100,64.59
-18.02484,126.2271,306.94,2.02,1.39,2026-04-15,1304,70,20.54
-16.72207,124.98299,307.2,1.73,1.29,2026-04-15,1304,71,14.28
-16.16169,124.88902,317.41,1.75,1.3,2026-04-15,1304,95,33.08
-15.97326,125.73295,307.26,2.04,1.39,2026-04-15,1304,71,17.11
-15.87592,125.61475,309.36,2.0,1.38,2026-04-15,1304,77,20.61
-15.86055,125.63146,325.05,2.01,1.38,2026-04-15,1304,100,56.9
-15.857,125.62482,317.8,2.01,1.38,2026-04-15,1304,96,37.12
-15.80223,125.72723,316.32,2.05,1.39,2026-04-15,1304,93,40.26
-15.72715,125.44325,327.68,1.96,1.37,2026-04-15,1304,100,62.73
-15.72291,125.42935,314.08,1.95,1.36,2026-04-15,1304,88,27.51
-15.71977,125.44775,317.5,1.96,1.37,2026-04-15,1304,95,34.95
-15.53327,126.37972,318.59,2.33,1.48,2026-04-15,1304,97,55.02
-15.52971,126.40067,323.08,2.34,1.48,2026-04-15,1304,100,71.52
-15.52611,126.42185,308.77,2.35,1.48,2026-04-15,1304,75,29.87
-15.48705,125.72854,312.46,2.08,1.4,2026-04-15,1304,85,32.05
-15.48153,125.74186,306.89,2.09,1.41,2026-04-15,1304,70,20.57
-15.3999,129.44026,312.65,4.03,1.86,2026-04-15,1304,85,75.74
-15.35666,125.48399,311.07,2.0,1.38,2026-04-15,1304,81,23.65
-15.34998,125.49586,307.37,2.01,1.38,2026-04-15,1304,71,16.83
-15.28025,125.4644,310.64,2.0,1.38,2026-04-15,1304,81,22.59
4.29156,114.24554,320.23,1.04,1.02,2026-04-15,1312,100,17.38
4.29282,114.2546,310.61,1.04,1.02,2026-04-15,1312,80,8.71
4.75374,114.64238,308.09,1.01,1.01,2026-04-15,1312,72,6.36
4.98028,112.98309,311.74,1.15,1.07,2026-04-15,1312,76,9.27
5.35297,115.51276,314.99,1.0,1.0,2026-04-15,1312,90,11.45
5.36177,115.51154,309.19,1.0,1.0,2026-04-15,1312,77,7.47
5.51333,115.68195,308.14,1.01,1.0,2026-04-15,1312,74,6.43
6.59817,116.60871,311.87,1.09,1.04,2026-04-15,1312,77,10.51
10.65803,107.62936,308.93,2.23,1.45,2026-04-15,1314,74,22.39
16.27593,106.91264,309.01,1.99,1.38,2026-04-15,1314,72,21.34
17.94606,102.08284,310.03,4.34,1.92,2026-04-15,1314,74,45.76
17.95355,102.1219,310.87,4.31,1.92,2026-04-15,1314,77,52.59
17.98882,102.06372,316.71,4.34,1.92,2026-04-15,1314,93,82.65
17.99372,102.03111,312.85,4.38,1.93,2026-04-15,1314,70,59.73
18.66605,101.41129,307.21,4.71,1.99,2026-04-15,1314,70,46.42
18.68079,101.65836,313.27,4.5,1.95,2026-04-15,1314,87,78.25
18.69878,101.95037,310.5,4.28,1.91,2026-04-15,1314,80,56.76
18.7148,103.55121,308.26,3.23,1.7,2026-04-15,1314,72,30.58
18.74682,103.81429,314.27,3.08,1.67,2026-04-15,1314,88,53.1
18.74804,103.80695,316.03,3.08,1.67,2026-04-15,1314,92,61.18
18.81281,103.8173,310.17,3.06,1.66,2026-04-15,1314,78,33.64
18.81784,102.80796,307.09,3.66,1.79,2026-04-15,1314,70,33.84
18.82167,103.88225,312.54,3.03,1.66,2026-04-15,1314,83,41.92
18.82258,102.81187,314.42,3.66,1.79,2026-04-15,1314,89,67.68
18.82431,103.87747,317.89,3.03,1.66,2026-04-15,1314,96,66.71
18.83625,103.88084,321.09,3.03,1.66,2026-04-15,1314,100,79.03
18.83874,103.8752,317.86,3.03,1.66,2026-04-15,1314,96,66.78
18.84122,103.90807,310.48,3.02,1.65,2026-04-15,1314,73,35.01
18.84386,103.9022,317.3,3.02,1.65,2026-04-15,1314,95,64.21
18.94328,103.37334,309.36,3.3,1.72,2026-04-15,1314,77,43.45
18.94374,103.37716,309.28,3.3,1.72,2026-04-15,1314,75,40.11
19.29368,101.89757,309.19,4.19,1.9,2026-04-15,1316,77,53.85
19.29935,101.8897,307.1,4.19,1.9,2026-04-15,1316,70,42.25
19.30773,101.9313,307.4,4.17,1.89,2026-04-15,1316,71,45.71
19.72061,102.44712,320.26,3.73,1.81,2026-04-15,1316,100,108.48
19.73056,102.4394,314.2,3.73,1.81,2026-04-15,1316,89,72.81
19.73817,102.47704,309.26,3.71,1.8,2026-04-15,1316,77,47.75
20.65609,101.69506,311.88,4.05,1.87,2026-04-15,1316,84,71.55
20.66333,101.68884,308.46,4.05,1.87,2026-04-15,1316,75,57.05
20.83529,103.11161,319.69,3.14,1.68,2026-04-15,1316,99,83.31
20.83613,103.10491,318.64,3.14,1.68,2026-04-15,1316,97,79.71
21.77749,108.61212,336.96,1.22,1.1,2026-04-15,1316,100,48.57
22.59887,107.83601,308.81,1.32,1.14,2026-04-15,1316,76,9.26
23.35024,108.76344,308.93,1.15,1.07,2026-04-15,1316,76,8.13
23.3519,108.77428,313.23,1.15,1.07,2026-04-15,1316,87,11.95
-28.88865,31.58032,312.42,1.17,1.08,2026-04-15,1321,71,9.28
-28.23764,32.06231,315.1,1.1,1.05,2026-04-15,1321,73,9.35
-28.04717,32.53456,338.83,1.06,1.03,2026-04-15,1321,86,42.35
-27.8437,32.54077,325.46,1.06,1.03,2026-04-15,1321,79,20.99
-27.80609,32.54493,318.76,1.05,1.03,2026-04-15,1321,70,16.21
-27.72351,30.70702,345.81,1.26,1.12,2026-04-15,1323,93,76.93
-26.78268,30.89396,339.91,1.2,1.09,2026-04-15,1323,91,54.29
-26.6054,30.99694,323.03,1.18,1.08,2026-04-15,1323,76,24.38
-26.48485,31.065,370.17,1.17,1.08,2026-04-15,1323,94,144.61
-26.4833,31.07699,368.5,1.17,1.08,2026-04-15,1323,75,137.35
-25.61393,32.08009,337.75,1.05,1.02,2026-04-15,1323,89,35.38
-25.61252,32.09033,332.23,1.05,1.02,2026-04-15,1323,86,26.48
-25.57147,31.85688,321.65,1.07,1.03,2026-04-15,1323,77,14.79
-22.99875,27.92666,318.97,1.63,1.26,2026-04-15,1323,75,23.63
-9.49985,27.76957,323.91,1.12,1.05,2026-04-15,1327,82,24.9
-9.3346,27.83361,329.58,1.11,1.05,2026-04-15,1327,85,32.69
-6.45051,28.24487,313.56,1.02,1.01,2026-04-15,1327,71,8.11
-5.66094,28.7978,320.27,1.0,1.0,2026-04-15,1327,78,13.89
-2.09763,31.26418,318.3,1.28,1.12,2026-04-15,1327,77,17.78
-1.91922,30.89223,313.84,1.22,1.1,2026-04-15,1327,72,11.77
-1.91526,30.89701,312.32,1.22,1.1,2026-04-15,1327,71,9.95
2.71509,24.73563,315.69,1.17,1.08,2026-04-15,1329,70,11.08
3.47103,28.0006,328.79,1.03,1.01,2026-04-15,1329,84,25.12
3.48053,28.56815,316.49,1.07,1.03,2026-04-15,1329,72,9.25
3.51745,19.01735,315.21,3.06,1.66,2026-04-15,1329,72,41.29
4.93881,27.72595,321.32,1.03,1.02,2026-04-15,1329,74,11.6
5.3139,30.65169,323.07,1.49,1.21,2026-04-15,1329,72,22.96
6.29559,30.27389,333.79,1.45,1.19,2026-04-15,1329,78,34.44
6.30106,30.26744,330.35,1.45,1.19,2026-04-15,1329,79,24.1
6.34714,21.86216,327.81,1.61,1.25,2026-04-15,1329,80,32.21
6.35119,21.87033,323.93,1.6,1.25,2026-04-15,1329,75,23.78
6.82816,21.89037,323.08,1.57,1.23,2026-04-15,1329,73,17.05
7.01881,30.48219,336.52,1.54,1.22,2026-04-15,1329,86,49.98
7.02575,30.45379,337.96,1.54,1.22,2026-04-15,1329,87,54.96
7.02951,30.48069,339.87,1.54,1.22,2026-04-15,1329,88,59.34
7.0748,29.78636,325.71,1.38,1.16,2026-04-15,1329,75,18.0
7.21788,22.33337,340.1,1.44,1.19,2026-04-15,1329,89,56.76
7.2198,22.34575,336.57,1.43,1.18,2026-04-15,1329,86,47.08
7.41133,23.30432,324.49,1.23,1.1,2026-04-15,1329,71,14.93
7.69561,24.49095,327.72,1.07,1.03,2026-04-15,1329,75,16.49
7.78039,22.84793,338.25,1.3,1.13,2026-04-15,1329,87,44.78
7.84863,24.46075,341.87,1.07,1.03,2026-04-15,1329,89,37.15
8.01385,33.66398,323.23,2.87,1.62,2026-04-15,1329,71,54.15
8.02798,33.66215,326.61,2.87,1.62,2026-04-15,1329,76,69.3
8.03125,33.65644,326.83,2.87,1.62,2026-04-15,1329,73,68.75
8.1863,27.64767,333.09,1.08,1.04,2026-04-15,1329,82,18.19
8.21762,27.67223,327.06,1.09,1.04,2026-04-15,1329,74,10.91
8.31184,31.11409,325.5,1.81,1.32,2026-04-15,1329,75,41.86
8.31401,31.12994,321.95,1.81,1.32,2026-04-15,1329,70,32.88
8.53595,32.88292,328.83,2.53,1.53,2026-04-15,1329,75,55.87
8.61556,28.93486,346.22,1.28,1.12,2026-04-15,1329,92,61.57
8.64301,26.7814,332.38,1.02,1.01,2026-04-15,1329,78,14.67
8.70659,32.89299,328.8,2.55,1.54,2026-04-15,1329,80,64.1
8.73344,26.82592,346.18,1.03,1.01,2026-04-15,1329,91,38.43
8.73475,26.83495,345.4,1.03,1.01,2026-04-15,1329,90,36.65
8.78613,32.58783,326.62,2.42,1.5,2026-04-15,1329,73,49.23
8.82134,28.49849,328.05,1.21,1.09,2026-04-15,1329,74,12.81
8.86998,28.92652,325.57,1.28,1.12,2026-04-15,1329,71,15.46
8.87084,27.65081,330.04,1.1,1.04,2026-04-15,1329,74,12.49
8.87222,27.66045,340.07,1.1,1.05,2026-04-15,1329,86,29.23
8.87827,28.91385,350.84,1.28,1.12,2026-04-15,1329,95,73.64
8.87981,28.92512,367.85,1.28,1.12,2026-04-15,1329,100,138.98
8.89187,27.61242,340.73,1.09,1.04,2026-04-15,1329,86,30.21
8.89322,27.62204,332.38,1.1,1.04,2026-04-15,1329,77,14.95
8.89458,27.63167,332.38,1.1,1.04,2026-04-15,1329,77,14.9
8.91693,27.46255,356.78,1.08,1.04,2026-04-15,1329,98,72.95
8.9379,30.15379,334.21,1.56,1.23,2026-04-15,1329,84,47.37
8.94378,30.16016,331.2,1.57,1.23,2026-04-15,1329,73,40.27
8.94738,28.38758,333.14,1.2,1.09,2026-04-15,1329,80,16.33
9.0393,28.39013,330.9,1.2,1.09,2026-04-15,1329,75,14.65
9.13657,31.36375,334.67,1.95,1.36,2026-04-15,1329,84,66.62
9.15075,31.37928,328.66,1.96,1.37,2026-04-15,1329,71,44.12
9.21612,31.27817,337.8,1.93,1.36,2026-04-15,1329,86,83.5
9.21983,31.39953,343.06,1.97,1.37,2026-04-15,1329,90,98.15
9.22208,31.41687,337.25,1.98,1.37,2026-04-15,1329,86,71.06
9.22797,31.27658,328.64,1.93,1.36,2026-04-15,1329,77,47.57
9.27196,31.91473,328.72,2.17,1.43,2026-04-15,1329,77,44.76
9.27285,31.90911,327.28,2.17,1.43,2026-04-15,1329,70,40.37
9.29488,31.98974,333.42,2.2,1.44,2026-04-15,1329,83,60.27
9.29518,31.98419,332.33,2.2,1.44,2026-04-15,1329,73,52.88
9.31787,31.76925,331.75,2.12,1.41,2026-04-15,1329,72,56.94
9.36933,30.78263,329.68,1.77,1.3,2026-04-15,1329,76,47.9
9.37335,31.77374,331.89,2.12,1.42,2026-04-15,1329,72,41.59
9.37354,30.81383,354.01,1.78,1.31,2026-04-15,1329,96,147.94
9.38073,30.78108,325.75,1.77,1.3,2026-04-15,1329,70,37.47
9.38497,30.81228,331.84,1.78,1.31,2026-04-15,1329,79,54.09
8.50026,20.94496,331.65,1.73,1.29,2026-04-15,1331,79,38.92
9.06958,26.59523,333.7,1.02,1.01,2026-04-15,1331,78,17.4
9.08812,20.2269,335.29,1.92,1.35,2026-04-15,1331,78,48.45
9.18065,21.88235,341.31,1.44,1.19,2026-04-15,1331,85,45.11
9.27999,26.77263,331.75,1.03,1.01,2026-04-15,1331,73,12.89
9.37401,25.01289,334.85,1.01,1.01,2026-04-15,1331,75,14.42
9.53363,23.98635,334.76,1.08,1.04,2026-04-15,1331,74,17.91
9.53505,23.99585,349.02,1.08,1.04,2026-04-15,1331,92,45.89
9.62398,21.55512,340.18,1.49,1.21,2026-04-15,1331,82,42.33
9.63095,21.56201,345.02,1.49,1.2,2026-04-15,1331,88,56.15
9.74177,25.05923,344.6,1.01,1.0,2026-04-15,1331,86,28.98
9.81161,25.6531,335.47,1.0,1.0,2026-04-15,1331,71,12.72
9.82648,25.63284,339.11,1.0,1.0,2026-04-15,1331,79,18.81
9.84773,19.16009,343.02,2.26,1.46,2026-04-15,1331,87,77.12
9.85166,26.25925,345.26,1.01,1.01,2026-04-15,1331,88,31.11
9.85813,26.30388,333.37,1.01,1.01,2026-04-15,1331,70,13.19
9.88009,27.15662,348.8,1.07,1.03,2026-04-15,1331,92,48.02
9.95312,32.85067,341.91,2.65,1.56,2026-04-15,1331,87,100.96
9.96053,32.85495,344.32,2.65,1.56,2026-04-15,1331,89,118.19
9.96751,25.78586,339.75,1.0,1.0,2026-04-15,1331,79,17.97
10.01606,26.30445,339.19,1.02,1.01,2026-04-15,1331,80,19.07
10.02643,18.73189,333.79,2.43,1.5,2026-04-15,1331,75,59.63
10.04143,26.35559,339.07,1.02,1.01,2026-04-15,1331,80,19.41
10.08351,26.4596,333.98,1.02,1.01,2026-04-15,1331,70,9.41
10.10084,24.12998,342.99,1.06,1.03,2026-04-15,1331,84,27.88
10.15534,26.31368,335.25,1.02,1.01,2026-04-15,1331,72,11.47
10.16925,25.77916,335.12,1.0,1.0,2026-04-15,1331,70,13.24
10.26616,30.53486,334.07,1.75,1.3,2026-04-15,1331,72,28.78
10.26626,25.09601,346.18,1.0,1.0,2026-04-15,1331,88,28.6
10.26757,25.10486,343.93,1.0,1.0,2026-04-15,1331,85,24.11
10.29543,23.22322,341.72,1.15,1.07,2026-04-15,1331,82,26.65
10.29699,23.23331,362.21,1.15,1.07,2026-04-15,1331,100,83.08
10.31733,25.25989,340.03,1.0,1.0,2026-04-15,1331,80,20.38
10.34557,29.16404,336.39,1.39,1.17,2026-04-15,1331,76,29.07
10.35579,29.16261,343.78,1.39,1.17,2026-04-15,1331,87,48.25
10.36396,28.39217,335.21,1.24,1.11,2026-04-15,1331,75,22.96
10.36712,19.72469,375.33,1.99,1.38,2026-04-15,1331,100,295.73
10.37433,25.40451,340.3,1.0,1.0,2026-04-15,1331,80,23.63
10.40054,25.64396,337.96,1.0,1.0,2026-04-15,1331,76,19.82
10.40183,25.65279,339.87,1.0,1.0,2026-04-15,1331,80,22.93
10.42042,24.76903,346.29,1.01,1.01,2026-04-15,1331,88,29.29
10.42157,31.79943,332.47,2.22,1.44,2026-04-15,1331,70,33.27
10.42175,24.77796,337.21,1.01,1.01,2026-04-15,1331,75,12.98
10.42348,29.89789,334.8,1.58,1.24,2026-04-15,1331,73,22.17
10.43053,24.7766,335.96,1.01,1.01,2026-04-15,1331,72,11.05
10.45285,24.19249,339.75,1.05,1.02,2026-04-15,1331,79,20.58
10.45424,24.2017,342.66,1.05,1.02,2026-04-15,1331,84,25.53
10.48496,29.75759,344.56,1.54,1.22,2026-04-15,1331,87,56.6
10.54455,25.87873,338.0,1.01,1.0,2026-04-15,1331,76,17.37
10.552,25.86854,345.12,1.01,1.0,2026-04-15,1331,87,28.15
10.5533,25.87741,345.91,1.01,1.0,2026-04-15,1331,88,29.95
10.56435,24.61517,336.78,1.02,1.01,2026-04-15,1331,74,13.02
10.62921,23.64529,339.99,1.09,1.04,2026-04-15,1331,80,21.63
10.65066,30.05578,335.61,1.63,1.26,2026-04-15,1331,73,25.28
10.77532,21.63861,369.28,1.41,1.17,2026-04-15,1331,100,149.98
10.77732,21.65096,341.23,1.4,1.17,2026-04-15,1331,82,35.78
10.77869,23.84017,362.67,1.07,1.03,2026-04-15,1331,100,75.21
10.82603,26.93071,340.73,1.07,1.03,2026-04-15,1331,81,22.99
10.83263,31.94343,336.65,2.31,1.47,2026-04-15,1331,77,56.51
10.85196,24.5065,340.73,1.02,1.01,2026-04-15,1331,81,20.07
10.88057,21.14745,341.27,1.52,1.22,2026-04-15,1331,82,39.61
10.90717,26.91217,354.15,1.07,1.03,2026-04-15,1331,95,48.59
10.90849,26.92162,358.12,1.07,1.03,2026-04-15,1331,98,59.98
10.93976,21.24609,344.32,1.49,1.21,2026-04-15,1331,86,49.23
11.02529,29.67287,335.56,1.55,1.23,2026-04-15,1331,73,18.82
11.02711,29.68662,339.43,1.55,1.23,2026-04-15,1331,80,31.01
11.03602,29.67139,338.87,1.55,1.23,2026-04-15,1331,79,27.16
11.03785,29.68514,342.17,1.55,1.23,2026-04-15,1331,84,38.63
11.17929,27.07397,350.84,1.09,1.04,2026-04-15,1331,92,45.55
11.18423,24.62887,338.74,1.01,1.01,2026-04-15,1331,78,18.57
11.19146,30.32248,335.83,1.75,1.3,2026-04-15,1331,73,31.34
11.20596,27.07419,340.73,1.09,1.04,2026-04-15,1331,81,23.26
11.25048,25.13672,338.05,1.0,1.0,2026-04-15,1331,76,14.99
11.25178,25.14557,373.88,1.0,1.0,2026-04-15,1331,100,104.68
11.27825,32.1514,339.95,2.45,1.51,2026-04-15,1331,81,74.74
11.42511,24.62842,335.96,1.01,1.01,2026-04-15,1331,72,12.43
11.4372,20.75036,341.76,1.59,1.24,2026-04-15,1331,82,44.06
11.43868,25.67276,335.07,1.01,1.0,2026-04-15,1331,70,10.02
11.44039,20.74319,342.95,1.59,1.24,2026-04-15,1331,84,49.27
11.44477,30.06997,336.91,1.68,1.28,2026-04-15,1331,74,30.97
11.47347,23.24069,339.39,1.11,1.05,2026-04-15,1331,79,18.88
11.47474,30.72939,334.98,1.9,1.35,2026-04-15,1331,70,29.38
11.553,30.27966,344.28,1.76,1.3,2026-04-15,1331,86,65.3
11.56752,31.02782,335.87,2.01,1.38,2026-04-15,1331,72,39.7
11.60897,25.63459,335.34,1.01,1.0,2026-04-15,1331,70,9.74
11.62497,27.75229,336.69,1.19,1.08,2026-04-15,1331,74,20.45
11.63118,24.52903,337.84,1.01,1.01,2026-04-15,1331,76,14.64
11.78977,30.94947,343.57,2.0,1.38,2026-04-15,1331,85,75.75
12.38276,28.26654,356.65,1.3,1.13,2026-04-15,1331,97,77.54
12.77563,25.82688,337.75,1.02,1.01,2026-04-15,1331,76,13.19
12.80077,25.81378,341.38,1.02,1.01,2026-04-15,1331,82,19.68
12.87821,22.1716,338.78,1.21,1.1,2026-04-15,1331,78,25.53
12.92528,24.52488,361.81,1.0,1.0,2026-04-15,1331,100,72.05
12.9266,24.53379,343.31,1.0,1.0,2026-04-15,1331,85,29.97
13.34545,25.43521,348.87,1.01,1.0,2026-04-15,1331,91,32.92
13.34676,25.44422,357.74,1.01,1.01,2026-04-15,1331,98,53.36
13.34806,25.45323,348.1,1.01,1.01,2026-04-15,1331,90,32.97
44.93641,7.5073,312.47,2.11,1.41,2026-04-15,1342,73,27.02
48.27485,14.33391,332.47,1.0,1.0,2026-04-15,1342,76,29.5
51.31768,5.60629,321.37,1.7,1.28,2026-04-15,1344,81,36.55
51.32177,5.6249,312.38,1.7,1.28,2026-04-15,1344,72,20.38
51.32267,5.62886,315.24,1.7,1.28,2026-04-15,1344,76,24.2
7.62355,-67.30586,328.12,2.6,1.55,2026-04-15,1357,81,70.45
7.62718,-67.32841,325.65,2.58,1.54,2026-04-15,1357,79,57.71
7.69487,-67.91357,328.16,2.31,1.47,2026-04-15,1357,81,55.57
7.69691,-67.92744,327.24,2.3,1.47,2026-04-15,1357,80,52.71
7.88887,-66.49402,339.76,2.99,1.64,2026-04-15,1357,90,162.73
7.89304,-66.51992,325.61,2.97,1.64,2026-04-15,1357,79,65.62
9.06241,-66.66635,325.3,2.75,1.59,2026-04-15,1357,77,54.76
9.06619,-66.69013,325.27,2.74,1.58,2026-04-15,1357,77,53.47
9.07189,-66.68372,323.7,2.74,1.58,2026-04-15,1357,74,43.39
-8.06951,-78.8493,316.58,1.04,1.02,2026-04-15,1401,76,8.54
19.40199,-155.27422,314.83,1.67,1.27,2026-04-15,1412,86,32.27
13.9139,79.13445,313.7,3.9,1.84,2026-04-15,1454,83,60.26
13.91519,79.10488,319.68,3.92,1.84,2026-04-15,1454,99,97.78
13.92138,79.13933,311.86,3.9,1.84,2026-04-15,1454,73,49.29
13.92295,79.09457,328.39,3.92,1.84,2026-04-15,1454,100,167.81
13.93125,79.10249,317.27,3.92,1.84,2026-04-15,1454,93,81.88
13.95149,79.15969,316.02,3.87,1.83,2026-04-15,1454,90,72.58
13.95859,79.16377,312.85,3.87,1.83,2026-04-15,1454,80,52.77
14.07415,79.0563,317.49,3.92,1.84,2026-04-15,1454,94,77.08
20.79402,85.25504,314.88,1.09,1.04,2026-04-15,1454,86,11.36
20.86586,84.9944,311.05,1.12,1.05,2026-04-15,1454,72,7.36
20.96636,85.17137,318.84,1.1,1.04,2026-04-15,1454,97,14.73
21.31093,79.4295,313.4,2.58,1.54,2026-04-15,1454,83,39.7
21.50279,93.26327,308.38,2.06,1.4,2026-04-15,1454,74,18.44
21.5063,93.2566,313.72,2.06,1.4,2026-04-15,1454,88,28.44
21.50816,93.27567,311.57,2.07,1.4,2026-04-15,1454,83,23.72
21.51511,93.26222,315.62,2.06,1.4,2026-04-15,1454,92,33.05
21.74356,83.83728,312.98,1.24,1.11,2026-04-15,1454,81,8.94
21.98402,79.43354,311.8,2.5,1.52,2026-04-15,1454,80,35.94
22.02819,79.24868,311.61,2.57,1.54,2026-04-15,1454,79,35.5
22.03806,83.73482,312.22,1.25,1.11,2026-04-15,1454,80,9.5
22.04592,79.41486,328.62,2.5,1.52,2026-04-15,1454,100,96.81
22.04975,79.41929,340.3,2.5,1.52,2026-04-15,1454,100,159.76
22.05025,79.43774,326.29,2.49,1.52,2026-04-15,1454,100,86.34
22.05391,79.44218,316.41,2.49,1.52,2026-04-15,1454,92,47.71
22.08208,92.394,309.66,1.81,1.32,2026-04-15,1454,78,18.22
22.3883,79.82462,318.1,2.29,1.46,2026-04-15,1454,96,46.85
22.38871,79.83092,312.42,2.29,1.46,2026-04-15,1454,79,30.57
23.08566,77.61337,310.88,3.23,1.7,2026-04-15,1454,77,42.7
23.08595,77.61976,309.27,3.23,1.7,2026-04-15,1454,70,35.74
23.61251,77.94344,310.54,2.97,1.64,2026-04-15,1454,76,36.75
23.63299,78.97367,314.81,2.49,1.52,2026-04-15,1454,88,39.78
23.63689,78.97793,319.91,2.49,1.52,2026-04-15,1454,99,56.1
23.67593,86.08279,311.15,1.0,1.0,2026-04-15,1454,79,6.68
23.68339,86.39318,315.27,1.0,1.0,2026-04-15,1454,89,10.22
23.69007,87.11973,310.7,1.01,1.0,2026-04-15,1454,73,5.53
23.73688,86.43665,314.34,1.0,1.0,2026-04-15,1454,87,8.5
23.77647,86.20616,314.39,1.0,1.0,2026-04-15,1454,87,9.42
23.79631,86.34888,313.78,1.0,1.0,2026-04-15,1454,85,7.7
23.8011,86.31888,310.56,1.0,1.0,2026-04-15,1454,76,5.74
23.80242,86.3284,315.0,1.0,1.0,2026-04-15,1454,88,9.08
24.52659,83.40922,315.24,1.2,1.09,2026-04-15,1454,89,12.11
24.52844,83.42091,325.19,1.2,1.09,2026-04-15,1454,100,25.03
25.02291,83.86614,315.0,1.13,1.06,2026-04-15,1454,88,12.69
25.02459,83.87692,327.89,1.13,1.06,2026-04-15,1454,100,28.17
25.03212,87.37727,310.65,1.04,1.02,2026-04-15,1454,76,7.13
25.03629,83.95203,312.04,1.12,1.05,2026-04-15,1454,80,9.84
25.04303,83.87342,316.22,1.13,1.06,2026-04-15,1454,91,13.13
25.06644,83.9022,318.19,1.12,1.06,2026-04-15,1454,96,15.62
25.07825,83.85563,320.78,1.13,1.06,2026-04-15,1454,73,16.74
25.08549,83.96471,311.08,1.12,1.05,2026-04-15,1454,77,8.67
25.09467,83.96297,318.66,1.12,1.05,2026-04-15,1454,97,16.57
25.11571,83.91492,321.02,1.12,1.05,2026-04-15,1454,100,18.23
25.12109,84.01276,317.88,1.11,1.05,2026-04-15,1454,95,15.57
25.12253,85.4035,311.16,1.01,1.01,2026-04-15,1454,77,7.41
25.1227,84.02338,327.69,1.11,1.05,2026-04-15,1454,100,27.57
25.12392,85.41323,316.44,1.01,1.01,2026-04-15,1454,92,11.6
25.13271,85.41167,312.9,1.01,1.01,2026-04-15,1454,83,8.89
25.13372,83.86092,321.83,1.12,1.06,2026-04-15,1454,100,20.14
25.16819,83.7764,309.71,1.13,1.06,2026-04-15,1454,73,8.09
25.17735,84.08298,309.68,1.1,1.05,2026-04-15,1454,73,7.9
25.19336,84.18796,310.32,1.09,1.04,2026-04-15,1454,75,8.93
25.19418,83.77686,318.41,1.13,1.06,2026-04-15,1454,96,16.52
25.19506,84.01431,313.3,1.11,1.05,2026-04-15,1454,84,11.36
25.20199,84.12166,319.44,1.1,1.04,2026-04-15,1454,98,16.51
25.20342,83.77509,314.43,1.13,1.06,2026-04-15,1454,87,12.6
25.20599,83.85247,312.09,1.12,1.06,2026-04-15,1454,73,9.58
25.20791,84.0989,316.37,1.1,1.05,2026-04-15,1454,92,13.45
25.2095,84.10943,337.69,1.1,1.04,2026-04-15,1454,100,42.34
25.26356,83.91882,326.42,1.12,1.05,2026-04-15,1454,100,25.78
25.26519,83.9295,321.88,1.11,1.05,2026-04-15,1454,100,19.93
25.27274,83.91707,318.67,1.12,1.05,2026-04-15,1454,97,16.42
25.27437,83.92776,322.38,1.11,1.05,2026-04-15,1454,100,20.84
24.96453,77.63747,310.78,2.91,1.63,2026-04-15,1457,77,37.8
24.99741,77.11628,319.23,3.18,1.69,2026-04-15,1457,98,79.86
24.99761,77.10939,322.15,3.18,1.69,2026-04-15,1457,100,93.77
26.33675,83.5509,308.21,1.12,1.06,2026-04-15,1457,71,8.46
26.40141,83.79778,310.35,1.1,1.04,2026-04-15,1457,78,9.38
26.41305,83.38296,312.29,1.14,1.06,2026-04-15,1457,84,11.38
26.41485,83.64098,309.69,1.11,1.05,2026-04-15,1457,76,8.47
26.4638,83.29854,326.34,1.15,1.07,2026-04-15,1457,100,26.06
26.47688,83.92462,319.19,1.08,1.04,2026-04-15,1457,98,16.79
26.47847,83.93512,310.82,1.08,1.04,2026-04-15,1457,80,8.82
26.48594,83.92288,318.64,1.08,1.04,2026-04-15,1457,97,16.59
26.51718,83.58184,310.24,1.12,1.05,2026-04-15,1457,78,10.03
26.55319,83.40004,310.8,1.13,1.06,2026-04-15,1457,80,10.76
26.56312,83.34129,310.7,1.14,1.06,2026-04-15,1457,80,10.56
26.98681,83.62592,307.11,1.1,1.05,2026-04-15,1457,70,7.07
27.03551,83.21759,308.6,1.14,1.06,2026-04-15,1457,75,9.62
27.10004,83.52522,307.79,1.11,1.05,2026-04-15,1457,72,7.43
27.14446,82.97522,308.55,1.17,1.08,2026-04-15,1457,75,9.61
27.14625,82.98656,318.56,1.17,1.07,2026-04-15,1457,97,19.78
27.1507,83.13651,319.92,1.15,1.07,2026-04-15,1457,99,20.77
27.178,83.18845,319.5,1.14,1.06,2026-04-15,1457,99,19.78
27.19898,82.42654,308.65,1.24,1.11,2026-04-15,1457,75,9.55
27.20006,83.02238,308.61,1.16,1.07,2026-04-15,1457,75,8.51
27.20181,83.03367,320.78,1.16,1.07,2026-04-15,1457,100,20.98
27.20671,83.02644,312.54,1.16,1.07,2026-04-15,1457,85,12.97
27.26097,82.48259,308.54,1.23,1.1,2026-04-15,1457,75,10.75
27.28136,82.85315,311.54,1.18,1.08,2026-04-15,1457,83,12.17
27.30221,83.14589,308.48,1.14,1.06,2026-04-15,1457,74,8.63
27.30381,82.87224,314.07,1.17,1.08,2026-04-15,1457,88,14.5
27.32043,82.91596,307.2,1.17,1.08,2026-04-15,1457,71,7.99
27.32542,83.00846,307.92,1.16,1.07,2026-04-15,1457,73,8.6
27.36674,82.68612,325.74,1.2,1.09,2026-04-15,1457,100,28.82
27.3938,82.9766,314.59,1.16,1.07,2026-04-15,1457,90,14.18
27.3956,82.98788,309.13,1.16,1.07,2026-04-15,1457,77,9.15
27.4107,83.1871,307.83,1.13,1.06,2026-04-15,1457,73,8.28
27.41339,83.1,311.91,1.14,1.07,2026-04-15,1457,84,12.8
27.737,82.743,312.24,1.18,1.08,2026-04-15,1457,84,9.83
27.73857,82.81327,311.94,1.17,1.08,2026-04-15,1457,84,11.06
27.83553,78.99129,311.12,2.0,1.38,2026-04-15,1457,82,28.21
28.00216,82.21278,310.95,1.24,1.11,2026-04-15,1457,81,11.09
28.61876,81.89218,312.55,1.26,1.12,2026-04-15,1457,85,16.59
28.65597,81.99686,309.79,1.24,1.11,2026-04-15,1457,78,11.11
46.46271,77.13679,322.9,1.11,1.05,2026-04-15,1501,100,28.68
46.465,77.15061,314.2,1.11,1.05,2026-04-15,1501,84,19.27
46.52837,81.55699,311.69,1.03,1.02,2026-04-15,1501,83,15.38
46.54607,81.55227,323.7,1.03,1.02,2026-04-15,1501,100,27.04
46.5477,81.56534,341.56,1.03,1.02,2026-04-15,1501,100,52.48
53.58011,65.42992,316.01,2.36,1.48,2026-04-15,1503,92,67.49
53.58229,65.43325,311.64,2.36,1.48,2026-04-15,1503,83,52.95
4.42546,-7.66594,322.22,4.31,1.92,2026-04-15,1509,75,120.17
4.43695,-7.63771,319.37,4.28,1.91,2026-04-15,1509,71,94.92
5.22994,-0.85383,325.37,1.24,1.1,2026-04-15,1509,79,22.48
5.68482,-0.51465,319.96,1.17,1.08,2026-04-15,1509,71,13.29
5.8993,0.71857,331.05,1.04,1.02,2026-04-15,1509,77,22.36
6.09734,6.09768,328.66,1.56,1.23,2026-04-15,1509,82,33.06
6.25675,-0.10802,322.64,1.1,1.05,2026-04-15,1509,77,15.43
6.38147,4.40011,330.8,1.21,1.09,2026-04-15,1509,83,27.44
6.43066,2.05603,327.55,1.0,1.0,2026-04-15,1509,78,15.92
6.462,1.39208,331.94,1.0,1.0,2026-04-15,1509,84,23.46
6.70857,3.66925,320.09,1.12,1.05,2026-04-15,1509,70,9.23
6.7209,-3.68729,324.26,1.86,1.33,2026-04-15,1509,77,37.12
6.84827,-3.09528,319.44,1.67,1.27,2026-04-15,1509,71,21.04
6.87212,-3.5277,331.5,1.8,1.31,2026-04-15,1509,84,55.05
6.87244,-3.53879,321.17,1.8,1.32,2026-04-15,1509,74,26.76
6.87487,-3.5231,325.86,1.8,1.31,2026-04-15,1509,79,37.76
7.02079,-2.54161,335.47,1.5,1.21,2026-04-15,1509,87,52.11
7.02488,-2.55031,330.5,1.51,1.21,2026-04-15,1509,83,41.0
7.02688,-2.53726,320.04,1.5,1.21,2026-04-15,1509,71,19.08
7.46027,2.92039,327.31,1.06,1.03,2026-04-15,1509,76,18.43
7.74747,-2.24775,324.85,1.4,1.17,2026-04-15,1509,75,22.4
8.74839,-0.2598,337.71,1.06,1.03,2026-04-15,1509,85,25.57
10.17548,-8.61376,330.85,3.97,1.85,2026-04-15,1509,70,167.09
10.18323,-8.60808,327.18,3.97,1.85,2026-04-15,1509,76,129.52
10.63207,-3.49646,336.57,1.54,1.22,2026-04-15,1509,82,41.12
11.01919,2.23634,335.21,1.07,1.03,2026-04-15,1509,71,13.8
11.35217,0.76118,345.3,1.0,1.0,2026-04-15,1509,88,30.69
11.66774,0.45284,350.72,1.0,1.0,2026-04-15,1509,93,47.19
11.67647,0.45149,353.05,1.0,1.0,2026-04-15,1509,95,51.35
12.32947,0.94156,336.0,1.01,1.0,2026-04-15,1509,75,14.77
12.58335,-9.1276,331.3,3.9,1.84,2026-04-15,1509,78,109.66
42.54375,-4.77245,329.42,1.13,1.06,2026-04-15,1518,84,27.31
37.9296,-79.85197,321.73,3.92,1.84,2026-04-15,1526,76,119.58
37.9375,-79.84431,324.81,3.92,1.84,2026-04-15,1526,82,152.15
38.17111,-96.99011,315.03,1.49,1.21,2026-04-15,1526,70,13.67
38.77924,-96.4554,316.38,1.42,1.18,2026-04-15,1526,73,16.41
34.96065,-89.71963,317.95,1.18,1.08,2026-04-15,1529,77,15.76
17.83627,-93.12026,332.91,1.39,1.17,2026-04-15,1531,86,43.13
17.84385,-93.11311,328.21,1.39,1.17,2026-04-15,1531,82,32.62
18.00195,-91.64931,319.85,1.75,1.3,2026-04-15,1531,75,24.81
18.56068,-99.25812,331.87,1.17,1.07,2026-04-15,1531,82,26.89
19.32793,-100.85574,331.87,1.49,1.2,2026-04-15,1531,85,37.12
19.32966,-100.87042,332.57,1.49,1.21,2026-04-15,1531,85,38.32
19.95121,-101.01818,320.57,1.56,1.23,2026-04-15,1531,72,29.16
19.99979,-102.6644,323.27,2.07,1.4,2026-04-15,1531,75,24.76
20.17249,-102.23779,320.6,1.93,1.36,2026-04-15,1531,71,20.84
20.17869,-102.23116,321.92,1.93,1.36,2026-04-15,1531,71,23.09
20.86418,-88.77151,328.63,2.53,1.53,2026-04-15,1531,82,81.27
20.87258,-88.76311,323.39,2.53,1.53,2026-04-15,1531,78,55.7
21.23351,-87.85307,331.6,2.91,1.63,2026-04-15,1531,84,107.4
21.23674,-87.84577,329.58,2.91,1.63,2026-04-15,1531,82,93.09
21.56917,-98.40691,350.51,1.14,1.06,2026-04-15,1531,95,66.32
21.57052,-98.41759,373.25,1.14,1.06,2026-04-15,1531,100,144.04
21.57851,-98.40559,337.23,1.14,1.06,2026-04-15,1531,88,37.02
21.6613,-98.40896,325.58,1.14,1.06,2026-04-15,1531,79,17.08
21.67065,-98.40763,334.52,1.14,1.06,2026-04-15,1531,86,31.1
21.672,-98.41835,322.07,1.14,1.06,2026-04-15,1531,75,12.61
21.68409,-98.43849,334.97,1.14,1.07,2026-04-15,1531,87,32.05
21.72881,-97.9975,339.33,1.1,1.04,2026-04-15,1531,89,40.79
22.95278,-98.87579,330.19,1.24,1.11,2026-04-15,1531,83,31.51
13.38409,-88.1011,322.05,4.08,1.87,2026-04-15,1533,71,74.43
13.38753,-88.06927,325.36,4.11,1.88,2026-04-15,1533,78,105.57
13.39393,-88.10551,326.53,4.08,1.87,2026-04-15,1533,80,112.99
13.4003,-88.09779,322.31,4.08,1.87,2026-04-15,1533,74,75.55
13.98924,-90.6766,324.5,2.49,1.52,2026-04-15,1533,77,46.72
13.99314,-90.69859,325.59,2.48,1.52,2026-04-15,1533,78,51.86
13.9934,-90.6825,328.08,2.49,1.52,2026-04-15,1533,80,63.71
14.01734,-90.60295,321.1,2.52,1.53,2026-04-15,1533,72,34.83
14.06296,-90.5488,322.73,2.54,1.53,2026-04-15,1533,71,38.59
14.07157,-90.54218,331.06,2.54,1.53,2026-04-15,1533,83,76.31
14.07638,-90.54688,324.95,2.54,1.53,2026-04-15,1533,77,47.75
14.1752,-89.32568,318.27,3.16,1.68,2026-04-15,1533,73,60.05
16.52579,-93.92897,325.26,1.29,1.13,2026-04-15,1533,78,19.96
16.52763,-93.94054,335.74,1.29,1.13,2026-04-15,1533,87,38.71
16.53355,-94.81403,323.54,1.16,1.07,2026-04-15,1533,75,13.89
16.64869,-92.769,320.19,1.54,1.22,2026-04-15,1533,77,21.45
16.65087,-92.78242,316.79,1.54,1.22,2026-04-15,1533,73,15.88
16.6951,-93.31972,319.19,1.41,1.17,2026-04-15,1533,76,16.04
16.6976,-95.27396,325.32,1.1,1.04,2026-04-15,1533,79,17.28
16.86889,-98.70847,325.82,1.07,1.03,2026-04-15,1533,78,16.36
17.20816,-99.17854,324.0,1.12,1.05,2026-04-15,1533,79,18.82
18.23174,-99.64071,324.4,1.21,1.09,2026-04-15,1533,72,13.19
18.57755,72.23863,310.45,3.57,1.77,2026-04-15,1633,71,43.97
23.26976,54.25286,337.54,2.56,1.54,2026-04-15,1635,100,156.35
23.27418,54.27666,314.97,2.55,1.54,2026-04-15,1635,90,52.44
23.27818,54.24583,326.73,2.56,1.54,2026-04-15,1635,100,99.16
23.28275,54.26963,325.46,2.55,1.54,2026-04-15,1635,100,92.84
23.52283,53.27396,311.95,2.99,1.64,2026-04-15,1635,84,61.6
23.53453,53.27775,309.76,2.99,1.64,2026-04-15,1635,78,52.91
23.53987,53.30541,308.65,2.97,1.64,2026-04-15,1635,75,48.21
23.54519,53.33296,314.36,2.96,1.64,2026-04-15,1635,82,65.03
23.54801,53.32568,320.08,2.96,1.64,2026-04-15,1635,100,93.11
23.83821,53.63364,309.5,2.76,1.59,2026-04-15,1635,78,42.55
25.15685,52.85637,312.7,2.94,1.63,2026-04-15,1635,80,56.48
25.16239,52.88392,318.84,2.93,1.63,2026-04-15,1635,97,79.93
25.1764,52.88041,323.82,2.93,1.63,2026-04-15,1635,100,103.17
30.71571,49.82628,309.09,3.53,1.77,2026-04-15,1637,76,56.83
30.71949,49.83057,309.13,3.53,1.77,2026-04-15,1637,76,57.66
31.13475,49.32138,314.19,3.73,1.81,2026-04-15,1637,89,100.05
53.45645,59.03545,321.77,1.45,1.19,2026-04-15,1641,100,42.78
57.94237,60.04773,316.73,1.82,1.32,2026-04-15,1643,94,48.91
37.94289,-103.78081,324.78,4.34,1.92,2026-04-15,1705,83,129.45
33.60046,-116.06543,324.6,1.06,1.03,2026-04-15,1707,75,13.53
-21.13872,46.7393,317.4,1.0,1.0,2026-04-15,1800,95,16.69
5.98197,43.22489,318.36,1.14,1.06,2026-04-15,1806,96,15.08
5.9833,43.2349,311.29,1.14,1.06,2026-04-15,1806,78,8.0
5.99131,43.22361,313.56,1.14,1.06,2026-04-15,1806,85,10.76
5.99264,43.23362,309.4,1.14,1.06,2026-04-15,1806,72,7.0
7.59102,33.81768,309.32,2.48,1.52,2026-04-15,1809,77,29.96
8.84715,32.50342,330.05,3.0,1.65,2026-04-15,1809,100,137.15
8.84992,32.49754,325.99,3.0,1.65,2026-04-15,1809,100,112.5
8.85419,32.52351,316.84,2.99,1.64,2026-04-15,1809,94,66.87
8.96618,30.14855,308.45,4.61,1.97,2026-04-15,1809,71,70.03
8.97282,30.18807,312.39,4.57,1.96,2026-04-15,1809,83,92.63
8.97583,30.18261,311.1,4.57,1.96,2026-04-15,1809,78,81.62
9.14077,31.38897,310.78,3.64,1.79,2026-04-15,1809,79,57.21
10.26611,34.92785,311.05,1.81,1.32,2026-04-15,1809,82,19.77
10.66877,35.28889,308.47,1.67,1.27,2026-04-15,1809,75,11.46
10.67983,35.28704,308.96,1.67,1.27,2026-04-15,1809,76,11.99
11.27781,32.15853,311.91,2.87,1.62,2026-04-15,1809,82,41.6
11.29186,32.15607,308.64,2.87,1.62,2026-04-15,1809,72,32.0
11.58575,36.30352,307.25,1.36,1.16,2026-04-15,1809,71,7.57
11.60448,34.05859,315.81,2.0,1.38,2026-04-15,1809,91,31.21
12.513,33.96913,316.2,1.95,1.36,2026-04-15,1809,92,30.7
12.51578,33.98635,316.25,1.95,1.36,2026-04-15,1809,92,30.08
13.45411,35.10013,310.12,1.54,1.22,2026-04-15,1809,73,10.66
21.62729,39.30324,311.04,1.07,1.03,2026-04-15,1811,79,6.9
25.2608,48.10584,310.16,4.71,1.99,2026-04-15,1811,79,112.06
25.26204,48.10077,308.83,4.71,1.99,2026-04-15,1811,76,103.84
29.85712,30.86584,311.0,1.51,1.21,2026-04-15,1813,81,18.32
35.67959,43.86275,308.23,3.05,1.66,2026-04-15,1815,74,60.21
-24.6368,-42.26383,321.16,1.07,1.03,2026-04-15,1817,74,17.76
-21.64969,-44.07916,315.0,1.19,1.09,2026-04-15,1819,72,13.76
-20.99979,-43.33503,319.91,1.09,1.04,2026-04-15,1819,78,18.35
-20.27746,-43.30175,323.02,1.07,1.03,2026-04-15,1819,80,20.4
-19.6001,-40.08139,328.41,1.08,1.04,2026-04-15,1819,84,25.63
-17.67068,-46.73143,325.71,1.54,1.22,2026-04-15,1819,81,36.13
-17.66804,-46.73737,323.5,1.54,1.22,2026-04-15,1819,79,30.65
-17.50001,-45.00772,330.04,1.2,1.09,2026-04-15,1819,80,30.79
-15.28688,-43.67117,331.3,1.02,1.01,2026-04-15,1819,85,26.56
-14.30178,-41.50676,316.7,1.06,1.03,2026-04-15,1819,70,10.97
-14.05285,-41.87636,321.48,1.04,1.02,2026-04-15,1819,76,11.67
-13.25684,-42.72304,330.85,1.01,1.0,2026-04-15,1819,85,26.55
-12.84321,-45.95592,335.21,1.19,1.08,2026-04-15,1819,86,37.62
-12.24559,-44.21296,327.8,1.01,1.01,2026-04-15,1819,82,22.93
-12.04844,-45.34452,324.16,1.09,1.04,2026-04-15,1819,78,16.05
-11.90006,-45.27301,325.38,1.08,1.04,2026-04-15,1819,79,17.9
45.26001,31.66946,313.44,1.0,1.0,2026-04-15,1819,82,15.13
-11.8246,-45.52941,333.37,1.11,1.05,2026-04-15,1821,86,29.99
-11.71349,-44.7407,341.0,1.04,1.02,2026-04-15,1821,74,43.98
-11.33313,-45.37352,323.35,1.08,1.04,2026-04-15,1821,78,15.47
-10.73388,-46.82722,323.2,1.26,1.11,2026-04-15,1821,73,19.36
-10.40435,-44.94291,318.77,1.03,1.01,2026-04-15,1821,73,12.16
-10.40303,-44.93379,364.68,1.03,1.01,2026-04-15,1821,100,98.83
-9.65554,-47.23856,359.16,1.29,1.13,2026-04-15,1821,99,114.16
-9.48949,-47.51654,329.99,1.34,1.15,2026-04-15,1821,83,34.68
-9.14499,-47.98601,326.28,1.42,1.18,2026-04-15,1821,81,31.4
-9.02956,-46.10693,332.14,1.1,1.05,2026-04-15,1821,84,27.99
-8.9382,-45.65991,325.54,1.06,1.03,2026-04-15,1821,79,15.73
-8.93053,-45.67057,346.15,1.06,1.03,2026-04-15,1821,93,48.11
-8.92919,-45.66125,345.09,1.06,1.03,2026-04-15,1821,93,46.96
-8.53288,-44.328,322.24,1.0,1.0,2026-04-15,1821,71,12.9
-8.15855,-46.65516,319.9,1.15,1.07,2026-04-15,1821,76,14.95
-6.89526,-44.94115,313.21,1.0,1.0,2026-04-15,1821,70,8.12
-6.57963,-51.10444,314.72,2.25,1.45,2026-04-15,1821,73,28.13
13.23954,123.6935,332.52,1.02,1.01,2026-04-15,1908,100,32.79
13.24952,123.68661,325.27,1.02,1.01,2026-04-15,1908,100,23.85
13.25825,123.68814,357.84,1.02,1.01,2026-04-15,1908,100,82.83
-8.27431,123.51021,314.47,1.42,1.18,2026-04-15,1915,89,21.09
-17.72986,123.93759,310.77,2.12,1.42,2026-04-15,1917,81,36.26
-18.73537,123.72593,307.2,2.12,1.41,2026-04-15,1919,71,26.7
-7.84827,12.11042,310.89,2.6,1.55,2026-04-15,1942,73,27.68
-6.85845,12.39071,314.48,2.38,1.49,2026-04-15,1942,85,35.96
-4.85717,12.00164,309.3,2.38,1.49,2026-04-15,1945,77,28.01
-4.85669,12.01756,326.57,2.37,1.49,2026-04-15,1945,100,81.63
-4.85449,12.02266,313.73,2.37,1.49,2026-04-15,1945,88,39.26
1.30576,18.36525,308.7,1.03,1.01,2026-04-15,1945,75,7.12
10.89921,21.15125,315.33,2.0,1.38,2026-04-15,1947,90,32.0
10.90362,21.14487,312.06,2.0,1.38,2026-04-15,1947,83,24.37
13.29776,13.97049,335.26,1.02,1.01,2026-04-15,1949,100,35.33
-39.286,-65.72195,340.07,1.36,1.15,2026-04-15,1951,91,66.59
-38.28665,-72.11226,331.79,3.23,1.7,2026-04-15,1951,87,169.45
-38.217,-72.20056,318.02,3.26,1.71,2026-04-15,1951,77,82.06
-38.21683,-72.23083,321.92,3.28,1.71,2026-04-15,1951,76,96.63
-37.72456,-72.69781,316.68,3.47,1.75,2026-04-15,1951,76,89.87
-37.71986,-72.69005,322.36,3.47,1.75,2026-04-15,1951,81,122.55
-37.21608,-71.96622,318.89,3.08,1.67,2026-04-15,1951,78,69.89
-36.79913,-71.99649,322.49,3.06,1.66,2026-04-15,1951,81,90.67
-36.79877,-72.00386,318.91,3.06,1.66,2026-04-15,1951,79,72.51
-36.65699,-71.88688,324.52,3.0,1.65,2026-04-15,1951,83,97.74
-36.59825,-71.8936,311.12,3.0,1.65,2026-04-15,1951,71,37.34
-36.56226,-72.284,323.74,3.18,1.69,2026-04-15,1951,83,100.86
-36.56194,-72.2532,330.9,3.16,1.68,2026-04-15,1951,75,135.09
-36.56007,-72.24875,344.07,3.16,1.68,2026-04-15,1951,93,254.86
-36.54718,-72.28521,313.62,3.18,1.69,2026-04-15,1951,71,48.38
-36.5469,-72.25455,323.94,3.16,1.68,2026-04-15,1951,77,94.94
26.75529,12.41063,312.16,1.01,1.0,2026-04-15,1951,84,13.81
-33.49597,-68.8465,314.0,1.73,1.29,2026-04-15,1953,71,23.57
-14.55407,-68.38154,315.14,1.02,1.01,2026-04-15,2000,75,10.04
-13.77468,-64.59726,320.06,1.28,1.12,2026-04-15,2000,76,18.4
-13.71818,-64.63733,382.41,1.28,1.12,2026-04-15,2000,94,222.81
-13.70037,-64.65212,326.5,1.28,1.12,2026-04-15,2000,82,25.29
-13.6978,-66.5834,333.84,1.04,1.02,2026-04-15,2000,88,30.18
-12.4081,-66.43195,318.84,1.08,1.04,2026-04-15,2000,74,10.78
-12.40662,-66.42233,320.31,1.08,1.04,2026-04-15,2000,76,12.52
-12.26575,-66.71061,324.01,1.06,1.03,2026-04-15,2000,80,18.5
-11.4521,-66.34889,321.69,1.11,1.05,2026-04-15,2000,78,14.57
1.70365,-74.08611,314.21,1.25,1.11,2026-04-15,2004,72,9.82
3.58436,-72.23609,334.71,1.01,1.01,2026-04-15,2004,88,27.54
3.59656,-72.23537,319.26,1.01,1.01,2026-04-15,2004,75,9.73
3.59984,-73.01345,315.33,1.06,1.03,2026-04-15,2004,71,10.07
3.61763,-72.89416,342.1,1.05,1.02,2026-04-15,2004,92,43.9
3.91348,-72.95728,316.02,1.05,1.02,2026-04-15,2004,73,9.62
5.1401,-70.58397,321.57,1.05,1.02,2026-04-15,2004,75,12.04
5.64233,-69.91642,317.81,1.13,1.06,2026-04-15,2004,71,11.92
6.69233,-67.9408,328.45,1.55,1.23,2026-04-15,2004,75,20.82
6.7652,-67.91515,327.41,1.57,1.23,2026-04-15,2004,78,16.92
7.37323,-67.08186,326.0,1.86,1.33,2026-04-15,2004,72,29.28
7.61825,-67.32309,338.66,1.79,1.31,2026-04-15,2004,88,69.17
7.6187,-67.31416,340.26,1.8,1.31,2026-04-15,2004,89,77.21
7.62045,-67.3074,327.98,1.8,1.31,2026-04-15,2004,79,32.82
7.81066,-66.14559,348.2,2.24,1.45,2026-04-15,2004,94,152.19
7.99998,-77.13362,315.75,1.63,1.26,2026-04-15,2004,70,18.66
8.26309,-75.12297,326.92,1.19,1.08,2026-04-15,2004,82,22.04
8.2647,-75.1126,323.09,1.18,1.08,2026-04-15,2004,74,16.46
8.27253,-75.12448,359.8,1.19,1.08,2026-04-15,2004,99,99.31
8.27414,-75.11412,344.07,1.18,1.08,2026-04-15,2004,81,53.4
8.59227,-78.2552,330.75,1.94,1.36,2026-04-15,2004,84,59.68
8.6602,-75.07278,317.88,1.17,1.07,2026-04-15,2004,70,10.21
8.78494,-78.15507,318.13,1.89,1.34,2026-04-15,2004,71,22.39
9.04539,-67.28947,346.12,1.9,1.35,2026-04-15,2004,92,100.27
9.05719,-67.29097,373.79,1.9,1.35,2026-04-15,2004,94,292.67
9.18468,-67.21255,329.89,1.94,1.36,2026-04-15,2004,78,34.51
9.18701,-67.19553,331.45,1.95,1.36,2026-04-15,2004,80,40.71
9.19219,-67.20156,333.75,1.95,1.36,2026-04-15,2004,83,50.39
9.28426,-74.07626,322.92,1.05,1.02,2026-04-15,2004,75,11.43
9.44374,-67.05358,341.5,2.02,1.38,2026-04-15,2004,91,93.44
9.59203,-66.82246,328.98,2.12,1.41,2026-04-15,2004,82,50.75
9.91843,-73.36458,327.22,1.0,1.0,2026-04-15,2004,78,15.08
10.19626,-74.22271,326.91,1.04,1.02,2026-04-15,2004,78,19.82
10.31125,-75.35065,323.4,1.15,1.07,2026-04-15,2004,74,16.61
10.31194,-74.31916,366.83,1.05,1.02,2026-04-15,2004,100,105.42
10.54953,-74.15302,322.45,1.03,1.01,2026-04-15,2004,73,11.6
10.55042,-75.35602,327.87,1.15,1.07,2026-04-15,2004,80,20.46
10.55199,-75.34589,327.98,1.14,1.07,2026-04-15,2004,80,20.43
10.75196,-72.909,321.05,1.0,1.0,2026-04-15,2004,72,6.76
10.84497,-75.01023,322.96,1.1,1.04,2026-04-15,2004,74,14.76
20.4528,-76.08995,317.38,1.01,1.01,2026-04-15,2008,72,9.38
22.3746,-83.88115,320.73,2.76,1.59,2026-04-15,2008,73,56.94
22.38229,-83.87549,327.69,2.76,1.59,2026-04-15,2008,80,89.43
22.6148,-80.78049,320.07,1.62,1.25,2026-04-15,2008,72,21.15
22.77302,-81.56088,320.88,1.82,1.32,2026-04-15,2008,73,22.93
26.72896,-77.37997,325.95,1.01,1.0,2026-04-15,2010,79,17.57
26.80815,-80.56916,329.68,1.31,1.14,2026-04-15,2010,82,28.74
26.80977,-81.19955,322.11,1.43,1.18,2026-04-15,2010,75,19.82
26.81033,-80.55649,323.27,1.31,1.14,2026-04-15,2010,75,18.78
27.25424,-81.73114,346.18,1.52,1.22,2026-04-15,2010,93,84.7
27.25891,-81.73874,326.09,1.52,1.22,2026-04-15,2010,78,29.0
27.26164,-81.72408,326.23,1.52,1.22,2026-04-15,2010,78,29.18
27.53639,-81.0135,342.06,1.36,1.15,2026-04-15,2010,91,61.08
27.53871,-81.00036,386.97,1.35,1.15,2026-04-15,2010,100,274.38
27.54102,-80.98725,361.84,1.35,1.15,2026-04-15,2010,100,130.07
27.56631,-81.0203,325.03,1.36,1.15,2026-04-15,2010,77,24.33
27.84632,-80.89974,326.23,1.32,1.14,2026-04-15,2010,78,26.3
27.84856,-80.88693,322.35,1.32,1.14,2026-04-15,2010,74,19.58
27.85617,-80.90199,336.13,1.32,1.14,2026-04-15,2010,87,45.49
27.8584,-80.88917,328.61,1.32,1.14,2026-04-15,2010,81,29.84
30.70863,-83.77292,325.06,1.76,1.3,2026-04-15,2012,78,34.87
31.55619,-84.33019,320.28,1.83,1.32,2026-04-15,2012,73,29.55
32.08915,-84.00466,319.57,1.69,1.28,2026-04-15,2012,72,23.62
32.19166,-85.66096,317.47,2.17,1.43,2026-04-15,2012,72,31.39
32.19305,-85.66602,316.98,2.17,1.43,2026-04-15,2012,71,30.08
32.42677,-82.32481,321.15,1.32,1.14,2026-04-15,2012,73,15.83
32.42919,-82.31133,320.97,1.32,1.14,2026-04-15,2012,73,15.54
33.54415,-80.00965,339.31,1.03,1.02,2026-04-15,2012,89,36.37
33.54585,-79.99894,324.27,1.03,1.02,2026-04-15,2012,76,15.39
33.55296,-80.01167,357.56,1.03,1.02,2026-04-15,2012,98,74.88
33.55466,-80.00096,332.42,1.03,1.02,2026-04-15,2012,84,24.64
33.68016,-80.37841,327.31,1.05,1.02,2026-04-15,2012,79,18.31
35.16288,-84.37029,327.39,1.53,1.22,2026-04-15,2012,82,38.04
35.1671,-84.37812,325.57,1.53,1.22,2026-04-15,2012,81,34.69
35.17026,-84.38965,317.84,1.54,1.22,2026-04-15,2012,72,21.45
35.17329,-84.37366,318.52,1.53,1.22,2026-04-15,2012,73,22.33
36.00469,-83.19216,318.04,1.27,1.12,2026-04-15,2012,72,14.16
36.14507,-83.15209,323.93,1.26,1.11,2026-04-15,2012,79,21.39
37.30758,-81.74535,317.65,1.07,1.03,2026-04-15,2012,72,10.52
37.91615,-79.86645,341.08,1.0,1.0,2026-04-15,2014,91,37.75
37.91775,-79.85552,375.04,1.0,1.0,2026-04-15,2014,100,126.54
37.92802,-79.84662,342.17,1.0,1.0,2026-04-15,2014,92,38.77
37.93124,-79.8246,338.25,1.0,1.0,2026-04-15,2014,83,31.52
37.93284,-79.81361,347.51,1.0,1.0,2026-04-15,2014,94,49.81
37.9383,-79.83768,356.28,1.0,1.0,2026-04-15,2014,98,68.27
39.62598,-77.96176,315.79,1.11,1.05,2026-04-15,2014,72,9.93
45.31607,-95.21636,330.35,3.47,1.75,2026-04-15,2014,86,154.11
46.18351,-94.45585,326.97,2.96,1.64,2026-04-15,2017,84,104.03
47.13239,-96.40353,312.46,3.47,1.75,2026-04-15,2017,73,56.8
47.13549,-96.40215,313.22,3.47,1.75,2026-04-15,2017,73,59.96
26.57415,101.66363,309.04,1.04,1.02,2026-04-15,2044,76,9.92
14.25313,99.17944,316.47,1.02,1.01,2026-04-15,2046,93,11.97
14.33728,99.17062,307.57,1.02,1.01,2026-04-15,2046,70,6.06
14.65837,99.31896,311.07,1.02,1.01,2026-04-15,2046,81,8.06
14.66383,98.44873,308.07,1.08,1.04,2026-04-15,2046,73,8.09
14.71713,98.404,312.39,1.08,1.04,2026-04-15,2046,85,11.1
14.71848,98.39455,323.15,1.08,1.04,2026-04-15,2046,100,22.22
14.72619,98.40527,312.28,1.08,1.04,2026-04-15,2046,84,10.8
14.72753,98.39594,348.07,1.08,1.04,2026-04-15,2046,100,64.14
14.72891,98.38627,327.64,1.08,1.04,2026-04-15,2046,100,28.72
14.78201,99.10963,307.58,1.03,1.01,2026-04-15,2046,72,6.52
14.78336,99.10036,308.64,1.03,1.01,2026-04-15,2046,70,6.98
14.86762,99.21404,308.26,1.02,1.01,2026-04-15,2046,74,7.64
14.93227,102.23463,308.38,1.12,1.05,2026-04-15,2046,73,8.79
15.41243,99.46559,310.21,1.02,1.01,2026-04-15,2046,79,7.49
15.44691,99.41478,313.1,1.02,1.01,2026-04-15,2046,86,8.97
15.48965,99.38943,314.25,1.02,1.01,2026-04-15,2046,89,9.75
15.49979,99.3817,315.97,1.02,1.01,2026-04-15,2046,92,11.03
15.50862,99.38293,319.67,1.02,1.01,2026-04-15,2046,99,13.98
15.5161,99.39339,312.83,1.02,1.01,2026-04-15,2046,86,8.05
15.76234,99.2831,318.68,1.03,1.01,2026-04-15,2046,97,14.44
15.8521,101.44943,310.75,1.03,1.01,2026-04-15,2046,79,8.26
15.86333,99.22065,309.08,1.04,1.02,2026-04-15,2046,76,6.57
15.87381,99.22784,316.69,1.04,1.02,2026-04-15,2046,94,11.89
15.89194,101.48438,310.68,1.03,1.02,2026-04-15,2046,79,8.43
15.89339,101.47496,309.07,1.03,1.02,2026-04-15,2046,74,7.17
15.90097,101.50119,313.37,1.03,1.02,2026-04-15,2046,86,10.01
15.90184,99.22195,312.83,1.04,1.02,2026-04-15,2046,71,8.67
15.90983,101.50246,311.07,1.03,1.02,2026-04-15,2046,80,8.6
16.08894,99.20614,311.02,1.04,1.02,2026-04-15,2046,81,9.19
16.09237,99.24503,309.07,1.04,1.02,2026-04-15,2046,76,7.49
16.13606,100.92687,311.24,1.01,1.0,2026-04-15,2046,81,7.97
16.13744,100.91788,312.7,1.01,1.0,2026-04-15,2046,85,9.12
16.18184,101.65293,314.24,1.04,1.02,2026-04-15,2046,84,10.51
16.18929,101.66338,343.31,1.04,1.02,2026-04-15,2046,100,47.65
16.18948,102.36868,315.17,1.1,1.05,2026-04-15,2046,90,11.49
16.1982,101.66446,348.71,1.04,1.02,2026-04-15,2046,100,58.2
16.28983,101.84911,315.82,1.05,1.02,2026-04-15,2046,86,13.11
16.32694,99.21564,309.94,1.04,1.02,2026-04-15,2046,79,7.56
16.44296,99.18812,316.14,1.05,1.02,2026-04-15,2046,93,12.74
16.55796,99.404,312.1,1.04,1.02,2026-04-15,2046,84,10.27
16.57231,101.35259,319.06,1.02,1.01,2026-04-15,2046,98,14.32
16.63828,101.39124,308.72,1.02,1.01,2026-04-15,2046,74,6.71
16.8802,98.90651,309.0,1.08,1.04,2026-04-15,2046,76,7.95
16.97895,98.13522,313.26,1.17,1.08,2026-04-15,2046,87,15.63
17.10731,101.41479,307.55,1.02,1.01,2026-04-15,2046,71,7.54
17.14211,101.43633,309.25,1.02,1.01,2026-04-15,2046,76,6.82
17.16822,98.88985,315.69,1.09,1.04,2026-04-15,2046,92,13.95
17.1976,99.45928,311.6,1.04,1.02,2026-04-15,2046,83,7.91
17.27867,98.96205,309.33,1.08,1.04,2026-04-15,2046,71,7.28
17.28765,98.9638,313.09,1.08,1.04,2026-04-15,2046,86,10.23
17.29392,101.2886,331.05,1.01,1.0,2026-04-15,2046,100,29.83
17.46283,100.60653,311.36,1.0,1.0,2026-04-15,2046,81,8.41
17.47124,102.05135,308.37,1.05,1.02,2026-04-15,2046,74,6.96
17.49189,101.39648,322.84,1.01,1.01,2026-04-15,2046,100,19.38
17.49283,99.45634,309.21,1.05,1.02,2026-04-15,2046,77,7.56
17.50061,101.39803,316.65,1.01,1.01,2026-04-15,2046,94,12.86
17.59788,100.76141,311.37,1.0,1.0,2026-04-15,2046,82,8.62
17.61756,101.04331,308.78,1.0,1.0,2026-04-15,2046,76,7.71
17.64673,99.87256,312.73,1.02,1.01,2026-04-15,2046,86,10.99
17.65554,99.87392,315.68,1.02,1.01,2026-04-15,2046,92,13.5
17.6676,101.15047,311.9,1.0,1.0,2026-04-15,2046,83,9.56
17.669,101.14135,309.07,1.0,1.0,2026-04-15,2046,76,7.62
17.84947,99.42027,322.98,1.05,1.03,2026-04-15,2046,100,19.02
17.86246,102.05067,314.95,1.04,1.02,2026-04-15,2046,88,11.36
17.8683,102.07126,324.25,1.04,1.02,2026-04-15,2046,100,19.57
17.88144,100.52142,311.99,1.0,1.0,2026-04-15,2046,84,9.03
17.92538,100.73012,314.86,1.0,1.0,2026-04-15,2046,90,10.94
17.93327,102.12807,314.41,1.04,1.02,2026-04-15,2046,89,9.21
17.93409,100.73154,318.07,1.0,1.0,2026-04-15,2046,96,13.52
17.93544,100.72247,318.53,1.0,1.0,2026-04-15,2046,97,13.93
17.94215,102.12951,322.24,1.04,1.02,2026-04-15,2046,100,16.78
17.94537,100.53738,307.53,1.0,1.0,2026-04-15,2046,72,6.48
17.94674,100.52824,312.1,1.0,1.0,2026-04-15,2046,84,9.66
17.94907,102.31664,318.09,1.06,1.03,2026-04-15,2046,96,14.57
17.95255,102.12138,321.8,1.04,1.02,2026-04-15,2046,100,16.03
17.95405,102.11191,320.26,1.04,1.02,2026-04-15,2046,100,14.01
17.95422,101.9958,394.78,1.03,1.02,2026-04-15,2046,100,232.37
17.95556,102.10231,331.3,1.04,1.02,2026-04-15,2046,100,27.93
17.95567,101.98657,328.77,1.03,1.02,2026-04-15,2046,100,26.9
17.95707,102.0928,321.91,1.04,1.02,2026-04-15,2046,100,17.12
17.96308,101.99714,340.26,1.03,1.02,2026-04-15,2046,100,43.3
17.96796,100.76225,312.73,1.0,1.0,2026-04-15,2046,86,9.36
17.96933,100.7532,321.27,1.0,1.0,2026-04-15,2046,100,16.82
17.98072,102.00028,331.15,1.03,1.02,2026-04-15,2046,100,28.36
17.98368,102.03914,315.6,1.04,1.02,2026-04-15,2046,91,10.63
17.98517,102.02966,327.99,1.04,1.02,2026-04-15,2046,100,23.49
17.98668,102.02005,315.82,1.04,1.02,2026-04-15,2046,92,10.67
17.98803,102.06937,310.86,1.04,1.02,2026-04-15,2046,78,6.56
17.98812,102.01089,322.03,1.03,1.02,2026-04-15,2046,100,17.15
17.98954,102.05968,319.82,1.04,1.02,2026-04-15,2046,99,14.43
17.99106,102.05001,328.1,1.04,1.02,2026-04-15,2046,100,23.48
17.99254,102.04051,325.28,1.04,1.02,2026-04-15,2046,100,19.98
17.994,102.03127,317.12,1.04,1.02,2026-04-15,2046,88,11.13
17.99409,99.57226,310.22,1.05,1.02,2026-04-15,2046,79,7.76
17.99547,102.02189,333.33,1.04,1.02,2026-04-15,2046,100,30.92
17.99693,102.01257,318.31,1.03,1.02,2026-04-15,2046,97,13.29
17.99838,102.06127,334.39,1.04,1.02,2026-04-15,2046,100,32.63
17.99987,102.05169,322.13,1.04,1.02,2026-04-15,2046,100,16.29
18.00427,102.02362,318.67,1.04,1.02,2026-04-15,2046,97,13.94
18.00574,102.01425,313.45,1.03,1.02,2026-04-15,2046,84,9.65
18.01608,102.06419,315.05,1.04,1.02,2026-04-15,2046,90,9.59
18.01703,100.29626,313.39,1.01,1.0,2026-04-15,2046,87,10.02
18.01758,102.05457,319.01,1.04,1.02,2026-04-15,2046,98,13.4
18.02494,102.06566,313.13,1.04,1.02,2026-04-15,2046,86,8.08
18.02643,102.05602,325.92,1.04,1.02,2026-04-15,2046,100,21.51
18.04712,102.05539,315.48,1.04,1.02,2026-04-15,2046,91,10.04
18.04925,102.38864,309.35,1.06,1.03,2026-04-15,2046,77,7.59
18.05147,102.02779,310.41,1.03,1.02,2026-04-15,2046,80,7.3
18.08209,101.5222,310.09,1.01,1.0,2026-04-15,2046,79,7.67
18.09084,101.52362,310.46,1.01,1.0,2026-04-15,2046,72,7.25
18.09109,101.2888,315.7,1.0,1.0,2026-04-15,2046,92,11.88
18.0925,101.57117,311.62,1.01,1.01,2026-04-15,2046,72,8.83
18.09521,99.76652,309.98,1.03,1.02,2026-04-15,2046,70,7.99
18.09534,101.55265,317.28,1.01,1.01,2026-04-15,2046,95,12.68
18.09654,99.75736,311.54,1.03,1.02,2026-04-15,2046,83,8.84
18.10267,101.56333,315.53,1.01,1.01,2026-04-15,2046,90,11.29
18.10833,101.52647,308.2,1.01,1.0,2026-04-15,2046,74,6.18
18.10973,101.51738,308.64,1.01,1.0,2026-04-15,2046,75,6.89
18.11852,100.73635,311.62,1.0,1.0,2026-04-15,2046,75,7.97
18.13014,100.2984,307.42,1.01,1.0,2026-04-15,2046,71,5.86
18.16441,104.34594,310.6,1.32,1.14,2026-04-15,2046,80,10.46
18.18494,100.84702,315.79,1.0,1.0,2026-04-15,2046,88,11.26
18.21405,101.51887,308.59,1.01,1.0,2026-04-15,2046,75,7.26
18.22787,103.06924,313.92,1.12,1.06,2026-04-15,2046,78,12.11
18.22953,103.05882,319.62,1.12,1.06,2026-04-15,2046,99,17.79
18.25074,101.8818,313.49,1.02,1.01,2026-04-15,2046,87,11.1
18.25393,101.66728,307.32,1.01,1.01,2026-04-15,2046,71,7.55
18.26278,102.96494,314.72,1.11,1.05,2026-04-15,2046,85,10.37
18.2709,102.85828,309.96,1.1,1.05,2026-04-15,2046,72,7.35
18.28432,102.94785,311.4,1.11,1.05,2026-04-15,2046,80,7.77
18.28656,102.87644,312.4,1.1,1.05,2026-04-15,2046,79,9.27
18.28849,102.9799,312.1,1.11,1.05,2026-04-15,2046,84,9.46
18.29175,102.95978,310.06,1.11,1.05,2026-04-15,2046,79,7.06
18.29338,102.94968,343.86,1.11,1.05,2026-04-15,2046,100,54.58
18.295,102.93972,338.42,1.11,1.05,2026-04-15,2046,100,43.83
18.35706,102.25394,307.31,1.04,1.02,2026-04-15,2046,71,7.05
18.37395,104.50758,308.36,1.34,1.15,2026-04-15,2046,74,11.28
18.40722,102.70079,307.9,1.08,1.04,2026-04-15,2046,73,5.93
18.40953,103.09284,312.31,1.12,1.05,2026-04-15,2046,78,10.37
18.44442,103.10419,314.25,1.12,1.05,2026-04-15,2046,89,11.34
18.4461,103.09393,317.32,1.12,1.05,2026-04-15,2046,95,14.09
18.44941,103.07359,309.96,1.12,1.05,2026-04-15,2046,79,7.93
18.45107,103.06343,308.26,1.12,1.05,2026-04-15,2046,74,6.84
18.45148,102.8299,313.35,1.09,1.04,2026-04-15,2046,87,10.83
18.4596,103.2435,317.38,1.14,1.06,2026-04-15,2046,95,14.57
18.4603,103.18076,328.34,1.13,1.06,2026-04-15,2046,100,27.88
18.47337,102.98397,317.61,1.11,1.05,2026-04-15,2046,90,14.55
18.48212,103.16264,319.2,1.13,1.06,2026-04-15,2046,98,16.72
18.48251,102.98537,309.4,1.11,1.05,2026-04-15,2046,77,7.84
18.48737,104.32471,308.71,1.3,1.13,2026-04-15,2046,71,10.22
18.49527,101.84916,312.27,1.02,1.01,2026-04-15,2046,84,9.36
18.49669,101.84007,311.28,1.02,1.01,2026-04-15,2046,78,8.93
18.50548,101.84137,307.75,1.02,1.01,2026-04-15,2046,72,6.94
18.52163,103.03353,313.67,1.11,1.05,2026-04-15,2046,88,11.94
18.52841,103.15482,308.13,1.12,1.06,2026-04-15,2046,74,7.69
18.54452,101.83541,315.79,1.02,1.01,2026-04-15,2046,92,12.44
18.54711,103.84317,319.86,1.22,1.1,2026-04-15,2046,99,21.78
18.55351,103.92365,310.61,1.23,1.1,2026-04-15,2046,80,10.82
18.55358,102.9427,320.6,1.1,1.05,2026-04-15,2046,100,19.65
18.55468,101.82791,310.91,1.02,1.01,2026-04-15,2046,76,9.13
18.55643,103.21495,327.27,1.13,1.06,2026-04-15,2046,100,28.32
18.55814,103.20439,325.23,1.13,1.06,2026-04-15,2046,100,25.94
18.55934,102.0875,310.74,1.03,1.01,2026-04-15,2046,81,9.67
18.56081,102.07811,329.89,1.03,1.01,2026-04-15,2046,100,29.2
18.56578,103.21555,312.82,1.13,1.06,2026-04-15,2046,86,12.19
18.56978,104.08362,309.04,1.25,1.11,2026-04-15,2046,72,9.98
18.57121,102.834,351.38,1.09,1.04,2026-04-15,2046,100,73.36
18.58282,103.27643,311.02,1.14,1.06,2026-04-15,2046,81,10.88
18.58836,103.91396,313.56,1.22,1.1,2026-04-15,2046,87,14.05
18.59272,103.33166,312.91,1.14,1.07,2026-04-15,2046,81,11.9
18.5943,103.32204,310.77,1.14,1.06,2026-04-15,2046,80,10.63
18.60182,103.33419,317.59,1.14,1.07,2026-04-15,2046,95,16.96
18.60834,101.36465,320.24,1.0,1.0,2026-04-15,2046,100,16.19
18.60977,101.35538,311.89,1.0,1.0,2026-04-15,2046,84,9.2
18.61038,101.87489,310.88,1.02,1.01,2026-04-15,2046,79,8.49
18.61237,104.12646,307.13,1.26,1.11,2026-04-15,2046,70,8.61
18.61348,103.0355,315.89,1.11,1.05,2026-04-15,2046,92,14.68
18.61423,101.38448,311.15,1.0,1.0,2026-04-15,2046,82,9.08
18.62718,102.19184,307.54,1.04,1.02,2026-04-15,2046,72,7.46
18.63402,104.37594,311.34,1.3,1.13,2026-04-15,2046,76,12.94
18.65023,101.61626,322.8,1.01,1.0,2026-04-15,2046,100,19.79
18.65798,101.9367,311.4,1.02,1.01,2026-04-15,2046,82,8.57
18.67018,102.21552,311.25,1.04,1.02,2026-04-15,2046,82,9.9
18.67237,102.49006,314.55,1.06,1.03,2026-04-15,2046,89,10.69
18.67243,101.41284,313.46,1.0,1.0,2026-04-15,2046,87,10.02
18.67425,103.57188,317.96,1.17,1.08,2026-04-15,2046,96,18.46
18.67453,101.28191,308.91,1.0,1.0,2026-04-15,2046,76,7.66
18.67874,99.82515,308.34,1.04,1.02,2026-04-15,2046,74,7.45
18.67994,103.92441,311.82,1.22,1.1,2026-04-15,2046,83,12.13
18.68114,101.41431,323.09,1.0,1.0,2026-04-15,2046,100,19.29
18.68135,102.4911,311.27,1.06,1.03,2026-04-15,2046,82,8.28
18.68254,101.40508,308.56,1.0,1.0,2026-04-15,2046,70,6.77
18.68324,101.28331,316.37,1.0,1.0,2026-04-15,2046,93,12.79
18.68354,101.65599,314.8,1.01,1.0,2026-04-15,2046,83,12.13
18.68434,101.94103,309.76,1.02,1.01,2026-04-15,2046,75,7.07
18.68463,101.27414,312.86,1.0,1.0,2026-04-15,2046,86,9.86
18.68749,103.93801,308.78,1.22,1.1,2026-04-15,2046,75,9.37
18.68796,102.16038,309.01,1.03,1.02,2026-04-15,2046,76,8.25
18.68938,103.92667,326.04,1.22,1.1,2026-04-15,2046,100,30.45
18.69166,101.95203,314.15,1.02,1.01,2026-04-15,2046,89,10.46
18.69227,101.65752,316.13,1.01,1.0,2026-04-15,2046,93,13.58
18.69274,101.42199,312.25,1.0,1.0,2026-04-15,2046,83,9.01
18.69333,102.47317,335.34,1.05,1.03,2026-04-15,2046,100,36.37
18.70024,103.41297,330.85,1.15,1.07,2026-04-15,2046,100,34.81
18.70203,103.40195,324.85,1.15,1.07,2026-04-15,2046,100,26.07
18.70224,102.47467,323.04,1.05,1.03,2026-04-15,2046,100,19.32
18.70581,103.55538,316.14,1.17,1.08,2026-04-15,2046,93,14.83
18.70939,103.5332,310.68,1.17,1.07,2026-04-15,2046,72,9.54
18.71343,102.47261,325.81,1.05,1.03,2026-04-15,2046,100,23.81
18.71353,103.56699,325.57,1.17,1.08,2026-04-15,2046,100,27.51
18.71475,103.49997,315.76,1.16,1.07,2026-04-15,2046,92,15.35
18.71908,103.57392,330.95,1.17,1.08,2026-04-15,2046,100,35.46
18.7205,103.52378,312.35,1.16,1.07,2026-04-15,2046,85,11.72
18.7209,103.563,318.17,1.17,1.08,2026-04-15,2046,91,17.39
18.72183,101.94446,345.64,1.02,1.01,2026-04-15,2046,100,53.25
18.73282,100.46015,315.06,1.01,1.0,2026-04-15,2046,90,12.43
18.75518,103.82468,310.24,1.21,1.09,2026-04-15,2046,79,11.3
18.75695,103.81386,316.92,1.2,1.09,2026-04-15,2046,94,18.33
18.76355,101.67605,321.29,1.01,1.0,2026-04-15,2046,100,18.96
18.76675,101.77136,307.14,1.01,1.01,2026-04-15,2046,70,6.76
18.77803,101.64031,313.96,1.01,1.0,2026-04-15,2046,88,10.81
18.78675,101.64188,320.54,1.01,1.0,2026-04-15,2046,100,16.63
18.81024,102.20626,308.33,1.03,1.02,2026-04-15,2046,71,7.15
18.81173,102.19674,307.09,1.03,1.02,2026-04-15,2046,70,6.55
18.81405,103.28661,322.94,1.13,1.06,2026-04-15,2046,100,24.17
18.81764,103.88713,313.14,1.21,1.09,2026-04-15,2046,86,13.77
18.81909,102.20759,314.02,1.03,1.02,2026-04-15,2046,88,11.07
18.81948,103.87592,327.25,1.21,1.09,2026-04-15,2046,100,31.62
18.82321,103.28851,313.8,1.13,1.06,2026-04-15,2046,88,14.11
18.82478,103.27882,310.94,1.13,1.06,2026-04-15,2046,81,11.45
18.82611,101.81564,313.41,1.01,1.01,2026-04-15,2046,87,9.78
18.82903,103.87724,310.51,1.21,1.09,2026-04-15,2046,80,10.7
18.86654,104.09567,314.82,1.24,1.11,2026-04-15,2046,90,17.63
18.86935,101.33581,308.32,1.0,1.0,2026-04-15,2046,74,6.98
18.87671,103.85812,307.04,1.21,1.09,2026-04-15,2046,70,7.98
18.90973,102.51917,307.63,1.05,1.03,2026-04-15,2046,72,6.6
18.91126,102.50955,321.25,1.05,1.02,2026-04-15,2046,100,18.88
18.91539,102.59872,324.48,1.06,1.03,2026-04-15,2046,100,22.69
18.91968,99.30065,310.84,1.09,1.04,2026-04-15,2046,81,10.01
18.92025,102.51059,309.78,1.05,1.02,2026-04-15,2046,78,8.4
18.9244,102.59969,309.2,1.06,1.03,2026-04-15,2046,77,8.22
18.92926,100.5202,310.66,1.01,1.0,2026-04-15,2046,81,9.01
18.93151,101.30488,314.92,1.0,1.0,2026-04-15,2046,90,11.78
18.93275,100.43558,309.5,1.01,1.01,2026-04-15,2046,78,7.73
18.95287,102.53563,312.96,1.05,1.03,2026-04-15,2046,86,11.52
19.00206,101.93346,318.53,1.02,1.01,2026-04-15,2046,97,16.21
19.01226,101.9257,325.78,1.02,1.01,2026-04-15,2046,100,23.69
19.02203,100.52236,310.44,1.01,1.0,2026-04-15,2046,80,8.85
19.02271,103.70959,313.34,1.18,1.08,2026-04-15,2046,79,12.81
19.02282,100.45602,309.01,1.01,1.01,2026-04-15,2046,76,7.88
19.02399,102.49535,308.09,1.05,1.02,2026-04-15,2046,73,7.31
19.02549,102.48584,311.98,1.05,1.02,2026-04-15,2046,84,10.35
19.03386,103.58344,307.81,1.16,1.07,2026-04-15,2046,73,8.5
19.03917,102.98392,311.16,1.09,1.04,2026-04-15,2046,82,12.01
19.05259,101.72341,313.2,1.01,1.0,2026-04-15,2046,87,10.48
19.06025,101.84796,323.37,1.01,1.01,2026-04-15,2046,100,18.99
19.06343,101.94366,316.3,1.02,1.01,2026-04-15,2046,93,14.14
19.07691,100.95148,309.19,1.0,1.0,2026-04-15,2046,77,7.22
19.09061,101.84093,331.6,1.01,1.01,2026-04-15,2046,100,29.05
19.0947,100.51498,308.67,1.01,1.0,2026-04-15,2046,75,7.84
19.0961,100.50557,309.6,1.01,1.0,2026-04-15,2046,78,8.55
19.09698,100.43923,309.82,1.01,1.01,2026-04-15,2046,71,7.48
19.09936,101.84241,332.14,1.01,1.01,2026-04-15,2046,100,30.07
19.10667,101.85316,324.62,1.01,1.01,2026-04-15,2046,100,20.49
19.10707,102.08189,312.28,1.02,1.01,2026-04-15,2046,84,11.26
19.10808,101.84404,326.95,1.01,1.01,2026-04-15,2046,100,23.3
19.1374,101.28579,323.96,1.0,1.0,2026-04-15,2046,100,20.65
19.13878,101.27661,321.44,1.0,1.0,2026-04-15,2046,100,18.31
19.1461,101.28725,310.95,1.0,1.0,2026-04-15,2046,81,8.74
19.14748,101.27808,312.7,1.0,1.0,2026-04-15,2046,85,10.24
19.18477,101.40358,307.33,1.0,1.0,2026-04-15,2046,71,6.11
19.23495,102.74765,307.99,1.07,1.03,2026-04-15,2046,73,8.92
19.23827,102.89919,308.52,1.08,1.04,2026-04-15,2046,75,9.32
19.25751,100.5439,314.41,1.01,1.0,2026-04-15,2046,89,11.5
19.25889,100.53458,315.2,1.01,1.0,2026-04-15,2046,89,12.2
19.30445,101.94637,310.98,1.02,1.01,2026-04-15,2046,81,8.83
19.43319,101.04411,313.64,1.0,1.0,2026-04-15,2046,88,11.16
19.43457,101.03493,316.8,1.0,1.0,2026-04-15,2046,94,13.58
19.43945,100.76285,309.91,1.01,1.0,2026-04-15,2046,79,7.82
19.45245,100.91549,308.5,1.0,1.0,2026-04-15,2046,75,7.17
19.49814,99.64791,307.77,1.07,1.03,2026-04-15,2046,72,7.36
19.50073,99.70351,315.72,1.06,1.03,2026-04-15,2046,92,13.92
19.50206,99.6941,313.74,1.06,1.03,2026-04-15,2046,88,11.53
19.59828,99.13719,313.9,1.12,1.05,2026-04-15,2046,88,13.35
19.59972,99.12675,318.37,1.12,1.05,2026-04-15,2046,97,17.84
19.62721,101.65884,309.15,1.0,1.0,2026-04-15,2046,77,7.39
19.71491,99.55865,318.21,1.08,1.04,2026-04-15,2046,96,17.73
19.72254,99.56998,311.99,1.08,1.04,2026-04-15,2046,76,11.3
19.72392,99.56018,310.87,1.08,1.04,2026-04-15,2046,77,10.17
19.76102,103.50306,307.03,1.13,1.06,2026-04-15,2046,70,9.19
19.9472,99.6779,318.59,1.07,1.03,2026-04-15,2046,97,18.17
19.95624,99.67906,324.67,1.07,1.03,2026-04-15,2046,100,24.89
19.98479,99.67018,316.52,1.07,1.03,2026-04-15,2046,93,15.28
20.06199,102.84994,308.52,1.06,1.03,2026-04-15,2046,75,8.1
20.09795,99.45941,317.88,1.1,1.04,2026-04-15,2046,96,16.58
20.11038,103.01487,309.1,1.07,1.03,2026-04-15,2046,76,9.27
20.15514,102.49203,312.93,1.03,1.02,2026-04-15,2046,86,11.2
20.20051,102.02747,314.05,1.01,1.0,2026-04-15,2046,88,11.54
20.29866,100.76763,310.32,1.01,1.01,2026-04-15,2046,80,8.74
20.30001,100.75845,307.74,1.01,1.01,2026-04-15,2046,72,7.0
20.33356,102.59437,308.63,1.04,1.02,2026-04-15,2046,75,7.4
20.33509,102.58453,311.34,1.04,1.02,2026-04-15,2046,82,9.38
20.37327,102.64602,317.89,1.04,1.02,2026-04-15,2046,96,15.52
20.38177,99.60452,316.66,1.09,1.04,2026-04-15,2046,94,16.33
20.39714,102.55239,310.3,1.03,1.02,2026-04-15,2046,80,8.54
20.45704,101.8552,311.86,1.0,1.0,2026-04-15,2046,84,10.47
20.49124,100.7159,313.92,1.01,1.01,2026-04-15,2046,88,12.37
20.53579,102.54465,309.12,1.03,1.01,2026-04-15,2046,76,9.05
20.54934,100.68689,316.75,1.02,1.01,2026-04-15,2046,94,15.87
20.63468,102.69085,328.66,1.04,1.02,2026-04-15,2046,100,27.05
20.68987,102.09396,308.14,1.01,1.0,2026-04-15,2046,73,6.66
20.6913,102.08466,313.7,1.01,1.0,2026-04-15,2046,88,10.67
20.69715,102.10491,310.38,1.01,1.0,2026-04-15,2046,74,8.17
20.70856,100.49342,317.89,1.03,1.01,2026-04-15,2046,96,16.48
20.7115,100.34761,312.84,1.04,1.02,2026-04-15,2046,86,11.7
20.71283,100.33834,307.48,1.04,1.02,2026-04-15,2046,72,7.7
20.72049,102.14398,307.98,1.01,1.0,2026-04-15,2046,73,7.31
20.77862,103.47033,306.87,1.1,1.04,2026-04-15,2046,70,8.27
20.78059,103.16824,307.73,1.07,1.03,2026-04-15,2046,72,8.67
20.78218,103.15833,308.87,1.07,1.03,2026-04-15,2046,76,9.64
20.87185,103.00901,306.89,1.05,1.03,2026-04-15,2046,70,7.85
20.89398,103.04247,313.33,1.06,1.03,2026-04-15,2046,87,12.57
11.35968,98.85426,315.88,1.01,1.0,2026-04-15,2049,92,13.2
11.36102,98.84534,312.62,1.01,1.0,2026-04-15,2049,85,10.39
13.15991,99.50523,319.85,1.0,1.0,2026-04-15,2049,99,16.07
13.16125,99.49635,319.77,1.0,1.0,2026-04-15,2049,99,16.17
13.16862,99.50664,310.83,1.0,1.0,2026-04-15,2049,81,8.28
13.71342,99.19862,309.94,1.01,1.01,2026-04-15,2049,78,7.79
13.71473,99.18979,314.23,1.01,1.01,2026-04-15,2049,89,11.22
10.76882,-12.89978,312.26,1.38,1.16,2026-04-15,2127,84,14.27
11.11943,-10.79777,308.36,1.06,1.03,2026-04-15,2127,73,5.16
11.3528,-13.31543,317.31,1.44,1.19,2026-04-15,2127,95,20.01
11.35464,-13.30313,338.37,1.44,1.19,2026-04-15,2127,100,64.06
11.795,-10.06603,311.95,1.01,1.0,2026-04-15,2127,82,6.54
11.79625,-10.05707,311.04,1.01,1.0,2026-04-15,2127,80,5.8
12.00659,-12.50647,309.88,1.25,1.11,2026-04-15,2127,76,8.48
12.23956,-13.41574,313.77,1.42,1.18,2026-04-15,2127,86,15.02
12.43319,-9.92902,333.56,1.0,1.0,2026-04-15,2127,100,28.84
12.44071,-9.93927,315.67,1.0,1.0,2026-04-15,2127,90,8.71
12.44195,-9.93034,347.38,1.0,1.0,2026-04-15,2127,100,52.27
12.58768,-9.13091,312.26,1.01,1.0,2026-04-15,2127,80,7.02
12.5889,-9.12192,314.41,1.01,1.0,2026-04-15,2127,86,8.61
12.5977,-9.1232,311.88,1.01,1.0,2026-04-15,2127,79,6.59
12.59892,-9.11421,311.39,1.01,1.0,2026-04-15,2127,76,6.25
12.62606,-8.29864,316.81,1.05,1.02,2026-04-15,2127,92,12.29
12.71767,-9.46378,312.42,1.0,1.0,2026-04-15,2127,82,7.93
12.74729,-10.44994,308.8,1.02,1.01,2026-04-15,2127,71,4.47
12.75113,-10.42266,313.48,1.01,1.01,2026-04-15,2127,85,7.87
12.93118,-11.04017,318.38,1.05,1.02,2026-04-15,2127,96,11.99
12.93251,-11.03089,314.38,1.05,1.02,2026-04-15,2127,84,8.43
12.94014,-11.04144,323.78,1.05,1.02,2026-04-15,2127,100,17.53
12.94124,-13.86925,310.08,1.49,1.2,2026-04-15,2127,72,10.44
12.94146,-11.0322,317.23,1.05,1.02,2026-04-15,2127,93,10.71
12.94633,-13.8763,313.3,1.49,1.2,2026-04-15,2127,83,15.04
12.94777,-11.05195,313.03,1.05,1.02,2026-04-15,2127,80,7.0
13.4212,-11.74014,310.85,1.1,1.05,2026-04-15,2127,73,8.1
13.51816,-13.17401,312.72,1.31,1.13,2026-04-15,2127,81,12.06
13.6771,-10.33651,313.94,1.01,1.0,2026-04-15,2127,83,7.88
13.67836,-10.32752,332.87,1.01,1.0,2026-04-15,2127,100,28.37
13.81011,-4.6233,313.6,1.81,1.32,2026-04-15,2127,87,28.54
13.81207,-4.60701,346.96,1.82,1.32,2026-04-15,2127,100,133.55
13.82044,-4.61481,342.0,1.82,1.32,2026-04-15,2127,100,111.18
13.82228,-4.59846,341.59,1.82,1.32,2026-04-15,2127,100,109.62
13.82367,-4.60845,363.84,1.82,1.32,2026-04-15,2127,100,232.08
13.82564,-4.59212,311.73,1.82,1.32,2026-04-15,2127,83,23.68
13.83203,-4.61627,328.86,1.82,1.32,2026-04-15,2127,100,65.74
13.8339,-4.59992,350.9,1.82,1.32,2026-04-15,2127,100,154.53
13.83527,-4.60989,340.33,1.82,1.32,2026-04-15,2127,100,104.3
13.83726,-4.59356,323.7,1.82,1.32,2026-04-15,2127,100,49.85
13.88595,-8.52363,315.62,1.06,1.03,2026-04-15,2127,90,10.95
14.28736,-8.48512,311.19,1.07,1.03,2026-04-15,2127,78,8.48
14.63388,-10.09061,326.77,1.0,1.0,2026-04-15,2127,100,22.23
14.63512,-10.08161,318.54,1.0,1.0,2026-04-15,2127,96,13.9
14.64518,-10.13822,311.81,1.0,1.0,2026-04-15,2127,79,7.82
15.72377,-5.869,308.81,1.56,1.23,2026-04-15,2127,75,13.1
14.0728,-90.53837,335.38,2.96,1.64,2026-04-15,2144,86,128.06
14.07698,-90.54617,333.28,2.96,1.64,2026-04-15,2144,85,111.22
16.52526,-98.51426,343.6,1.01,1.0,2026-04-15,2144,91,40.44
16.52658,-98.50514,371.08,1.01,1.0,2026-04-15,2144,100,112.03
16.53534,-98.50652,342.84,1.01,1.0,2026-04-15,2144,91,39.76
16.59991,-98.57925,331.05,1.01,1.0,2026-04-15,2144,79,17.68
16.60123,-98.57014,340.65,1.01,1.0,2026-04-15,2144,90,31.57
16.60255,-98.56099,340.07,1.01,1.0,2026-04-15,2144,89,31.3
16.61346,-98.60939,334.67,1.01,1.0,2026-04-15,2144,85,21.9
16.62352,-98.60168,331.55,1.01,1.0,2026-04-15,2144,83,16.39
16.62484,-98.59257,333.79,1.01,1.0,2026-04-15,2144,85,18.23
16.62616,-98.58346,328.17,1.01,1.0,2026-04-15,2144,71,11.54
16.62659,-98.90514,333.47,1.0,1.0,2026-04-15,2144,84,20.65
16.62792,-98.89608,340.96,1.0,1.0,2026-04-15,2144,89,32.47
16.63227,-98.60308,337.88,1.01,1.0,2026-04-15,2144,88,25.26
16.63359,-98.59397,340.69,1.01,1.0,2026-04-15,2144,90,29.33
16.63664,-98.89748,339.91,1.0,1.0,2026-04-15,2144,89,30.34
16.63796,-98.88842,338.38,1.0,1.0,2026-04-15,2144,88,28.0
16.63928,-98.87936,332.18,1.0,1.0,2026-04-15,2144,83,19.52
16.64511,-98.59216,344.63,1.01,1.0,2026-04-15,2144,70,38.9
16.64537,-98.89887,334.98,1.0,1.0,2026-04-15,2144,85,22.41
16.64642,-98.58304,383.0,1.01,1.0,2026-04-15,2144,71,154.38
16.64669,-98.88981,349.15,1.0,1.0,2026-04-15,2144,94,47.72
16.64801,-98.88074,344.35,1.0,1.0,2026-04-15,2144,92,39.08
16.65517,-98.58441,384.38,1.01,1.0,2026-04-15,2144,100,161.17
16.65649,-98.57527,415.83,1.01,1.0,2026-04-15,2144,100,353.45
16.65674,-98.88214,332.47,1.0,1.0,2026-04-15,2144,83,20.73
16.6578,-98.56616,336.26,1.01,1.0,2026-04-15,2144,87,26.43
16.65953,-98.67827,323.29,1.0,1.0,2026-04-15,2144,74,8.59
16.68266,-99.09679,336.09,1.0,1.0,2026-04-15,2144,86,24.62
16.68399,-99.08775,324.72,1.0,1.0,2026-04-15,2144,73,9.32
16.70332,-99.01673,323.93,1.0,1.0,2026-04-15,2144,73,10.0
16.73307,-99.17905,324.72,1.0,1.0,2026-04-15,2144,73,10.76
16.73897,-99.07806,330.3,1.0,1.0,2026-04-15,2144,80,14.93
16.73898,-98.77196,336.82,1.0,1.0,2026-04-15,2144,87,26.94
16.74323,-98.86562,322.03,1.0,1.0,2026-04-15,2144,70,9.11
16.74771,-98.77333,325.22,1.0,1.0,2026-04-15,2144,76,11.33
16.759,-99.26309,352.0,1.0,1.0,2026-04-15,2144,96,52.23
16.76772,-99.2645,360.19,1.0,1.0,2026-04-15,2144,100,71.37
16.76906,-99.25544,335.43,1.0,1.0,2026-04-15,2144,85,20.61
16.77243,-99.29308,327.21,1.0,1.0,2026-04-15,2144,75,10.71
16.77377,-99.28403,339.15,1.0,1.0,2026-04-15,2144,88,26.85
16.77524,-98.76842,323.68,1.0,1.0,2026-04-15,2144,71,9.53
16.77644,-99.26591,359.85,1.0,1.0,2026-04-15,2144,99,69.86
16.77656,-98.75933,336.04,1.0,1.0,2026-04-15,2144,86,25.23
16.77778,-99.25686,337.25,1.0,1.0,2026-04-15,2144,87,23.18
16.78661,-98.75163,336.82,1.0,1.0,2026-04-15,2144,87,26.5
16.78891,-99.62782,331.1,1.01,1.0,2026-04-15,2144,82,19.05
16.79027,-99.61872,327.5,1.01,1.0,2026-04-15,2144,78,14.83
16.79725,-99.30633,331.25,1.0,1.0,2026-04-15,2144,82,17.4
16.80597,-99.30776,329.37,1.0,1.0,2026-04-15,2144,80,14.47
16.80732,-99.29873,351.8,1.0,1.0,2026-04-15,2144,96,51.82
16.80865,-99.28967,358.58,1.0,1.0,2026-04-15,2144,99,68.08
16.80999,-99.28059,332.14,1.0,1.0,2026-04-15,2144,83,17.02
16.82008,-99.29801,327.98,1.0,1.0,2026-04-15,2144,79,13.83
16.8563,-99.29457,326.39,1.0,1.0,2026-04-15,2144,77,11.97
16.8747,-98.71565,346.59,1.01,1.0,2026-04-15,2144,93,45.57
17.00716,-98.56623,320.23,1.01,1.0,2026-04-15,2144,70,14.02
17.16972,-96.80297,327.47,1.16,1.07,2026-04-15,2144,73,19.09
17.03463,-100.01477,329.73,1.02,1.01,2026-04-15,2146,82,17.98
17.06976,-100.02068,343.21,1.02,1.01,2026-04-15,2146,91,38.94
17.07001,-99.71954,322.64,1.01,1.0,2026-04-15,2146,71,10.61
17.09694,-100.33723,319.61,1.03,1.02,2026-04-15,2146,70,7.95
17.13989,-99.63506,325.47,1.0,1.0,2026-04-15,2146,79,12.75
17.14127,-99.62591,323.64,1.0,1.0,2026-04-15,2146,77,10.07
17.15105,-100.52606,342.69,1.05,1.02,2026-04-15,2146,91,42.83
17.15676,-99.19411,323.79,1.0,1.0,2026-04-15,2146,71,10.56
17.20182,-100.07349,321.65,1.02,1.01,2026-04-15,2146,72,11.55
17.20324,-100.06411,326.21,1.02,1.01,2026-04-15,2146,80,17.33
17.21581,-99.18243,363.11,1.0,1.0,2026-04-15,2146,100,85.0
17.21714,-99.17336,354.71,1.0,1.0,2026-04-15,2146,97,62.38
17.21847,-99.16428,336.65,1.0,1.0,2026-04-15,2146,88,29.18
17.2198,-99.15522,332.81,1.0,1.0,2026-04-15,2146,86,23.99
17.7552,-99.52984,338.74,1.0,1.0,2026-04-15,2146,88,29.77
17.75654,-99.52069,333.79,1.0,1.0,2026-04-15,2146,82,23.71
17.7639,-99.53129,340.46,1.0,1.0,2026-04-15,2146,89,32.03
17.76524,-99.52216,335.21,1.0,1.0,2026-04-15,2146,84,25.34
17.8259,-101.25273,347.28,1.09,1.04,2026-04-15,2146,93,55.69
17.82744,-101.24297,334.39,1.09,1.04,2026-04-15,2146,85,30.23
17.83498,-101.25423,322.46,1.09,1.04,2026-04-15,2146,71,15.19
18.012,-99.98964,327.6,1.01,1.0,2026-04-15,2146,74,14.79
18.06507,-100.72128,332.04,1.04,1.02,2026-04-15,2146,81,18.8
18.06707,-99.29131,331.0,1.0,1.0,2026-04-15,2146,76,18.16
18.07241,-100.73302,333.0,1.05,1.02,2026-04-15,2146,82,19.87
18.0739,-100.72321,349.52,1.04,1.02,2026-04-15,2146,94,49.92
18.25985,-101.37621,335.91,1.1,1.04,2026-04-15,2146,77,34.38
18.27834,-100.59647,336.13,1.03,1.02,2026-04-15,2146,84,19.83
18.27977,-100.58704,328.33,1.03,1.02,2026-04-15,2146,76,8.44
18.57205,-98.81234,329.83,1.01,1.01,2026-04-15,2146,74,13.21
18.57939,-98.54978,345.16,1.03,1.01,2026-04-15,2146,91,39.76
18.58073,-98.5404,339.99,1.03,1.01,2026-04-15,2146,87,30.3
18.59884,-99.06203,355.77,1.01,1.0,2026-04-15,2146,97,60.32
18.60017,-99.05283,338.21,1.01,1.0,2026-04-15,2146,85,24.79
18.6687,-98.12406,361.96,1.06,1.03,2026-04-15,2146,100,80.8
18.8051,-103.12933,324.59,1.33,1.14,2026-04-15,2146,71,18.32
18.81427,-102.82732,348.64,1.28,1.12,2026-04-15,2146,94,70.06
18.82395,-102.82947,328.59,1.28,1.12,2026-04-15,2146,76,22.54
18.82564,-100.64893,332.57,1.03,1.01,2026-04-15,2146,81,14.95
19.01993,-100.58805,328.04,1.02,1.01,2026-04-15,2146,75,10.08
19.02134,-100.57869,327.88,1.02,1.01,2026-04-15,2146,75,10.08
19.12043,-102.90513,342.47,1.28,1.12,2026-04-15,2146,90,45.29
19.12133,-102.91082,335.34,1.28,1.12,2026-04-15,2146,85,29.13
19.12328,-102.89926,333.47,1.28,1.12,2026-04-15,2146,84,25.76
19.32805,-100.87831,330.3,1.04,1.02,2026-04-15,2146,81,16.1
19.32951,-100.86875,342.47,1.03,1.02,2026-04-15,2146,90,35.6
19.33098,-100.85907,332.62,1.03,1.02,2026-04-15,2146,83,19.34
19.33822,-102.84376,324.62,1.26,1.11,2026-04-15,2146,71,10.46
19.38735,-104.31321,319.42,1.56,1.23,2026-04-15,2146,70,19.69
19.44345,-102.89178,325.38,1.26,1.12,2026-04-15,2146,77,17.11
19.94035,-100.9968,336.22,1.03,1.02,2026-04-15,2146,88,33.37
20.12589,-105.12675,328.25,1.73,1.29,2026-04-15,2146,70,39.47
20.42091,-102.64687,327.27,1.19,1.08,2026-04-15,2146,74,14.44
20.53677,-103.13156,329.21,1.25,1.11,2026-04-15,2146,77,17.23
20.53867,-103.12009,349.74,1.25,1.11,2026-04-15,2146,94,64.4
20.61524,-104.43978,372.8,1.51,1.21,2026-04-15,2146,100,209.76
20.6175,-104.42664,415.23,1.51,1.21,2026-04-15,2146,100,632.43
20.62271,-104.43459,350.51,1.51,1.21,2026-04-15,2146,95,94.06
20.62513,-104.42102,335.16,1.51,1.21,2026-04-15,2146,84,43.88
20.72517,-103.72942,350.6,1.35,1.15,2026-04-15,2146,95,73.62
20.73519,-103.73109,354.57,1.35,1.15,2026-04-15,2146,97,86.07
20.83538,-102.20182,328.48,1.12,1.05,2026-04-15,2146,70,16.94
20.90817,-103.80656,353.02,1.36,1.15,2026-04-15,2146,96,83.04
20.91811,-103.8089,334.03,1.36,1.15,2026-04-15,2146,82,29.16
20.91959,-103.80261,327.98,1.36,1.15,2026-04-15,2146,75,18.79
21.07655,-104.02859,328.78,1.39,1.17,2026-04-15,2146,76,26.23
21.1526,-104.42817,327.6,1.48,1.2,2026-04-15,2146,71,28.5
21.28015,-104.95364,346.18,1.6,1.24,2026-04-15,2146,92,92.42
21.28304,-104.96142,338.09,1.6,1.24,2026-04-15,2146,87,63.82
21.2857,-104.94668,347.28,1.59,1.24,2026-04-15,2146,93,95.14
21.56003,-103.97622,356.17,1.36,1.15,2026-04-15,2146,98,104.08
21.56219,-103.96371,339.87,1.36,1.15,2026-04-15,2146,88,52.31
21.56766,-103.99184,337.54,1.36,1.16,2026-04-15,2146,86,44.11
21.56991,-103.97878,443.25,1.36,1.15,2026-04-15,2146,100,968.15
21.57208,-103.96612,386.74,1.36,1.15,2026-04-15,2146,100,270.95
21.57758,-103.99426,336.44,1.36,1.16,2026-04-15,2146,85,40.82
21.57975,-103.98154,354.62,1.36,1.15,2026-04-15,2146,97,97.04
21.88334,-105.09683,327.15,1.59,1.24,2026-04-15,2146,74,23.99
24.27402,-99.55927,324.42,1.04,1.02,2026-04-15,2146,80,18.54
24.23292,-106.87091,323.22,1.9,1.35,2026-04-15,2148,75,24.7
27.34667,-108.9297,339.19,2.28,1.46,2026-04-15,2148,89,95.39
27.35114,-108.90779,349.71,2.27,1.46,2026-04-15,2148,95,159.67
27.35921,-108.93291,333.84,2.28,1.46,2026-04-15,2148,85,69.37
27.36364,-108.91109,347.55,2.27,1.46,2026-04-15,2148,94,145.47
30.69886,-100.94708,326.56,1.06,1.03,2026-04-15,2148,79,18.61
37.06814,-98.98019,325.13,1.56,1.23,2026-04-15,2153,75,26.78
37.0789,-98.9819,327.14,1.56,1.23,2026-04-15,2153,78,31.34
37.49523,-99.06364,328.95,1.56,1.23,2026-04-15,2153,81,38.53
37.50424,-99.0826,343.31,1.56,1.23,2026-04-15,2153,91,78.88
37.50599,-99.06547,362.56,1.56,1.23,2026-04-15,2153,100,164.76
37.9454,-96.8268,326.43,2.19,1.43,2026-04-15,2153,75,56.17
37.94568,-96.83187,342.21,2.19,1.43,2026-04-15,2153,86,126.82
38.11725,-96.79257,331.4,2.21,1.44,2026-04-15,2153,84,80.74
38.11744,-96.78752,335.83,2.21,1.44,2026-04-15,2153,87,100.14
38.50814,-96.58842,327.42,2.3,1.47,2026-04-15,2153,81,64.9
41.52981,-99.41832,336.22,1.69,1.28,2026-04-15,2153,82,71.83
41.53086,-99.41288,325.67,1.69,1.28,2026-04-15,2153,73,40.45
46.55715,81.57061,313.44,1.11,1.05,2026-04-15,2216,82,19.23
46.56068,81.54261,310.88,1.11,1.05,2026-04-15,2216,73,17.07
-35.89663,147.57393,314.88,1.43,1.18,2026-04-15,2222,75,27.23
28.34029,81.54743,310.22,1.18,1.08,2026-04-15,2222,79,10.29
20.30709,78.35005,307.55,1.06,1.03,2026-04-15,2225,71,6.41
20.30866,78.34032,307.83,1.06,1.03,2026-04-15,2225,72,6.8
20.84927,74.30881,308.98,1.18,1.08,2026-04-15,2225,76,10.93
21.74141,83.84396,308.84,2.21,1.44,2026-04-15,2225,76,20.4
21.74193,83.85123,310.05,2.21,1.44,2026-04-15,2225,79,22.21
22.05731,79.1715,307.44,1.1,1.05,2026-04-15,2225,71,9.93
22.08618,79.16629,313.74,1.1,1.04,2026-04-15,2225,88,14.63
22.11596,79.32568,309.97,1.11,1.05,2026-04-15,2225,79,11.87
22.12733,77.90688,308.86,1.01,1.01,2026-04-15,2225,76,7.56
22.17802,79.45154,308.37,1.12,1.06,2026-04-15,2225,74,10.84
22.19975,77.86714,310.28,1.01,1.0,2026-04-15,2225,80,7.09
22.41651,79.86731,306.96,1.17,1.08,2026-04-15,2225,70,9.98
22.41833,79.85642,309.78,1.17,1.08,2026-04-15,2225,78,12.41
22.97566,77.52225,311.05,1.0,1.0,2026-04-15,2225,82,7.94
23.1897,77.33067,307.53,1.0,1.0,2026-04-15,2225,72,6.27
23.36528,78.05799,323.09,1.01,1.0,2026-04-15,2225,100,21.04
23.55641,75.95227,307.5,1.06,1.03,2026-04-15,2225,72,8.28
23.56245,77.68809,314.51,1.0,1.0,2026-04-15,2225,89,12.91
23.57115,77.68961,339.67,1.0,1.0,2026-04-15,2225,100,42.8
23.57258,77.68018,324.36,1.0,1.0,2026-04-15,2225,100,21.9
23.8555,77.70935,310.04,1.0,1.0,2026-04-15,2225,79,8.43
23.85847,77.7487,308.48,1.0,1.0,2026-04-15,2225,75,7.29
23.85861,77.86527,307.71,1.0,1.0,2026-04-15,2225,72,7.01
23.8599,77.73924,324.33,1.0,1.0,2026-04-15,2225,100,20.91
23.86005,77.8558,306.88,1.0,1.0,2026-04-15,2225,70,6.4
23.86133,77.72979,316.74,1.0,1.0,2026-04-15,2225,94,12.89
23.86277,77.72033,317.14,1.0,1.0,2026-04-15,2225,94,13.57
23.86286,77.77859,307.29,1.0,1.0,2026-04-15,2225,71,7.01
23.8642,77.71088,343.53,1.0,1.0,2026-04-15,2225,100,48.42
23.8686,77.74078,343.13,1.0,1.0,2026-04-15,2225,100,47.35
23.87003,77.73132,343.13,1.0,1.0,2026-04-15,2225,100,47.22
23.87156,77.78014,316.0,1.0,1.0,2026-04-15,2225,92,12.99
23.87299,77.77068,311.81,1.0,1.0,2026-04-15,2225,70,9.2
23.88608,77.80212,346.32,1.0,1.0,2026-04-15,2225,100,54.05
23.90912,77.70909,310.5,1.0,1.0,2026-04-15,2225,80,9.43
23.97843,77.18642,312.7,1.01,1.0,2026-04-15,2225,85,11.56
23.97985,77.1769,308.88,1.01,1.0,2026-04-15,2225,76,8.72
24.01616,77.55025,328.93,1.0,1.0,2026-04-15,2225,100,26.61
24.02306,77.44457,306.9,1.0,1.0,2026-04-15,2225,70,6.18
24.03176,77.44609,318.57,1.0,1.0,2026-04-15,2225,97,15.16
24.11872,77.42789,316.8,1.0,1.0,2026-04-15,2225,94,14.71
24.12013,77.4184,310.1,1.0,1.0,2026-04-15,2225,79,9.31
24.66707,77.10913,331.45,1.01,1.01,2026-04-15,2225,100,30.7
24.66847,77.09948,314.65,1.01,1.01,2026-04-15,2225,90,12.61
24.6688,77.15883,308.49,1.01,1.01,2026-04-15,2225,75,6.78
24.84024,77.10598,318.24,1.01,1.01,2026-04-15,2225,96,16.11
24.91913,76.95615,309.58,1.02,1.01,2026-04-15,2225,78,8.18
25.01912,76.8997,307.99,1.03,1.01,2026-04-15,2225,73,7.19
10.30521,77.49212,323.54,1.26,1.11,2026-04-15,2227,100,30.06
10.30689,77.48157,308.89,1.26,1.11,2026-04-15,2227,76,12.0
10.31487,77.4938,326.0,1.26,1.11,2026-04-15,2227,100,33.31
10.31648,77.4837,307.69,1.26,1.11,2026-04-15,2227,72,10.22
13.92216,79.11773,313.15,1.41,1.18,2026-04-15,2227,85,15.35
13.9323,79.11985,315.82,1.41,1.18,2026-04-15,2227,91,18.63
14.02579,79.11805,311.28,1.4,1.17,2026-04-15,2227,79,13.97
14.32193,78.62717,308.82,1.29,1.13,2026-04-15,2227,70,8.17
14.3242,78.62256,312.6,1.29,1.13,2026-04-15,2227,82,11.38
14.55099,78.9938,314.77,1.35,1.15,2026-04-15,2227,88,15.28
14.55313,78.98109,314.17,1.35,1.15,2026-04-15,2227,87,14.41
14.58207,77.74076,308.69,1.14,1.07,2026-04-15,2227,70,6.78
53.46058,59.04346,307.68,1.14,1.06,2026-04-15,2354,72,16.73
30.75207,48.29948,313.64,1.96,1.37,2026-04-16,1,88,37.26
30.75407,48.27967,353.9,1.96,1.37,2026-04-16,1,100,195.79
30.99949,48.13991,316.26,2.02,1.39,2026-04-16,1,93,47.04
31.00496,48.14587,323.08,2.02,1.39,2026-04-16,1,100,65.66
31.08892,47.79266,315.2,2.15,1.42,2026-04-16,1,91,48.97
31.13548,49.33319,313.09,1.68,1.28,2026-04-16,1,86,31.51
31.13645,49.32288,323.82,1.69,1.28,2026-04-16,1,100,53.27
31.13737,49.31603,311.71,1.69,1.28,2026-04-16,1,83,29.33
31.20877,48.95613,320.96,1.79,1.31,2026-04-16,1,100,49.57
31.22026,48.95768,312.18,1.79,1.31,2026-04-16,1,84,31.0
32.06346,49.09502,314.58,1.8,1.32,2026-04-16,1,90,36.35
32.07129,49.10335,309.26,1.8,1.32,2026-04-16,1,77,25.91
32.35627,47.7197,309.73,2.26,1.46,2026-04-16,1,78,39.9
23.27729,54.27077,338.5,1.05,1.02,2026-04-16,3,100,44.98
23.27885,54.26091,366.85,1.05,1.02,2026-04-16,3,100,114.89
23.5346,53.29123,338.09,1.0,1.0,2026-04-16,3,100,42.37
23.54621,53.33218,349.99,1.0,1.0,2026-04-16,3,100,64.32
23.54766,53.32271,352.59,1.0,1.0,2026-04-16,3,100,69.91
23.83048,53.6367,320.69,1.01,1.0,2026-04-16,3,100,19.37
23.83195,53.62716,368.92,1.01,1.0,2026-04-16,3,100,115.28
24.05791,54.32027,342.99,1.04,1.02,2026-04-16,3,100,52.38
24.06676,54.32192,317.27,1.04,1.02,2026-04-16,3,95,16.57
25.17767,52.88733,330.09,1.0,1.0,2026-04-16,3,100,27.55
25.17908,52.87772,367.16,1.0,1.0,2026-04-16,3,100,106.34
26.94746,49.60051,309.06,1.42,1.18,2026-04-16,3,76,21.55
27.7655,52.1726,310.53,1.08,1.04,2026-04-16,3,80,12.74
-27.53407,-54.86375,309.54,1.48,1.2,2026-04-16,35,78,21.08
-21.70631,-48.43677,307.94,1.26,1.12,2026-04-16,35,73,11.85
-20.53529,-49.49566,330.42,1.15,1.07,2026-04-16,35,100,36.43
-20.40957,-49.75939,313.88,1.12,1.06,2026-04-16,35,88,14.67
-18.49447,-51.61528,309.6,1.02,1.01,2026-04-16,35,78,8.72
-11.96052,-44.03611,307.8,4.05,1.87,2026-04-16,37,73,57.73
-6.57512,-51.10476,327.84,1.44,1.19,2026-04-16,39,100,47.85
1.28027,-60.33072,307.19,1.42,1.18,2026-04-16,41,71,8.81
1.28373,-60.3061,307.95,1.41,1.18,2026-04-16,41,73,9.68
2.07507,-60.95449,307.59,1.53,1.22,2026-04-16,41,72,10.17
2.07885,-60.96132,307.55,1.53,1.22,2026-04-16,41,72,10.41
2.51321,-60.6535,312.93,1.43,1.18,2026-04-16,41,81,19.75
3.237,-61.19956,314.12,1.53,1.22,2026-04-16,41,87,18.31
3.24086,-61.20595,312.29,1.53,1.22,2026-04-16,41,83,16.18
3.24281,-61.19264,308.42,1.53,1.22,2026-04-16,41,71,10.87
3.30444,-60.77055,310.67,1.42,1.18,2026-04-16,41,78,10.09
3.30624,-60.7582,309.13,1.42,1.18,2026-04-16,41,73,8.2
8.88732,-67.14864,307.62,3.62,1.78,2026-04-16,43,72,33.91
8.95052,-66.48563,312.08,3.19,1.69,2026-04-16,43,84,44.32
8.95496,-66.45799,314.48,3.18,1.69,2026-04-16,43,89,53.35
8.95516,-66.46474,319.48,3.18,1.69,2026-04-16,43,99,77.56
9.38895,-64.54931,312.22,2.19,1.43,2026-04-16,43,77,34.21
50.25647,127.76163,342.78,1.13,1.06,2026-04-16,115,88,57.04
50.26553,127.76541,333.81,1.13,1.06,2026-04-16,115,84,40.26
50.94784,128.12158,314.53,1.13,1.06,2026-04-16,115,75,15.48
50.95689,128.1255,311.57,1.13,1.06,2026-04-16,115,71,12.33
42.36737,124.62304,326.39,1.15,1.07,2026-04-16,117,83,25.43
42.76246,124.87498,322.36,1.16,1.07,2026-04-16,117,81,20.91
43.47475,126.25833,314.92,1.29,1.13,2026-04-16,117,73,16.95
43.4775,126.24319,317.28,1.28,1.12,2026-04-16,117,77,20.38
43.55215,126.4049,310.42,1.3,1.13,2026-04-16,117,70,13.29
43.6561,126.34942,319.69,1.29,1.13,2026-04-16,117,80,24.77
44.96512,133.12843,333.51,2.73,1.58,2026-04-16,117,89,149.2
44.97053,133.136,349.87,2.73,1.58,2026-04-16,117,95,270.37
44.97832,133.1349,330.97,2.73,1.58,2026-04-16,117,87,133.75
45.00356,128.28047,312.58,1.49,1.21,2026-04-16,117,72,16.56
45.64146,115.88055,319.94,1.68,1.27,2026-04-16,117,80,34.13
45.64318,115.85945,312.65,1.68,1.27,2026-04-16,117,73,20.33
45.97701,120.72442,315.89,1.06,1.03,2026-04-16,117,76,17.3
46.04938,119.88773,319.69,1.12,1.05,2026-04-16,117,80,22.31
46.63788,123.03661,310.45,1.0,1.0,2026-04-16,117,70,9.83
46.96873,122.33333,310.55,1.01,1.0,2026-04-16,117,70,7.78
47.14661,123.69859,311.51,1.0,1.0,2026-04-16,117,71,9.83
47.17621,125.02272,319.3,1.04,1.02,2026-04-16,117,77,18.01
47.33397,126.34442,328.27,1.12,1.06,2026-04-16,117,86,31.01
47.33635,126.33032,332.39,1.12,1.06,2026-04-16,117,88,36.78
47.34204,126.33817,337.95,1.12,1.06,2026-04-16,117,91,46.49
47.4775,124.76929,311.93,1.03,1.01,2026-04-16,117,72,9.74
47.47865,125.8113,315.9,1.08,1.04,2026-04-16,117,76,14.46
47.4795,123.32631,344.19,1.0,1.0,2026-04-16,117,94,46.93
47.48818,123.32896,317.58,1.0,1.0,2026-04-16,117,77,12.34
47.53611,123.57779,310.59,1.0,1.0,2026-04-16,117,70,7.28
47.54373,125.12304,317.79,1.04,1.02,2026-04-16,117,78,16.73
47.54585,125.1098,322.59,1.04,1.02,2026-04-16,117,82,21.6
47.64544,125.36129,316.22,1.05,1.02,2026-04-16,117,76,14.21
47.76126,125.62782,313.82,1.06,1.03,2026-04-16,117,74,12.29
47.81833,124.49043,327.8,1.01,1.01,2026-04-16,117,85,24.24
47.83552,125.68882,316.7,1.06,1.03,2026-04-16,117,77,14.3
47.85104,125.6513,314.4,1.06,1.03,2026-04-16,117,75,11.45
47.87061,124.45902,315.46,1.01,1.01,2026-04-16,117,75,12.76
47.87259,124.44601,329.34,1.01,1.01,2026-04-16,117,86,27.43
47.9504,124.5468,315.99,1.01,1.01,2026-04-16,117,76,12.62
47.97927,124.59758,314.36,1.01,1.01,2026-04-16,117,74,11.03
47.98033,125.5462,313.8,1.05,1.02,2026-04-16,117,74,11.16
47.99258,125.81537,315.17,1.07,1.03,2026-04-16,117,75,12.79
48.00534,126.02379,311.19,1.08,1.04,2026-04-16,117,71,10.36
48.02233,125.57533,310.61,1.05,1.02,2026-04-16,117,70,8.23
48.02562,124.78434,352.16,1.02,1.01,2026-04-16,117,97,65.75
48.03015,125.9306,331.28,1.07,1.03,2026-04-16,117,87,32.79
48.03262,125.80058,313.84,1.06,1.03,2026-04-16,117,74,10.88
48.03263,125.62802,320.8,1.05,1.03,2026-04-16,117,77,16.49
48.03434,124.78729,350.09,1.02,1.01,2026-04-16,117,96,61.39
48.03485,125.78688,314.97,1.06,1.03,2026-04-16,117,75,11.95
48.03931,125.05925,313.77,1.03,1.01,2026-04-16,117,74,10.58
48.04139,125.046,338.22,1.03,1.01,2026-04-16,117,91,40.15
48.04363,125.56022,349.7,1.05,1.02,2026-04-16,117,96,63.52
48.04641,125.13153,315.75,1.03,1.01,2026-04-16,117,76,11.87
48.04864,124.88174,327.93,1.02,1.01,2026-04-16,117,85,23.91
48.05018,125.51972,346.84,1.05,1.02,2026-04-16,117,95,57.8
48.05236,125.50625,339.58,1.05,1.02,2026-04-16,117,92,44.02
48.05842,124.99612,315.92,1.03,1.01,2026-04-16,117,76,12.36
48.06357,125.6102,325.26,1.05,1.02,2026-04-16,117,84,21.61
48.06406,124.90086,349.64,1.02,1.01,2026-04-16,117,96,60.73
48.06611,124.88767,315.41,1.02,1.01,2026-04-16,117,75,10.92
48.06808,125.87141,317.53,1.07,1.03,2026-04-16,117,78,15.44
48.07272,125.14056,333.34,1.03,1.01,2026-04-16,117,88,31.38
48.07369,125.31547,322.55,1.04,1.02,2026-04-16,117,82,18.68
48.0748,125.1273,338.78,1.03,1.01,2026-04-16,117,91,39.46
48.07539,124.94637,330.05,1.02,1.01,2026-04-16,117,74,24.81
48.07544,125.8805,336.22,1.07,1.03,2026-04-16,117,90,38.82
48.07583,125.30209,332.52,1.04,1.02,2026-04-16,117,88,31.32
48.0777,125.8668,344.51,1.07,1.03,2026-04-16,117,94,54.13
48.07773,125.22644,319.91,1.04,1.02,2026-04-16,117,80,16.42
48.07982,125.21313,328.91,1.03,1.02,2026-04-16,117,86,27.15
48.08097,124.85115,315.23,1.02,1.01,2026-04-16,117,75,10.58
48.08148,125.14361,317.05,1.03,1.01,2026-04-16,117,74,12.71
48.08301,124.83801,327.06,1.02,1.01,2026-04-16,117,85,22.28
48.08356,125.13034,336.14,1.03,1.01,2026-04-16,117,90,36.43
48.08413,124.94936,340.44,1.02,1.01,2026-04-16,117,92,40.54
48.09135,125.02135,317.58,1.03,1.01,2026-04-16,117,78,13.66
48.09436,124.8834,339.25,1.02,1.01,2026-04-16,117,91,39.65
48.10674,125.34104,345.08,1.04,1.02,2026-04-16,117,94,52.2
48.10747,125.10256,316.7,1.03,1.01,2026-04-16,117,77,12.81
48.1092,124.8469,322.97,1.02,1.01,2026-04-16,117,82,18.01
48.11522,125.28761,329.15,1.04,1.02,2026-04-16,117,86,26.32
48.11581,125.04957,330.74,1.03,1.01,2026-04-16,117,87,28.08
48.11706,124.97453,321.29,1.02,1.01,2026-04-16,117,74,16.37
48.11793,124.84987,337.54,1.02,1.01,2026-04-16,117,90,37.62
48.11995,125.02315,337.57,1.03,1.01,2026-04-16,117,91,37.8
48.12456,125.05259,346.11,1.03,1.01,2026-04-16,117,94,54.1
48.12885,125.37714,330.6,1.04,1.02,2026-04-16,117,87,29.0
48.13098,125.3637,342.38,1.04,1.02,2026-04-16,117,93,47.18
48.13523,125.3369,321.33,1.04,1.02,2026-04-16,117,81,18.07
48.14121,125.2404,323.99,1.03,1.02,2026-04-16,117,83,20.09
48.15083,124.69511,317.02,1.02,1.01,2026-04-16,117,77,13.27
48.15239,124.99249,328.77,1.02,1.01,2026-04-16,117,86,26.1
48.17244,125.04115,310.85,1.03,1.01,2026-04-16,117,70,9.36
48.18567,124.8372,347.86,1.02,1.01,2026-04-16,117,95,55.33
48.18629,125.12984,313.49,1.03,1.01,2026-04-16,117,74,10.55
48.18769,124.82404,344.03,1.02,1.01,2026-04-16,117,93,47.87
48.20483,125.31142,310.14,1.04,1.02,2026-04-16,117,70,7.8
48.20695,125.29805,338.26,1.04,1.02,2026-04-16,117,91,40.62
48.20762,123.68389,364.39,1.0,1.0,2026-04-16,117,100,96.68
48.20778,124.87243,338.37,1.02,1.01,2026-04-16,117,91,40.37
48.22193,124.78035,322.88,1.02,1.01,2026-04-16,117,82,18.59
48.2246,124.82276,321.02,1.02,1.01,2026-04-16,117,80,16.92
48.2313,124.83892,334.52,1.02,1.01,2026-04-16,117,89,32.92
48.25379,124.88092,328.03,1.02,1.01,2026-04-16,117,84,23.75
48.27003,124.77555,313.88,1.02,1.01,2026-04-16,117,74,9.66
48.27673,124.79166,314.71,1.02,1.01,2026-04-16,117,75,10.28
48.3027,125.225,323.04,1.03,1.01,2026-04-16,117,82,19.41
48.32624,123.37479,315.55,1.0,1.0,2026-04-16,117,76,13.14
48.32689,125.24747,343.44,1.03,1.01,2026-04-16,117,93,48.49
48.32808,123.36176,334.02,1.0,1.0,2026-04-16,117,89,33.61
48.32899,125.23413,335.62,1.03,1.01,2026-04-16,117,90,35.1
48.34442,125.25356,319.93,1.03,1.01,2026-04-16,117,80,16.65
48.36755,125.58013,337.95,1.05,1.02,2026-04-16,117,91,40.16
48.3742,125.59682,327.59,1.05,1.02,2026-04-16,117,72,23.6
48.38316,125.65738,311.02,1.05,1.02,2026-04-16,117,71,8.74
48.38739,125.16261,324.17,1.03,1.01,2026-04-16,117,83,20.29
48.39181,125.60316,322.11,1.05,1.02,2026-04-16,117,70,17.46
48.40229,125.59863,343.87,1.05,1.02,2026-04-16,117,93,50.24
48.41791,125.79093,329.67,1.05,1.03,2026-04-16,117,86,28.13
48.42674,125.79416,348.73,1.05,1.03,2026-04-16,117,95,60.51
48.42707,124.47604,328.08,1.01,1.0,2026-04-16,117,85,24.27
48.42896,125.78044,333.17,1.05,1.03,2026-04-16,117,86,31.33
48.43111,125.17797,319.84,1.03,1.01,2026-04-16,117,80,16.6
48.43319,125.16467,312.72,1.03,1.01,2026-04-16,117,73,10.49
48.43727,123.89872,310.93,1.0,1.0,2026-04-16,117,71,6.81
48.44594,123.90153,316.84,1.0,1.0,2026-04-16,117,77,12.01
48.4649,123.32157,313.67,1.0,1.0,2026-04-16,117,74,10.5
48.49637,125.71066,318.71,1.05,1.02,2026-04-16,117,79,14.44
48.5024,125.3783,310.84,1.03,1.02,2026-04-16,117,71,10.69
48.50341,125.19523,311.21,1.03,1.01,2026-04-16,117,71,9.66
48.5084,124.6754,324.11,1.01,1.01,2026-04-16,117,83,20.25
48.51386,123.69738,320.25,1.0,1.0,2026-04-16,117,80,15.68
48.51572,123.68433,316.67,1.0,1.0,2026-04-16,117,77,12.22
48.53808,124.73286,344.96,1.01,1.01,2026-04-16,117,94,51.36
48.54009,124.71969,340.41,1.01,1.01,2026-04-16,117,92,43.1
48.54946,124.77828,342.91,1.01,1.01,2026-04-16,117,93,47.77
48.55147,124.76511,340.12,1.01,1.01,2026-04-16,117,92,42.65
48.56086,125.3063,312.51,1.03,1.01,2026-04-16,117,73,10.11
48.56878,125.60759,325.07,1.04,1.02,2026-04-16,117,83,21.55
48.57927,125.48289,319.13,1.04,1.02,2026-04-16,117,79,14.85
48.5814,125.46943,330.37,1.04,1.02,2026-04-16,117,87,27.99
48.58777,125.42908,311.05,1.03,1.02,2026-04-16,117,71,8.89
48.58895,124.81951,324.14,1.01,1.01,2026-04-16,117,83,20.19
48.59018,125.47257,319.67,1.04,1.02,2026-04-16,117,80,15.89
48.61034,125.70007,332.39,1.05,1.02,2026-04-16,117,88,32.86
48.62526,123.82146,315.78,1.0,1.0,2026-04-16,117,76,12.02
48.64487,125.48368,316.62,1.04,1.02,2026-04-16,117,77,14.13
48.64675,125.99493,337.57,1.06,1.03,2026-04-16,117,91,41.94
48.64899,125.98119,328.17,1.06,1.03,2026-04-16,117,85,27.64
48.65128,123.82983,310.91,1.0,1.0,2026-04-16,117,71,8.29
48.65561,125.99814,371.48,1.06,1.03,2026-04-16,117,100,131.15
48.65574,125.93983,329.34,1.06,1.03,2026-04-16,117,86,29.6
48.65786,125.98437,358.48,1.06,1.03,2026-04-16,117,99,88.39
48.66095,124.40137,314.96,1.0,1.0,2026-04-16,117,75,11.36
48.71096,123.74553,322.91,1.0,1.0,2026-04-16,117,81,17.69
48.71202,124.11594,311.63,1.0,1.0,2026-04-16,117,72,9.48
48.7152,123.84277,311.58,1.0,1.0,2026-04-16,117,71,8.3
48.72055,125.05863,327.51,1.02,1.01,2026-04-16,117,85,25.37
48.7226,125.04534,328.12,1.02,1.01,2026-04-16,117,85,26.13
48.73325,123.78007,346.66,1.0,1.0,2026-04-16,117,95,51.88
48.7334,124.17062,311.52,1.0,1.0,2026-04-16,117,71,8.89
48.78344,124.52384,311.95,1.01,1.0,2026-04-16,117,72,8.43
48.78458,123.81676,321.85,1.0,1.0,2026-04-16,117,81,18.39
48.79745,123.91696,312.12,1.0,1.0,2026-04-16,117,72,9.93
48.86654,124.08284,316.02,1.0,1.0,2026-04-16,117,76,12.38
48.99423,124.23421,311.32,1.0,1.0,2026-04-16,117,71,9.29
49.01441,124.15804,314.7,1.0,1.0,2026-04-16,117,75,12.9
49.19082,124.97375,314.87,1.01,1.01,2026-04-16,117,71,13.11
49.19284,124.96042,325.07,1.01,1.01,2026-04-16,117,83,23.18
49.25333,123.72318,312.04,1.0,1.0,2026-04-16,117,72,10.88
49.47559,127.97392,331.91,1.18,1.08,2026-04-16,117,88,40.37
17.60612,121.58073,318.34,2.19,1.43,2026-04-16,124,72,23.48
6.59503,116.60901,318.74,1.45,1.19,2026-04-16,126,75,21.07
5.82836,114.34219,323.8,1.09,1.04,2026-04-16,128,77,19.2
-7.54475,110.44478,319.14,1.01,1.01,2026-04-16,132,75,16.01
44.79122,33.88802,322.2,1.01,1.0,2026-04-16,134,100,25.39
-29.43625,115.72044,318.7,4.0,1.86,2026-04-16,137,70,100.45
34.9002,43.81939,308.69,4.54,1.96,2026-04-16,137,75,111.23
30.78513,28.96268,326.57,1.03,1.01,2026-04-16,139,100,27.86
12.05259,29.96839,331.55,1.55,1.23,2026-04-16,143,100,59.51
12.05486,29.95479,333.0,1.54,1.22,2026-04-16,143,100,62.97
12.92885,24.54704,327.23,1.05,1.02,2026-04-16,143,100,26.69
12.93018,24.53795,309.35,1.05,1.02,2026-04-16,143,77,9.48
12.94046,24.52991,319.81,1.05,1.02,2026-04-16,143,99,18.65
13.04636,24.12697,313.38,1.08,1.04,2026-04-16,143,87,14.3
-37.51941,-72.93394,311.34,1.01,1.0,2026-04-16,209,82,13.69
7.26075,-80.91894,311.72,1.07,1.03,2026-04-16,221,76,9.71
8.29233,-81.12564,312.99,1.07,1.03,2026-04-16,221,86,13.58
10.35354,-85.66404,308.14,1.18,1.08,2026-04-16,221,74,6.85
11.14539,-85.7336,314.01,1.17,1.07,2026-04-16,221,87,11.9
11.18709,-85.64523,311.41,1.15,1.07,2026-04-16,221,76,8.75
11.19001,-85.62513,308.89,1.15,1.07,2026-04-16,221,74,6.9
11.37623,-84.71613,310.04,1.05,1.02,2026-04-16,221,78,8.31
11.3852,-84.71747,317.35,1.05,1.02,2026-04-16,221,95,14.55
12.01908,-85.37855,324.29,1.1,1.05,2026-04-16,221,100,21.86
12.02051,-85.36879,313.35,1.1,1.04,2026-04-16,221,86,10.11
12.49669,-86.98732,310.81,1.32,1.14,2026-04-16,221,78,12.86
12.50711,-86.64615,308.78,1.26,1.12,2026-04-16,221,72,8.0
12.75365,-86.98431,310.54,1.31,1.14,2026-04-16,221,78,9.07
12.88338,-86.40366,307.36,1.21,1.09,2026-04-16,221,71,6.76
12.95225,-86.69051,310.33,1.25,1.11,2026-04-16,221,80,8.44
13.60598,-86.7096,318.16,1.23,1.1,2026-04-16,224,96,19.17
13.60763,-86.69858,317.8,1.23,1.1,2026-04-16,224,96,18.9
13.65839,-86.29295,307.93,1.17,1.07,2026-04-16,224,73,8.98
13.6838,-86.38174,333.6,1.18,1.08,2026-04-16,224,100,41.04
13.68531,-86.3715,342.28,1.18,1.08,2026-04-16,224,100,58.43
13.71345,-86.54314,314.1,1.2,1.09,2026-04-16,224,88,15.47
13.79557,-87.22243,311.77,1.31,1.14,2026-04-16,224,83,16.17
13.89675,-86.4238,311.08,1.18,1.08,2026-04-16,224,82,11.62
14.0203,-86.27983,309.27,1.15,1.07,2026-04-16,224,77,9.79
14.04242,-86.87933,310.55,1.24,1.11,2026-04-16,224,80,11.81
14.0441,-86.8682,316.34,1.24,1.11,2026-04-16,224,93,17.98
14.16496,-86.42004,325.32,1.17,1.08,2026-04-16,224,100,28.13
14.16648,-86.40993,333.0,1.17,1.07,2026-04-16,224,100,40.13
14.29502,-86.55499,325.55,1.18,1.08,2026-04-16,224,100,27.13
15.17825,-87.91191,309.0,1.39,1.17,2026-04-16,224,76,11.7
15.32572,-86.13633,308.07,1.1,1.05,2026-04-16,224,73,10.45
31.66492,6.06086,309.13,1.0,1.0,2026-04-16,317,76,12.49
12.91932,-3.32854,308.2,1.59,1.24,2026-04-16,321,74,12.41
12.92123,-3.34269,307.72,1.59,1.24,2026-04-16,321,72,11.88
13.19416,-1.32022,309.62,1.19,1.08,2026-04-16,321,78,9.67
13.19566,-1.3308,312.0,1.19,1.08,2026-04-16,321,84,12.09
19.36573,-103.39623,312.57,2.13,1.42,2026-04-16,402,85,37.16
19.36809,-103.40375,314.0,2.13,1.42,2026-04-16,402,88,39.56
19.44231,-104.45767,327.79,1.78,1.31,2026-04-16,402,100,60.18
19.44257,-104.46815,320.18,1.77,1.3,2026-04-16,402,100,41.0
19.44447,-104.45134,322.34,1.78,1.31,2026-04-16,402,100,46.12
-43.75029,172.35977,323.79,1.34,1.15,2026-04-16,404,72,37.05
20.61175,-104.42782,314.64,1.86,1.33,2026-04-16,404,90,37.35
21.07026,-102.89609,325.37,2.47,1.51,2026-04-16,404,100,89.83
21.07252,-102.87367,338.11,2.48,1.52,2026-04-16,404,100,154.25
21.08012,-102.90389,314.32,2.47,1.51,2026-04-16,404,89,50.34
21.08225,-102.88126,379.85,2.48,1.52,2026-04-16,404,100,577.2
21.08348,-102.89803,330.33,2.47,1.51,2026-04-16,404,100,112.09
21.08584,-102.87484,363.02,2.48,1.52,2026-04-16,404,100,358.13
27.35989,-108.90517,321.36,1.17,1.08,2026-04-16,404,100,21.79
27.36937,-108.90648,317.53,1.17,1.08,2026-04-16,404,95,17.04
29.35722,-110.95805,326.07,1.03,1.01,2026-04-16,404,100,25.46
51.63699,68.45132,311.24,1.6,1.25,2026-04-16,432,71,24.69
51.6388,68.4286,323.8,1.6,1.25,2026-04-16,432,83,47.33
25.10075,77.01039,348.06,3.41,1.74,2026-04-16,438,93,251.12
25.10346,77.00436,348.21,3.41,1.74,2026-04-16,438,93,254.64
25.10744,76.97894,328.09,3.39,1.74,2026-04-16,438,70,63.06
25.37993,77.09245,328.65,3.41,1.74,2026-04-16,438,73,87.18
27.55628,67.84146,317.65,1.0,1.0,2026-04-16,438,73,9.59
29.20774,72.44427,322.4,1.35,1.15,2026-04-16,438,75,13.17
29.53476,72.4045,326.45,1.32,1.14,2026-04-16,438,79,17.25
30.20041,72.00909,323.68,1.23,1.1,2026-04-16,438,76,15.25
21.92554,70.32236,326.59,1.32,1.14,2026-04-16,440,70,13.4
23.41081,69.79944,326.93,1.18,1.08,2026-04-16,440,70,13.35
23.4126,69.7883,329.67,1.18,1.08,2026-04-16,440,75,17.6
23.63675,77.64469,334.06,4.11,1.88,2026-04-16,440,80,155.11
23.64284,77.65268,338.78,4.11,1.88,2026-04-16,440,85,212.25
24.16578,77.46395,328.81,3.87,1.83,2026-04-16,440,73,93.24
-37.84287,146.79002,310.44,1.25,1.11,2026-04-16,544,70,12.77
-37.83304,146.78793,311.84,1.25,1.11,2026-04-16,544,72,14.37
-37.53855,148.06274,343.96,1.1,1.05,2026-04-16,544,70,53.12
-37.42295,148.39218,321.81,1.07,1.03,2026-04-16,544,81,20.4
-37.42139,148.40421,329.52,1.07,1.03,2026-04-16,544,86,29.69
-36.11283,145.65471,319.44,1.36,1.16,2026-04-16,544,72,19.89
-35.9523,145.825,319.2,1.33,1.14,2026-04-16,544,77,19.6
-35.95063,145.83948,319.42,1.33,1.14,2026-04-16,544,78,20.23
-35.90285,145.71246,316.02,1.35,1.15,2026-04-16,544,74,16.84
-35.90123,145.72713,339.31,1.34,1.15,2026-04-16,544,91,60.13
-35.89367,147.57217,381.2,1.11,1.05,2026-04-16,544,100,183.8
-35.88442,147.57013,317.27,1.11,1.05,2026-04-16,544,71,17.15
-35.8111,146.92213,311.48,1.17,1.08,2026-04-16,544,71,12.55
-35.74099,145.98064,327.01,1.3,1.13,2026-04-16,544,84,32.5
-35.73935,145.99472,324.91,1.29,1.13,2026-04-16,544,82,29.16
-35.65507,146.10817,312.6,1.28,1.12,2026-04-16,544,70,12.14
-35.65429,146.11673,326.12,1.27,1.12,2026-04-16,544,81,28.64
-35.65385,149.21657,317.94,1.01,1.0,2026-04-16,544,75,16.18
-35.65349,146.12202,321.14,1.27,1.12,2026-04-16,544,79,22.71
-35.65229,149.22755,337.59,1.01,1.0,2026-04-16,544,91,39.78
-35.6419,149.23659,351.41,1.01,1.0,2026-04-16,544,95,64.03
-35.63306,149.23463,354.38,1.01,1.0,2026-04-16,544,98,71.18
-35.59772,145.63663,317.41,1.35,1.15,2026-04-16,544,75,17.87
-35.52802,145.06471,326.7,1.45,1.19,2026-04-16,544,83,36.57
-35.02306,150.60631,319.59,1.01,1.01,2026-04-16,544,71,16.66
-35.00172,141.87413,325.8,2.26,1.46,2026-04-16,544,73,57.84
-34.98875,141.87254,341.27,2.26,1.46,2026-04-16,544,85,125.21
-34.9758,141.87096,335.61,2.26,1.46,2026-04-16,544,88,101.1
-34.96284,141.86937,322.85,2.26,1.46,2026-04-16,544,79,51.12
-34.87236,147.6575,360.14,1.08,1.04,2026-04-16,544,90,0.0
-34.86321,147.65569,360.94,1.08,1.04,2026-04-16,544,90,0.0
-34.80919,139.99852,318.67,3.0,1.65,2026-04-16,544,74,58.3
-34.58504,146.12436,319.02,1.24,1.1,2026-04-16,544,76,16.61
-34.24519,147.04401,332.33,1.12,1.05,2026-04-16,544,87,33.86
-34.10557,148.09328,357.66,1.04,1.02,2026-04-16,544,99,78.37
-34.10406,148.10428,392.37,1.04,1.02,2026-04-16,544,100,216.76
-34.0966,148.09149,348.93,1.04,1.02,2026-04-16,544,95,56.24
-34.09509,148.10249,387.45,1.04,1.02,2026-04-16,544,100,189.48
-33.84536,149.33504,313.5,1.0,1.0,2026-04-16,544,74,11.59
-33.75245,147.42683,313.83,1.07,1.03,2026-04-16,544,70,8.55
-33.75097,147.43819,315.84,1.07,1.03,2026-04-16,544,72,10.16
-33.70834,147.9675,320.42,1.04,1.02,2026-04-16,544,78,14.28
-33.56588,150.62631,336.61,1.03,1.02,2026-04-16,544,90,38.73
-33.56586,147.31444,322.0,1.08,1.04,2026-04-16,544,77,16.12
-33.53001,147.08391,324.5,1.1,1.04,2026-04-16,544,80,18.42
-33.35477,149.90012,321.94,1.01,1.0,2026-04-16,544,81,19.42
-33.35316,149.91064,325.75,1.01,1.0,2026-04-16,544,84,23.63
-33.20082,148.76622,318.33,1.0,1.0,2026-04-16,544,75,13.67
-32.97222,150.75275,316.53,1.05,1.02,2026-04-16,544,74,11.11
-32.40314,151.49739,327.32,1.13,1.06,2026-04-16,544,83,25.12
-32.39785,151.48911,322.91,1.13,1.06,2026-04-16,544,79,20.33
-32.38522,146.62976,322.15,1.11,1.05,2026-04-16,544,75,15.72
-32.38375,146.64134,347.48,1.11,1.05,2026-04-16,544,94,59.09
-32.30725,145.58917,322.63,1.23,1.1,2026-04-16,544,75,19.22
-32.21539,151.62326,314.53,1.15,1.07,2026-04-16,544,70,12.59
-32.0497,146.96289,339.43,1.08,1.04,2026-04-16,544,89,39.2
-32.04821,146.97406,350.81,1.07,1.03,2026-04-16,544,96,62.91
-31.80091,151.44066,335.47,1.14,1.06,2026-04-16,544,88,42.41
-31.55332,146.61777,319.43,1.09,1.04,2026-04-16,544,70,10.49
-31.5441,146.6161,337.5,1.09,1.04,2026-04-16,544,88,35.83
-31.06534,145.75742,322.09,1.17,1.08,2026-04-16,544,73,14.79
-30.79111,147.94164,327.04,1.01,1.0,2026-04-16,544,79,16.25
-30.78964,147.95193,372.73,1.01,1.0,2026-04-16,544,100,117.86
-29.76365,152.5269,321.68,1.39,1.17,2026-04-16,544,78,25.92
-29.69845,150.0845,323.23,1.07,1.03,2026-04-16,544,76,15.71
-29.35448,149.15727,322.72,1.02,1.01,2026-04-16,544,73,12.81
-29.2176,148.29832,346.12,1.0,1.0,2026-04-16,544,93,43.94
-29.21178,148.27652,348.0,1.0,1.0,2026-04-16,544,94,47.67
-29.21029,148.28656,325.44,1.0,1.0,2026-04-16,544,75,13.48
-29.2088,148.2966,324.22,1.0,1.0,2026-04-16,544,74,12.15
-29.20633,153.09732,315.73,1.55,1.23,2026-04-16,544,71,18.98
-28.8349,152.46298,322.77,1.44,1.19,2026-04-16,544,78,27.76
-28.39745,148.70161,326.94,1.01,1.01,2026-04-16,546,77,16.33
-28.3886,148.69986,338.09,1.01,1.01,2026-04-16,546,87,30.85
-28.38706,148.70995,338.42,1.01,1.01,2026-04-16,546,88,31.38
-28.25343,150.2077,324.81,1.12,1.06,2026-04-16,546,76,17.15
-28.25162,150.21883,321.04,1.12,1.06,2026-04-16,546,71,12.43
-28.24418,150.20572,334.16,1.12,1.06,2026-04-16,546,85,30.2
-28.24236,150.21684,339.83,1.12,1.06,2026-04-16,546,89,40.39
-27.82168,148.6024,326.13,1.02,1.01,2026-04-16,546,72,15.85
-27.00604,147.51257,331.15,1.0,1.0,2026-04-16,546,82,21.14
-27.00459,147.5224,320.82,1.0,1.0,2026-04-16,546,70,9.44
-26.85476,150.02603,330.35,1.14,1.07,2026-04-16,546,83,25.85
-26.84727,150.01289,322.44,1.14,1.07,2026-04-16,546,75,14.77
-26.84542,150.02408,322.26,1.14,1.07,2026-04-16,546,75,14.86
-25.97029,152.87291,328.21,1.74,1.29,2026-04-16,546,84,54.47
-25.959,152.87024,314.77,1.74,1.29,2026-04-16,546,71,24.53
-25.20742,148.99802,326.2,1.09,1.04,2026-04-16,546,81,21.47
-24.71079,151.7636,329.94,1.55,1.23,2026-04-16,546,84,46.35
-8.6728,141.61853,315.23,1.08,1.04,2026-04-16,553,70,9.03
33.04395,130.6463,312.85,1.18,1.08,2026-04-16,603,72,9.84
36.39779,128.8755,325.08,1.27,1.12,2026-04-16,603,83,30.17
36.67205,126.75527,315.54,1.64,1.26,2026-04-16,603,74,13.71
43.03064,132.4073,318.01,1.05,1.03,2026-04-16,605,78,17.18
43.17965,132.7045,322.85,1.08,1.04,2026-04-16,605,80,20.0
43.60029,131.9007,312.43,1.04,1.02,2026-04-16,608,72,13.17
43.60195,131.9131,311.57,1.04,1.02,2026-04-16,608,71,12.51
43.94674,132.07236,316.93,1.05,1.02,2026-04-16,608,77,17.6
43.94838,132.08499,354.4,1.05,1.02,2026-04-16,608,98,78.49
43.95003,132.09766,339.99,1.05,1.03,2026-04-16,608,92,47.16
43.95894,132.09543,344.95,1.05,1.03,2026-04-16,608,94,55.65
43.96059,132.10809,359.46,1.05,1.03,2026-04-16,608,99,92.0
44.4965,131.82854,316.45,1.05,1.02,2026-04-16,608,77,14.91
44.49867,131.77533,341.72,1.05,1.02,2026-04-16,608,92,48.7
44.50035,131.78804,349.05,1.05,1.02,2026-04-16,608,96,62.95
44.50371,131.81349,328.78,1.05,1.02,2026-04-16,608,86,27.47
44.50754,131.77303,312.05,1.05,1.02,2026-04-16,608,72,11.4
44.50922,131.78574,346.62,1.05,1.02,2026-04-16,608,95,58.44
44.51259,131.81119,330.6,1.05,1.02,2026-04-16,608,80,29.47
44.51427,131.82391,336.82,1.05,1.02,2026-04-16,608,90,39.4
44.5305,131.58997,331.35,1.04,1.02,2026-04-16,608,87,31.76
44.53218,131.6026,315.36,1.04,1.02,2026-04-16,608,76,12.82
44.53933,131.58759,359.38,1.04,1.02,2026-04-16,608,99,87.91
44.54101,131.60022,355.15,1.04,1.02,2026-04-16,608,98,75.69
44.58518,131.5885,356.75,1.04,1.02,2026-04-16,608,87,73.73
44.58688,131.60118,350.11,1.04,1.02,2026-04-16,608,89,59.42
44.58893,131.54836,347.74,1.04,1.02,2026-04-16,608,95,53.91
44.59061,131.56087,359.23,1.04,1.02,2026-04-16,608,99,79.59
44.59401,131.58615,376.06,1.04,1.02,2026-04-16,608,100,136.36
44.59572,131.59885,364.52,1.04,1.02,2026-04-16,608,100,97.25
44.61673,131.5482,348.36,1.04,1.02,2026-04-16,608,95,57.25
44.62176,131.58601,342.43,1.04,1.02,2026-04-16,608,91,46.29
44.62345,131.59874,324.34,1.04,1.02,2026-04-16,608,83,21.85
44.63937,134.11374,328.69,1.26,1.11,2026-04-16,608,86,37.58
44.6431,134.12167,320.7,1.26,1.11,2026-04-16,608,76,24.49
44.67397,134.13071,327.26,1.26,1.12,2026-04-16,608,85,35.24
44.67567,134.14613,349.77,1.26,1.12,2026-04-16,608,96,86.44
44.89273,132.03485,315.46,1.07,1.03,2026-04-16,608,76,13.03
44.89441,132.04793,311.28,1.07,1.03,2026-04-16,608,70,9.57
44.93418,131.99718,313.93,1.07,1.03,2026-04-16,608,74,11.56
46.71926,125.909,337.46,1.14,1.06,2026-04-16,608,77,50.01
47.23,130.27148,336.95,1.02,1.01,2026-04-16,608,85,38.24
47.34612,126.31776,354.98,1.09,1.04,2026-04-16,608,92,81.33
47.39994,126.96188,312.18,1.05,1.02,2026-04-16,608,72,14.41
47.48074,123.34553,333.04,1.4,1.17,2026-04-16,608,82,46.6
47.58216,126.15739,312.72,1.09,1.04,2026-04-16,608,73,15.03
47.60332,124.46057,313.13,1.24,1.11,2026-04-16,608,73,15.04
47.64488,125.91854,328.67,1.11,1.05,2026-04-16,608,86,31.26
47.64731,125.93256,317.45,1.11,1.05,2026-04-16,608,78,17.44
47.65892,125.84795,313.01,1.11,1.05,2026-04-16,608,73,12.85
47.66416,130.7518,313.07,1.05,1.02,2026-04-16,608,73,13.32
47.70843,126.18537,310.09,1.09,1.04,2026-04-16,608,70,10.47
47.75761,126.19579,313.13,1.08,1.04,2026-04-16,608,73,12.01
47.7753,125.6439,320.18,1.12,1.06,2026-04-16,608,77,18.5
47.80525,125.61166,318.54,1.12,1.06,2026-04-16,608,79,17.29
47.81313,125.54736,316.37,1.13,1.06,2026-04-16,608,77,14.61
47.84222,125.92904,327.82,1.1,1.05,2026-04-16,608,85,28.59
47.84485,131.29198,313.41,1.09,1.04,2026-04-16,608,74,10.81
47.85035,126.02008,329.68,1.09,1.04,2026-04-16,608,86,29.55
47.85275,126.03401,326.98,1.09,1.04,2026-04-16,608,82,25.7
47.85927,126.02636,344.81,1.09,1.04,2026-04-16,608,94,57.18
47.87631,125.96032,328.31,1.1,1.04,2026-04-16,608,86,29.8
47.87873,125.97421,360.96,1.1,1.04,2026-04-16,608,100,100.57
47.88078,131.35461,314.56,1.09,1.04,2026-04-16,608,75,11.92
47.88255,131.36871,324.1,1.09,1.04,2026-04-16,608,83,21.07
47.88877,127.08999,316.24,1.03,1.02,2026-04-16,608,77,14.79
47.89201,131.01352,357.48,1.07,1.03,2026-04-16,608,99,83.14
47.89338,131.38029,339.39,1.09,1.04,2026-04-16,608,91,43.93
47.89378,131.02742,355.04,1.07,1.03,2026-04-16,608,98,77.01
47.89743,130.98334,323.07,1.07,1.03,2026-04-16,608,77,19.78
47.90244,131.37778,399.18,1.09,1.04,2026-04-16,608,100,277.39
47.90422,131.39189,349.8,1.09,1.04,2026-04-16,608,96,65.71
47.90452,126.06799,338.05,1.09,1.04,2026-04-16,608,89,41.31
47.90932,126.09575,336.09,1.09,1.04,2026-04-16,608,90,39.27
47.91883,126.15093,351.02,1.08,1.04,2026-04-16,608,96,70.17
47.93525,124.55385,321.56,1.22,1.1,2026-04-16,608,81,23.62
47.94902,126.05087,330.25,1.09,1.04,2026-04-16,608,87,29.62
47.95259,126.84868,319.0,1.04,1.02,2026-04-16,608,79,18.62
47.97914,125.5306,321.09,1.12,1.06,2026-04-16,608,81,19.75
47.98169,125.54491,315.42,1.12,1.06,2026-04-16,608,70,13.28
47.98318,126.80904,325.77,1.04,1.02,2026-04-16,608,84,26.15
47.99805,127.18279,310.29,1.03,1.01,2026-04-16,608,70,10.13
48.00473,125.09277,331.3,1.16,1.07,2026-04-16,608,87,32.7
48.0068,123.87791,313.4,1.29,1.13,2026-04-16,608,74,16.02
48.00742,125.10754,353.93,1.16,1.07,2026-04-16,608,97,82.99
48.01726,125.89821,317.76,1.1,1.04,2026-04-16,608,74,15.41
48.02927,125.8139,314.07,1.1,1.05,2026-04-16,608,74,12.56
48.03172,125.82792,335.56,1.1,1.05,2026-04-16,608,90,40.03
48.03632,125.15884,318.51,1.15,1.07,2026-04-16,608,79,15.13
48.03897,125.17352,312.58,1.15,1.07,2026-04-16,608,73,9.62
48.04044,125.2358,355.09,1.15,1.07,2026-04-16,608,98,84.21
48.04306,125.25037,374.01,1.15,1.07,2026-04-16,608,100,152.56
48.05481,125.47807,376.25,1.13,1.06,2026-04-16,608,100,160.8
48.06119,124.88861,319.19,1.18,1.08,2026-04-16,608,79,18.56
48.06126,125.46004,329.99,1.13,1.06,2026-04-16,608,80,30.22
48.08127,125.6807,327.52,1.11,1.05,2026-04-16,608,85,28.19
48.08377,125.69486,319.9,1.11,1.05,2026-04-16,608,80,18.58
48.0867,125.60295,315.83,1.12,1.05,2026-04-16,608,76,14.65
48.09385,125.06709,317.65,1.16,1.07,2026-04-16,608,78,15.82
48.09525,124.85848,324.21,1.18,1.08,2026-04-16,608,77,23.74
48.10637,125.29762,331.75,1.14,1.06,2026-04-16,608,88,36.31
48.11515,124.82745,320.76,1.18,1.08,2026-04-16,608,80,20.74
48.11695,124.97783,321.23,1.17,1.08,2026-04-16,608,81,19.37
48.11754,125.83221,316.84,1.1,1.04,2026-04-16,608,77,15.32
48.11792,124.84238,327.79,1.18,1.08,2026-04-16,608,85,30.82
48.11964,124.99267,337.46,1.17,1.07,2026-04-16,608,91,44.47
48.12924,125.10004,332.09,1.16,1.07,2026-04-16,608,85,32.33
48.12954,125.21011,311.11,1.15,1.07,2026-04-16,608,71,10.48
48.13029,124.35384,319.38,1.23,1.1,2026-04-16,608,79,19.08
48.13324,124.36942,321.16,1.23,1.1,2026-04-16,608,81,21.38
48.151,124.69897,312.33,1.19,1.09,2026-04-16,608,71,10.44
48.16489,124.77455,335.29,1.18,1.08,2026-04-16,608,89,38.14
48.1743,125.71953,332.09,1.1,1.05,2026-04-16,608,88,35.55
48.17676,125.73371,333.56,1.1,1.05,2026-04-16,608,89,38.0
48.19854,125.17519,320.37,1.15,1.07,2026-04-16,608,80,18.76
48.21893,124.82742,321.05,1.18,1.08,2026-04-16,608,80,19.03
48.23753,125.17508,323.1,1.14,1.07,2026-04-16,608,82,20.85
48.24015,125.18967,345.12,1.14,1.07,2026-04-16,608,94,59.08
48.2426,123.46368,339.31,1.33,1.14,2026-04-16,608,91,59.6
48.24646,124.81577,312.32,1.18,1.08,2026-04-16,608,72,8.83
48.25002,124.94286,333.04,1.16,1.07,2026-04-16,608,77,33.01
48.28176,125.00925,331.25,1.16,1.07,2026-04-16,608,87,33.49
48.28182,126.97713,319.31,1.03,1.01,2026-04-16,608,79,18.04
48.28445,125.02404,323.93,1.16,1.07,2026-04-16,608,82,22.36
48.29036,124.89418,340.65,1.17,1.08,2026-04-16,608,88,45.8
48.29041,127.03008,318.39,1.03,1.01,2026-04-16,608,78,16.79
48.29255,127.04331,310.72,1.03,1.01,2026-04-16,608,70,10.65
48.29469,127.05656,315.73,1.03,1.01,2026-04-16,608,70,13.32
48.3136,125.18552,315.25,1.14,1.06,2026-04-16,608,71,12.37
48.31673,124.93126,322.53,1.16,1.07,2026-04-16,608,75,19.22
48.31703,124.84443,328.95,1.17,1.08,2026-04-16,608,86,28.53
48.31978,124.85935,332.86,1.17,1.08,2026-04-16,608,88,35.46
48.321,125.48204,320.99,1.12,1.05,2026-04-16,608,81,18.3
48.32252,124.87425,320.3,1.17,1.08,2026-04-16,608,80,16.66
48.32352,125.49641,336.99,1.12,1.05,2026-04-16,608,90,40.78
48.32602,125.51072,369.96,1.11,1.05,2026-04-16,608,100,130.84
48.327,124.95226,338.25,1.16,1.07,2026-04-16,608,88,42.96
48.32851,125.52493,336.65,1.11,1.05,2026-04-16,608,90,40.34
48.33169,125.50304,341.34,1.11,1.05,2026-04-16,608,92,51.58
48.33266,126.88107,344.21,1.03,1.02,2026-04-16,608,94,53.23
48.3331,125.24007,355.34,1.13,1.06,2026-04-16,608,98,83.11
48.33422,125.51726,312.55,1.11,1.05,2026-04-16,608,72,10.97
48.33484,126.89437,333.42,1.03,1.02,2026-04-16,608,88,35.21
48.34345,127.00385,317.62,1.03,1.01,2026-04-16,608,73,16.89
48.35076,125.65263,317.58,1.1,1.05,2026-04-16,608,75,14.82
48.3568,125.64478,322.48,1.1,1.05,2026-04-16,608,82,22.05
48.36539,125.25792,342.17,1.13,1.06,2026-04-16,608,93,49.82
48.36942,127.05034,316.74,1.03,1.01,2026-04-16,608,77,16.47
48.37293,125.40973,338.74,1.12,1.05,2026-04-16,608,72,42.93
48.38646,125.11769,336.48,1.14,1.07,2026-04-16,608,90,41.38
48.38909,125.1323,359.7,1.14,1.06,2026-04-16,608,99,99.17
48.39255,125.63041,325.03,1.1,1.05,2026-04-16,608,83,22.76
48.39407,125.58443,333.93,1.11,1.05,2026-04-16,608,79,32.72
48.39455,125.27061,342.62,1.13,1.06,2026-04-16,608,93,52.96
48.39552,125.11391,321.46,1.14,1.07,2026-04-16,608,80,19.23
48.39655,125.59862,359.31,1.1,1.05,2026-04-16,608,99,90.95
48.39815,125.1285,327.0,1.14,1.06,2026-04-16,608,84,26.43
48.40098,125.25242,367.79,1.13,1.06,2026-04-16,608,100,124.86
48.40219,125.20513,341.99,1.13,1.06,2026-04-16,608,92,51.28
48.40242,125.41302,360.0,1.12,1.05,2026-04-16,608,99,95.51
48.40301,125.58079,387.75,1.11,1.05,2026-04-16,608,100,209.81
48.40358,125.26688,346.75,1.13,1.06,2026-04-16,608,95,62.35
48.4048,125.21965,345.57,1.13,1.06,2026-04-16,608,94,57.71
48.40494,125.42738,374.1,1.12,1.05,2026-04-16,608,100,146.39
48.40549,125.59499,372.28,1.1,1.05,2026-04-16,608,100,135.74
48.40796,125.60909,352.24,1.1,1.05,2026-04-16,608,97,71.14
48.41123,125.20135,329.68,1.13,1.06,2026-04-16,608,86,29.6
48.41384,125.2159,328.37,1.13,1.06,2026-04-16,608,85,26.5
48.4169,125.60548,335.83,1.1,1.05,2026-04-16,608,90,38.61
48.41888,125.13551,343.13,1.14,1.06,2026-04-16,608,93,54.79
48.42931,125.19379,318.97,1.13,1.06,2026-04-16,608,75,16.27
48.43914,125.57483,325.97,1.1,1.05,2026-04-16,608,84,25.03
48.44079,125.42142,329.58,1.12,1.05,2026-04-16,608,86,29.26
48.44215,125.37472,311.6,1.12,1.05,2026-04-16,608,71,10.25
48.44724,125.40341,329.68,1.12,1.05,2026-04-16,608,86,29.54
48.44977,125.41773,354.65,1.12,1.05,2026-04-16,608,98,81.83
48.47987,125.58862,316.19,1.1,1.05,2026-04-16,608,76,14.1
48.51815,123.63584,324.65,1.29,1.13,2026-04-16,608,83,28.1
48.52126,123.65202,318.65,1.29,1.13,2026-04-16,608,79,18.99
48.53036,125.6591,312.48,1.1,1.04,2026-04-16,608,72,13.31
48.5453,123.99144,312.07,1.24,1.11,2026-04-16,608,72,10.34
48.54659,125.69781,316.96,1.09,1.04,2026-04-16,608,77,16.13
48.54902,125.71188,311.73,1.09,1.04,2026-04-16,608,71,11.4
48.55443,125.26187,331.2,1.12,1.06,2026-04-16,608,87,32.25
48.5573,126.03603,312.39,1.07,1.03,2026-04-16,608,72,12.26
48.55877,125.08147,372.19,1.14,1.06,2026-04-16,608,100,145.69
48.55953,125.29077,338.91,1.12,1.06,2026-04-16,608,91,45.51
48.5614,125.09602,327.54,1.14,1.06,2026-04-16,608,84,26.6
48.56321,125.36634,338.13,1.12,1.05,2026-04-16,608,91,45.36
48.56477,124.95258,316.32,1.15,1.07,2026-04-16,608,76,14.97
48.56741,124.72219,327.94,1.17,1.08,2026-04-16,608,85,29.74
48.5681,125.18717,339.95,1.13,1.06,2026-04-16,608,92,49.66
48.57018,124.73721,347.77,1.17,1.08,2026-04-16,608,95,69.41
48.57083,125.68285,315.92,1.09,1.04,2026-04-16,608,73,13.77
48.57467,125.27773,316.81,1.12,1.06,2026-04-16,608,75,15.82
48.57591,125.23068,335.69,1.13,1.06,2026-04-16,608,89,40.86
48.57658,124.71839,336.13,1.17,1.08,2026-04-16,608,90,43.88
48.57934,124.73338,375.27,1.17,1.08,2026-04-16,608,100,166.49
48.58596,125.0703,340.65,1.14,1.06,2026-04-16,608,92,48.04
48.58858,125.08494,326.27,1.14,1.06,2026-04-16,608,84,24.74
48.59397,125.33169,329.78,1.12,1.05,2026-04-16,608,86,31.24
48.59587,124.908,319.82,1.15,1.07,2026-04-16,608,79,17.72
48.59765,125.08123,331.6,1.14,1.06,2026-04-16,608,87,32.58
48.59851,124.9227,322.16,1.15,1.07,2026-04-16,608,74,19.95
48.60041,125.31369,330.65,1.12,1.05,2026-04-16,608,87,31.88
48.60235,123.91601,322.44,1.25,1.11,2026-04-16,608,82,22.91
48.60295,124.9157,344.98,1.15,1.07,2026-04-16,608,94,57.95
48.60354,123.9101,324.39,1.25,1.11,2026-04-16,608,83,25.69
48.60565,124.93046,356.52,1.15,1.07,2026-04-16,608,98,85.14
48.61205,124.9119,339.39,1.15,1.07,2026-04-16,608,88,45.21
48.61474,124.92666,354.43,1.15,1.07,2026-04-16,608,98,79.67
48.61974,123.67398,310.99,1.28,1.12,2026-04-16,608,71,11.41
48.62436,125.03329,324.41,1.14,1.06,2026-04-16,608,76,22.41
48.62694,124.61565,346.18,1.18,1.08,2026-04-16,608,89,75.54
48.62915,125.6897,328.32,1.09,1.04,2026-04-16,608,85,27.67
48.62971,124.63084,335.96,1.18,1.08,2026-04-16,608,90,53.35
48.63401,125.71793,312.15,1.09,1.04,2026-04-16,608,72,11.12
48.63514,125.23747,317.98,1.12,1.06,2026-04-16,608,78,15.96
48.63805,125.68617,332.18,1.09,1.04,2026-04-16,608,88,33.01
48.64119,125.43532,318.33,1.11,1.05,2026-04-16,608,78,15.87
48.64785,124.78504,315.33,1.16,1.07,2026-04-16,608,75,13.32
48.64847,124.89686,328.95,1.15,1.07,2026-04-16,608,86,28.1
48.66044,124.281,314.52,1.21,1.09,2026-04-16,608,74,12.91
48.66331,124.29651,321.23,1.21,1.09,2026-04-16,608,80,21.32
48.66557,124.93746,354.9,1.15,1.07,2026-04-16,608,95,81.48
48.66853,125.06229,343.46,1.14,1.06,2026-04-16,608,93,54.06
48.67055,125.43864,319.05,1.11,1.05,2026-04-16,608,79,17.4
48.67115,125.07693,342.32,1.13,1.06,2026-04-16,608,93,51.54
48.67138,125.18644,330.4,1.13,1.06,2026-04-16,608,87,30.8
48.67305,125.45293,318.73,1.11,1.05,2026-04-16,608,78,16.98
48.67464,124.9336,345.5,1.15,1.07,2026-04-16,608,85,58.15
48.6817,125.99686,315.79,1.07,1.03,2026-04-16,608,76,14.46
48.68213,124.21626,322.54,1.21,1.1,2026-04-16,608,82,22.26
48.69416,123.90381,321.02,1.25,1.11,2026-04-16,608,81,20.46
48.69623,123.89624,323.27,1.25,1.11,2026-04-16,608,82,23.79
48.70486,125.15708,320.56,1.13,1.06,2026-04-16,608,80,18.69
48.70942,123.75181,325.85,1.26,1.12,2026-04-16,608,80,26.17
48.71387,125.1533,363.06,1.13,1.06,2026-04-16,608,100,108.8
48.71643,125.16777,355.5,1.13,1.06,2026-04-16,608,98,84.78
48.71829,123.20393,314.47,1.33,1.14,2026-04-16,608,75,18.64
48.7221,125.04887,323.86,1.13,1.06,2026-04-16,608,82,22.34
48.72268,124.43285,332.66,1.19,1.09,2026-04-16,608,88,38.59
48.72289,125.14957,338.62,1.13,1.06,2026-04-16,608,91,45.18
48.72545,125.16402,345.64,1.13,1.06,2026-04-16,608,94,59.61
48.72806,123.2538,316.1,1.32,1.14,2026-04-16,608,76,20.13
48.73136,123.27069,318.49,1.32,1.14,2026-04-16,608,79,23.34
48.73805,123.63261,330.45,1.28,1.12,2026-04-16,608,87,36.55
48.73849,123.62713,317.06,1.28,1.12,2026-04-16,608,75,17.34
48.74168,123.64354,318.6,1.27,1.12,2026-04-16,608,79,19.4
48.74464,124.39014,310.66,1.19,1.09,2026-04-16,608,70,10.03
48.77013,123.57731,312.13,1.28,1.12,2026-04-16,608,72,11.96
48.78276,124.48904,322.13,1.18,1.08,2026-04-16,608,81,19.68
48.79691,124.42744,312.54,1.19,1.08,2026-04-16,608,73,12.93
48.79975,124.44265,317.33,1.19,1.08,2026-04-16,608,78,17.4
48.80676,124.10487,310.44,1.22,1.1,2026-04-16,608,70,9.96
48.80738,124.78611,332.86,1.15,1.07,2026-04-16,608,88,36.05
48.82019,124.74858,338.62,1.16,1.07,2026-04-16,608,91,47.79
48.82289,124.76347,336.95,1.16,1.07,2026-04-16,608,90,43.69
48.83202,123.90034,333.14,1.24,1.11,2026-04-16,608,88,39.43
48.85352,123.96027,357.33,1.23,1.1,2026-04-16,608,99,103.53
48.86605,124.4791,335.25,1.18,1.08,2026-04-16,608,83,38.41
48.86785,124.08996,311.53,1.22,1.1,2026-04-16,608,71,10.58
48.87525,123.96815,318.05,1.23,1.1,2026-04-16,608,71,16.89
48.87667,124.13698,319.16,1.21,1.09,2026-04-16,608,79,20.23
48.87828,123.80366,320.5,1.25,1.11,2026-04-16,608,80,21.54
48.88078,124.50548,355.8,1.18,1.08,2026-04-16,608,98,86.05
48.88506,123.67907,337.29,1.26,1.12,2026-04-16,608,90,49.49
48.90825,124.65639,334.3,1.16,1.07,2026-04-16,608,89,40.28
48.93822,124.36045,327.95,1.19,1.08,2026-04-16,608,85,30.94
48.93952,124.01864,326.84,1.22,1.1,2026-04-16,608,85,29.37
48.94144,124.53949,312.11,1.17,1.08,2026-04-16,608,72,11.24
48.94737,124.16703,345.91,1.21,1.09,2026-04-16,608,94,67.51
48.94741,124.35635,325.85,1.19,1.08,2026-04-16,608,84,28.13
48.95023,124.18223,337.04,1.2,1.09,2026-04-16,608,90,47.29
48.97263,124.65607,315.69,1.16,1.07,2026-04-16,608,76,14.9
48.99044,124.39735,317.68,1.18,1.08,2026-04-16,608,78,17.94
48.99254,124.46206,311.17,1.17,1.08,2026-04-16,608,71,11.42
49.02898,124.69651,329.83,1.15,1.07,2026-04-16,608,86,32.78
49.03163,124.71124,320.9,1.15,1.07,2026-04-16,608,76,20.5
49.03839,124.44236,316.47,1.17,1.08,2026-04-16,608,77,16.1
49.05397,124.41935,321.1,1.18,1.08,2026-04-16,608,81,21.6
49.07916,124.15442,314.22,1.2,1.09,2026-04-16,608,74,13.7
49.07956,124.66799,328.22,1.15,1.07,2026-04-16,608,85,29.19
49.08324,124.63419,336.95,1.16,1.07,2026-04-16,608,90,45.39
49.08595,124.64917,317.38,1.15,1.07,2026-04-16,608,78,16.21
49.08868,124.66424,331.55,1.15,1.07,2026-04-16,608,87,35.04
49.09022,123.97393,318.83,1.22,1.1,2026-04-16,608,79,20.2
49.13293,124.44564,326.94,1.17,1.08,2026-04-16,608,85,30.27
49.15311,124.66397,325.83,1.15,1.07,2026-04-16,608,84,26.98
49.17295,124.03951,318.14,1.21,1.09,2026-04-16,608,78,20.14
49.17646,125.10142,310.71,1.11,1.05,2026-04-16,608,70,10.37
49.18327,124.50555,317.45,1.16,1.07,2026-04-16,608,78,17.71
49.186,124.52067,321.76,1.16,1.07,2026-04-16,608,81,22.79
49.19382,124.09807,317.89,1.2,1.09,2026-04-16,608,78,18.65
49.20625,124.95878,335.61,1.12,1.06,2026-04-16,608,90,40.33
49.20743,124.91124,316.77,1.13,1.06,2026-04-16,608,77,14.89
49.20887,124.97344,314.71,1.12,1.06,2026-04-16,608,74,12.18
49.21062,123.89911,314.6,1.22,1.1,2026-04-16,608,75,17.21
49.22115,123.68602,324.39,1.24,1.11,2026-04-16,608,83,26.58
49.22335,123.67824,324.77,1.24,1.11,2026-04-16,608,83,27.24
49.22911,124.21112,313.18,1.19,1.08,2026-04-16,608,73,14.04
49.24108,124.99155,324.82,1.12,1.05,2026-04-16,608,83,24.59
49.24284,124.63507,344.32,1.15,1.07,2026-04-16,608,94,61.64
49.31749,124.20501,313.12,1.18,1.08,2026-04-16,608,73,13.54
49.3203,124.22034,312.71,1.18,1.08,2026-04-16,608,73,12.79
49.32273,124.45005,328.73,1.16,1.07,2026-04-16,608,86,33.26
49.4132,124.37106,321.55,1.16,1.07,2026-04-16,608,81,22.81
49.57653,124.49929,311.93,1.15,1.07,2026-04-16,608,72,12.87
49.93883,125.15125,324.54,1.09,1.04,2026-04-16,608,83,25.68
49.94131,125.1656,366.7,1.08,1.04,2026-04-16,608,100,119.46
49.94379,125.17992,339.27,1.08,1.04,2026-04-16,608,91,47.09
50.04011,127.63525,342.06,1.0,1.0,2026-04-16,608,70,45.55
50.04212,127.64862,382.19,1.0,1.0,2026-04-16,608,87,162.16
50.04413,127.66199,321.3,1.0,1.0,2026-04-16,608,76,18.65
50.06413,127.79578,318.51,1.0,1.0,2026-04-16,608,79,15.67
50.27118,127.75043,315.06,1.0,1.0,2026-04-16,608,71,12.35
50.27318,127.76387,330.75,1.0,1.0,2026-04-16,608,87,28.9
53.42532,59.28341,316.85,1.55,1.23,2026-04-16,610,77,30.78
54.12163,59.28452,314.24,1.48,1.2,2026-04-16,610,75,24.2
57.86932,60.21232,319.15,1.28,1.12,2026-04-16,610,79,28.44
48.69498,52.8695,318.26,1.11,1.05,2026-04-16,612,78,18.58
51.60458,52.93431,337.35,1.04,1.02,2026-04-16,612,90,40.19
35.63158,44.01101,329.01,1.05,1.02,2026-04-16,614,86,27.38
35.71932,44.04539,319.84,1.04,1.02,2026-04-16,614,79,14.96
35.72826,44.04713,316.89,1.04,1.02,2026-04-16,614,71,11.98
44.09994,39.11366,327.79,2.31,1.47,2026-04-16,614,74,86.78
30.68868,47.32682,320.06,1.21,1.09,2026-04-16,616,74,14.25
30.75299,48.29288,329.91,1.36,1.15,2026-04-16,616,84,38.96
30.75537,48.27928,361.61,1.35,1.15,2026-04-16,616,100,136.42
30.85873,47.91716,318.08,1.29,1.13,2026-04-16,616,73,12.87
31.00663,48.14062,344.67,1.32,1.14,2026-04-16,616,93,66.39
31.08888,47.78827,335.09,1.26,1.11,2026-04-16,616,88,42.38
31.20569,48.95129,337.23,1.46,1.19,2026-04-16,616,90,55.42
31.21602,48.9538,343.05,1.46,1.19,2026-04-16,616,93,72.33
31.87908,48.7104,320.37,1.37,1.16,2026-04-16,616,78,22.42
32.05911,49.10492,326.19,1.43,1.18,2026-04-16,616,84,30.82
32.06161,49.0907,325.95,1.43,1.18,2026-04-16,616,84,30.03
32.34911,47.71743,319.34,1.2,1.09,2026-04-16,616,79,17.26
32.35115,47.70523,326.05,1.19,1.09,2026-04-16,616,84,26.29
32.55124,51.51895,319.22,2.0,1.38,2026-04-16,616,73,25.18
35.24406,44.43161,316.13,1.02,1.01,2026-04-16,616,75,11.21
25.1698,52.88168,332.91,3.71,1.8,2026-04-16,618,85,180.88
25.17576,52.87651,328.11,3.71,1.8,2026-04-16,618,81,138.69
17.27261,42.40688,328.08,1.05,1.02,2026-04-16,620,76,10.08
10.12815,34.94938,333.6,1.61,1.25,2026-04-16,622,84,41.75
10.13912,34.95085,322.96,1.61,1.25,2026-04-16,622,70,16.82
10.96053,36.03233,330.14,1.38,1.16,2026-04-16,622,80,25.47
11.54395,32.10341,331.55,2.83,1.61,2026-04-16,622,77,75.3
11.57079,37.30182,326.73,1.18,1.08,2026-04-16,622,77,20.74
11.57889,32.339,332.74,2.71,1.58,2026-04-16,622,78,87.9
11.58995,32.36468,329.2,2.7,1.57,2026-04-16,622,73,61.12
11.59279,32.3406,340.05,2.71,1.58,2026-04-16,622,86,133.25
12.82903,35.87556,329.39,1.5,1.21,2026-04-16,622,73,20.39
7.91409,33.60756,328.43,1.89,1.34,2026-04-16,625,82,52.89
8.62375,32.93577,328.33,2.19,1.43,2026-04-16,625,80,51.06
8.62625,32.91646,323.9,2.19,1.44,2026-04-16,625,76,35.94
8.62704,32.92266,332.44,2.19,1.44,2026-04-16,625,84,66.14
8.74371,32.50741,325.55,2.38,1.49,2026-04-16,625,76,46.85
-21.93484,29.82152,319.88,1.2,1.09,2026-04-16,631,78,17.65
-34.66127,117.30079,321.05,2.22,1.44,2026-04-16,724,70,57.48
-34.04937,116.11541,312.13,2.62,1.55,2026-04-16,724,70,37.52
-33.856,116.27596,312.91,2.54,1.53,2026-04-16,724,70,36.45
-33.80257,117.64614,314.07,2.05,1.39,2026-04-16,724,73,27.57
-33.66968,116.50901,329.73,2.44,1.51,2026-04-16,724,85,91.47
-33.51742,122.49326,316.92,1.09,1.04,2026-04-16,724,77,13.73
-33.48898,118.58619,322.41,1.76,1.3,2026-04-16,724,80,39.69
-33.37871,117.17834,321.35,2.18,1.43,2026-04-16,724,78,46.2
-33.37829,117.17124,321.66,2.18,1.43,2026-04-16,724,78,44.43
-33.28886,117.5871,316.73,2.04,1.39,2026-04-16,724,73,28.91
-33.27848,117.56404,328.89,2.04,1.39,2026-04-16,724,84,63.0
-33.2765,117.58565,337.8,2.04,1.39,2026-04-16,724,90,97.87
-33.23363,117.64558,320.22,2.02,1.38,2026-04-16,724,77,36.88
-33.23172,117.66692,319.59,2.01,1.38,2026-04-16,724,76,34.94
-33.22897,117.66167,326.12,2.01,1.38,2026-04-16,724,82,54.04
-33.15656,116.74851,316.29,2.31,1.47,2026-04-16,724,71,33.24
-33.14102,117.22191,337.25,2.15,1.42,2026-04-16,724,89,102.71
-33.13899,117.24424,324.49,2.14,1.42,2026-04-16,724,80,51.42
-33.1311,116.61663,317.71,2.36,1.48,2026-04-16,724,73,39.35
-33.12736,116.62094,322.72,2.36,1.48,2026-04-16,724,78,54.23
-33.11975,117.17321,340.81,2.16,1.43,2026-04-16,724,91,123.11
-33.11773,117.19611,327.14,2.15,1.43,2026-04-16,724,82,59.57
-32.91638,116.21828,318.5,2.5,1.52,2026-04-16,724,73,57.76
-32.90145,117.01333,318.74,2.2,1.44,2026-04-16,724,73,36.32
-32.78492,117.28907,334.12,2.1,1.41,2026-04-16,724,87,84.25
-32.77693,117.63563,316.3,1.99,1.38,2026-04-16,724,70,22.89
-32.69931,118.05494,319.05,1.86,1.33,2026-04-16,724,74,27.31
-32.66743,116.87782,316.91,2.23,1.45,2026-04-16,724,71,33.64
-32.66592,116.89427,334.67,2.23,1.45,2026-04-16,724,87,99.6
-32.66543,116.90122,327.8,2.23,1.45,2026-04-16,724,82,70.64
-32.56242,117.7206,323.65,1.95,1.36,2026-04-16,724,80,40.54
-32.56043,117.74105,327.17,1.95,1.36,2026-04-16,724,82,51.31
-32.49296,118.41685,314.78,1.75,1.3,2026-04-16,724,70,19.81
-32.04023,116.94425,319.77,2.17,1.43,2026-04-16,724,71,34.9
-31.92899,116.29487,342.25,2.4,1.49,2026-04-16,724,87,157.84
-31.91566,116.29389,344.85,2.4,1.49,2026-04-16,724,81,174.03
-31.81545,116.71434,319.71,2.23,1.45,2026-04-16,724,75,41.01
-30.32522,115.28758,337.96,2.69,1.57,2026-04-16,724,88,139.49
-30.12117,116.97359,338.58,2.04,1.39,2026-04-16,724,89,94.51
-30.11795,116.96618,342.73,2.04,1.39,2026-04-16,724,91,116.56
-30.11589,116.98667,319.56,2.03,1.39,2026-04-16,724,72,27.12
-29.81527,116.21796,351.89,2.28,1.46,2026-04-16,724,96,198.35
-29.81409,116.22477,355.58,2.28,1.46,2026-04-16,724,98,224.78
-29.8131,116.2408,322.57,2.27,1.46,2026-04-16,724,76,43.63
-29.55816,116.60355,344.25,2.12,1.42,2026-04-16,724,92,125.43
-29.54561,116.60187,327.05,2.12,1.42,2026-04-16,724,77,46.47
-18.81494,125.56131,323.68,1.57,1.23,2026-04-16,726,70,18.65
-18.80175,123.94982,342.99,1.24,1.11,2026-04-16,726,90,50.17
-18.79889,123.95557,327.82,1.24,1.11,2026-04-16,726,75,21.94
-18.78712,123.72182,328.09,1.21,1.09,2026-04-16,726,77,20.78
-18.78603,125.44561,344.53,1.54,1.22,2026-04-16,726,91,70.63
-18.77531,125.44356,328.73,1.54,1.22,2026-04-16,726,78,27.48
-18.76705,125.42738,342.25,1.54,1.22,2026-04-16,726,90,65.13
-18.7511,124.74749,378.18,1.39,1.17,2026-04-16,726,100,215.4
-18.74898,124.76028,367.99,1.39,1.17,2026-04-16,726,100,158.54
-18.74089,124.74557,333.61,1.39,1.17,2026-04-16,726,83,34.3
-18.72554,124.03682,333.98,1.26,1.11,2026-04-16,726,83,32.52
-18.65238,124.41468,323.42,1.33,1.14,2026-04-16,726,70,19.88
-18.6276,124.81141,332.09,1.41,1.17,2026-04-16,726,77,31.9
-18.62543,124.82434,343.28,1.41,1.18,2026-04-16,726,91,61.4
-18.29252,125.49776,332.42,1.59,1.24,2026-04-16,726,83,45.81
-18.21741,125.52148,323.42,1.6,1.25,2026-04-16,726,72,23.3
-18.18083,125.32977,354.15,1.55,1.23,2026-04-16,726,97,115.34
-18.17842,125.34398,398.27,1.56,1.23,2026-04-16,726,100,444.11
-18.17601,125.35821,392.89,1.56,1.23,2026-04-16,726,100,387.99
-18.17492,125.29937,392.89,1.55,1.23,2026-04-16,726,100,381.94
-18.17359,125.37244,369.9,1.57,1.23,2026-04-16,726,100,199.71
-18.17251,125.31351,392.89,1.55,1.23,2026-04-16,726,100,383.0
-18.17116,125.38673,335.87,1.57,1.23,2026-04-16,726,86,45.96
-18.17009,125.32768,388.91,1.55,1.23,2026-04-16,726,100,347.29
-18.16871,125.40115,341.57,1.57,1.24,2026-04-16,726,90,63.95
-18.16283,125.37026,401.64,1.57,1.23,2026-04-16,726,100,486.11
-18.16038,125.3846,415.75,1.57,1.23,2026-04-16,726,100,676.05
-18.15791,125.39908,402.86,1.57,1.24,2026-04-16,726,100,501.98
-18.15544,125.41355,362.35,1.58,1.24,2026-04-16,726,100,156.87
-18.14711,125.39697,345.3,1.57,1.24,2026-04-16,726,92,84.95
-18.14462,125.41145,371.39,1.58,1.24,2026-04-16,726,100,215.88
-18.14214,125.42592,335.03,1.58,1.24,2026-04-16,726,83,48.51
-18.12705,126.30019,334.12,1.83,1.32,2026-04-16,726,84,59.4
-18.11877,126.29169,350.2,1.83,1.32,2026-04-16,726,95,127.82
-18.11546,126.29803,344.6,1.83,1.32,2026-04-16,726,92,100.69
-18.10672,126.61483,324.26,1.93,1.36,2026-04-16,726,74,32.88
-18.09022,124.86706,328.28,1.45,1.19,2026-04-16,726,78,29.9
-18.07103,125.36085,326.93,1.57,1.23,2026-04-16,726,77,31.98
-18.06913,124.83017,331.7,1.44,1.19,2026-04-16,726,82,36.87
-18.06905,126.43804,323.86,1.88,1.34,2026-04-16,726,73,30.85
-18.06692,124.84338,328.03,1.45,1.19,2026-04-16,726,77,28.88
-18.05874,124.82819,326.48,1.44,1.19,2026-04-16,726,76,26.2
-18.05651,124.84141,364.06,1.45,1.19,2026-04-16,726,100,151.91
-18.05192,125.34236,333.7,1.57,1.23,2026-04-16,726,84,48.31
-18.02759,124.82218,323.72,1.44,1.19,2026-04-16,726,72,23.02
-18.01312,124.79913,325.13,1.44,1.19,2026-04-16,726,74,24.72
-18.01135,124.79193,330.95,1.44,1.19,2026-04-16,726,80,35.24
-18.00909,124.80507,334.3,1.44,1.19,2026-04-16,726,81,42.04
-18.00274,124.79716,348.07,1.44,1.19,2026-04-16,726,94,84.19
-17.98717,126.38286,327.16,1.87,1.34,2026-04-16,726,77,39.4
-17.97552,126.38041,340.46,1.87,1.34,2026-04-16,726,89,86.97
-17.97534,124.83283,333.75,1.45,1.19,2026-04-16,726,84,44.68
-17.97311,124.84609,339.35,1.45,1.19,2026-04-16,726,88,59.48
-17.96493,124.83089,332.86,1.45,1.19,2026-04-16,726,83,42.76
-17.96269,124.84415,332.86,1.45,1.19,2026-04-16,726,83,42.95
-17.32349,125.46901,324.42,1.65,1.26,2026-04-16,726,75,29.97
-17.31999,125.69672,333.98,1.71,1.28,2026-04-16,726,85,55.3
-17.31496,125.45231,333.42,1.65,1.26,2026-04-16,726,84,51.18
-17.25636,125.06285,322.97,1.55,1.23,2026-04-16,726,73,21.65
-16.99524,127.93349,327.84,2.57,1.54,2026-04-16,726,80,70.07
-16.98838,127.93748,328.06,2.57,1.54,2026-04-16,726,80,71.65
-16.84901,126.14586,325.08,1.89,1.34,2026-04-16,726,77,38.82
-16.84744,126.13517,331.3,1.89,1.34,2026-04-16,726,72,52.81
-16.81712,125.98357,320.2,1.84,1.33,2026-04-16,726,70,28.89
-16.72341,126.06333,336.65,1.87,1.34,2026-04-16,726,87,76.48
-16.7204,126.0804,330.65,1.88,1.34,2026-04-16,726,83,54.58
-16.68867,126.39955,349.24,1.99,1.38,2026-04-16,726,95,138.63
-16.68551,126.41755,341.61,2.0,1.38,2026-04-16,726,90,100.7
-16.5853,127.84845,322.95,2.58,1.54,2026-04-16,726,75,53.68
-16.5809,127.87212,323.53,2.6,1.55,2026-04-16,726,75,53.81
-16.54695,125.41232,320.91,1.69,1.28,2026-04-16,726,72,26.34
-16.50519,125.52653,322.47,1.73,1.29,2026-04-16,726,74,27.63
-16.50291,125.53164,324.66,1.73,1.29,2026-04-16,726,77,34.73
-16.50044,127.80123,324.58,2.57,1.54,2026-04-16,726,77,59.05
-16.45628,128.03827,330.35,2.69,1.57,2026-04-16,726,83,83.22
-16.41501,128.0311,326.06,2.69,1.57,2026-04-16,726,78,64.57
-16.40989,128.02559,322.19,2.69,1.57,2026-04-16,726,74,48.98
-16.33882,125.07969,320.66,1.61,1.25,2026-04-16,726,72,20.16
-16.3014,124.94805,319.21,1.58,1.24,2026-04-16,726,70,18.76
-16.22659,125.39135,321.05,1.71,1.28,2026-04-16,726,72,25.11
-16.1921,124.92013,328.51,1.58,1.24,2026-04-16,726,81,38.95
-16.18842,124.8761,338.74,1.57,1.23,2026-04-16,726,89,65.07
-16.18605,124.89002,378.01,1.57,1.24,2026-04-16,726,100,265.14
-16.1752,124.88832,385.62,1.57,1.24,2026-04-16,726,100,327.2
-16.16578,124.81359,323.47,1.55,1.23,2026-04-16,726,76,27.81
-16.16227,124.8064,328.06,1.55,1.23,2026-04-16,726,81,36.49
-16.16193,124.90067,369.62,1.58,1.24,2026-04-16,726,100,208.37
-16.15743,124.79778,328.91,1.55,1.23,2026-04-16,726,82,38.87
-16.15149,124.80462,325.82,1.55,1.23,2026-04-16,726,74,31.52
-16.13978,125.02936,328.03,1.61,1.25,2026-04-16,726,81,38.74
-16.13383,124.99862,338.83,1.6,1.25,2026-04-16,726,89,68.99
-16.13255,125.80164,327.87,1.84,1.33,2026-04-16,726,80,49.74
-16.13135,125.01298,354.43,1.61,1.25,2026-04-16,726,97,130.47
-16.1292,125.006,336.48,1.61,1.25,2026-04-16,726,87,59.65
-16.12892,124.87341,351.62,1.57,1.24,2026-04-16,726,96,114.07
-16.12883,125.0275,354.87,1.61,1.25,2026-04-16,726,97,133.92
-16.12435,125.03517,332.76,1.62,1.25,2026-04-16,726,83,50.04
-16.1181,124.8715,353.02,1.57,1.24,2026-04-16,726,97,119.65
-16.10129,124.97129,323.47,1.6,1.25,2026-04-16,726,76,29.41
-16.09886,124.98572,339.07,1.6,1.25,2026-04-16,726,89,69.79
-16.09406,124.88181,357.17,1.58,1.24,2026-04-16,726,98,139.39
-16.09204,125.17349,347.19,1.65,1.26,2026-04-16,726,94,101.56
-16.09164,124.89605,331.94,1.58,1.24,2026-04-16,726,84,47.13
-16.09161,125.02864,323.09,1.62,1.25,2026-04-16,726,76,28.2
-16.09106,125.16663,349.46,1.65,1.26,2026-04-16,726,95,112.16
-16.08324,124.87982,366.79,1.58,1.24,2026-04-16,726,100,193.18
-16.08081,124.89407,344.56,1.58,1.24,2026-04-16,726,92,87.6
-16.07242,124.87786,338.7,1.58,1.24,2026-04-16,726,89,69.05
-16.04267,125.05064,328.07,1.62,1.25,2026-04-16,726,81,40.03
-16.04008,125.06561,339.03,1.63,1.26,2026-04-16,726,89,73.22
-16.03515,126.0107,322.27,1.91,1.35,2026-04-16,726,74,35.24
-16.03164,125.04894,326.2,1.62,1.25,2026-04-16,726,79,33.66
-16.0291,125.06358,346.25,1.63,1.26,2026-04-16,726,93,98.05
-16.02901,125.05782,340.88,1.63,1.26,2026-04-16,726,90,76.92
-16.0207,125.04678,331.99,1.62,1.25,2026-04-16,726,84,46.61
-16.01835,126.00139,345.67,1.91,1.35,2026-04-16,726,93,118.08
-16.01811,125.06161,356.59,1.63,1.26,2026-04-16,726,98,143.44
-16.01803,125.05578,361.25,1.63,1.26,2026-04-16,726,100,167.63
-15.99606,125.0518,351.74,1.63,1.26,2026-04-16,726,96,117.78
-15.98508,125.04978,374.22,1.63,1.26,2026-04-16,726,100,251.5
-15.98259,125.06447,346.05,1.63,1.26,2026-04-16,726,93,94.11
-15.9716,125.0624,342.32,1.63,1.26,2026-04-16,726,91,81.51
-15.96979,124.94131,333.23,1.6,1.25,2026-04-16,726,85,51.83
-15.9642,125.77458,327.15,1.85,1.33,2026-04-16,726,80,45.91
-15.9614,124.92484,327.07,1.6,1.24,2026-04-16,726,80,36.0
-15.96132,125.79129,323.76,1.85,1.33,2026-04-16,726,76,36.3
-15.95648,125.15079,334.53,1.66,1.27,2026-04-16,726,86,60.61
-15.95557,125.08968,324.74,1.64,1.26,2026-04-16,726,77,34.12
-15.95507,125.55393,331.35,1.78,1.31,2026-04-16,726,84,58.12
-15.95395,125.16559,332.04,1.66,1.27,2026-04-16,726,84,51.9
-15.95245,125.77328,330.75,1.85,1.33,2026-04-16,726,83,56.05
-15.9505,125.11921,326.21,1.65,1.26,2026-04-16,726,79,35.88
-15.94794,125.13409,337.75,1.65,1.26,2026-04-16,726,88,69.4
-15.84749,125.10838,326.17,1.65,1.26,2026-04-16,726,79,37.18
-15.8391,125.35764,332.9,1.73,1.29,2026-04-16,726,85,57.87
-15.83588,125.30886,324.48,1.71,1.28,2026-04-16,726,77,37.01
-15.83123,125.13622,325.43,1.66,1.27,2026-04-16,726,76,33.01
-15.82863,125.15118,335.16,1.67,1.27,2026-04-16,726,87,59.81
-15.82606,125.16595,322.02,1.67,1.27,2026-04-16,726,74,27.65
-15.76677,125.52,328.5,1.78,1.31,2026-04-16,726,81,41.12
-15.76596,125.50896,321.52,1.78,1.31,2026-04-16,726,74,25.32
-15.72041,125.37923,319.95,1.74,1.29,2026-04-16,726,71,24.17
-15.64716,125.60519,328.96,1.82,1.32,2026-04-16,726,82,47.16
-15.64432,125.62193,326.7,1.82,1.32,2026-04-16,726,80,39.52
-15.6442,125.61191,335.43,1.82,1.32,2026-04-16,726,87,69.13
-15.58948,125.59457,326.35,1.82,1.32,2026-04-16,726,78,39.95
-15.53361,126.34131,321.92,2.08,1.4,2026-04-16,726,72,35.47
-15.46992,125.55006,319.28,1.81,1.32,2026-04-16,726,71,23.52
-15.43227,125.50246,320.78,1.8,1.32,2026-04-16,726,72,25.84
-15.42945,125.51873,323.82,1.81,1.32,2026-04-16,726,76,32.75
-15.35018,126.35942,319.32,2.1,1.41,2026-04-16,726,71,31.53
-15.28679,126.47778,326.62,2.15,1.43,2026-04-16,726,80,53.42
-15.28338,126.49715,329.99,2.16,1.43,2026-04-16,726,83,68.16
-15.27993,126.51679,324.19,2.17,1.43,2026-04-16,726,77,48.72
-15.26561,126.23893,346.22,2.07,1.4,2026-04-16,726,93,137.87
-15.26338,126.23329,345.74,2.07,1.4,2026-04-16,726,93,137.43
-15.26023,126.25158,324.27,2.07,1.4,2026-04-16,726,77,46.91
-15.25338,126.23678,318.73,2.07,1.4,2026-04-16,726,70,29.17
-15.21697,126.28217,333.14,2.09,1.41,2026-04-16,726,85,78.51
-15.17653,126.51151,336.61,2.18,1.43,2026-04-16,726,88,93.41
-15.32617,125.17863,329.99,1.71,1.28,2026-04-16,729,82,50.27
-15.29229,125.64283,336.99,1.86,1.33,2026-04-16,729,88,77.5
-15.28634,125.81512,322.68,1.91,1.35,2026-04-16,729,75,40.03
-15.28445,125.63453,322.45,1.86,1.33,2026-04-16,729,75,32.65
-15.28165,125.65112,327.09,1.86,1.33,2026-04-16,729,80,45.79
-15.28059,125.77844,328.79,1.9,1.35,2026-04-16,729,78,54.32
-15.27758,125.7956,365.38,1.91,1.35,2026-04-16,729,100,245.16
-15.27455,125.81284,342.91,1.91,1.35,2026-04-16,729,91,107.65
-15.2658,125.79333,345.64,1.91,1.35,2026-04-16,729,91,117.37
-15.26276,125.81054,355.8,1.91,1.35,2026-04-16,729,98,175.64
-15.25974,125.82768,342.88,1.92,1.35,2026-04-16,729,91,105.4
-15.25541,125.5936,325.33,1.85,1.33,2026-04-16,729,78,41.34
-15.25318,125.81936,342.55,1.92,1.35,2026-04-16,729,91,100.97
-15.25305,125.74854,330.9,1.9,1.35,2026-04-16,729,83,60.0
-15.25138,125.7376,322.78,1.89,1.34,2026-04-16,729,75,39.52
-15.25098,125.8082,355.09,1.91,1.35,2026-04-16,729,97,175.39
-15.24796,125.82526,333.37,1.92,1.35,2026-04-16,729,75,65.93
-15.24704,125.96922,322.03,1.97,1.37,2026-04-16,729,74,36.75
-15.24431,125.79984,350.17,1.91,1.35,2026-04-16,729,95,140.38
-15.23918,125.80599,332.9,1.91,1.35,2026-04-16,729,76,65.71
-15.23851,125.90577,326.39,1.95,1.36,2026-04-16,729,71,42.4
-15.23228,125.58876,319.74,1.85,1.33,2026-04-16,729,71,27.25
-15.21179,125.84705,332.23,1.93,1.36,2026-04-16,729,84,68.72
-15.20577,125.88193,325.57,1.95,1.36,2026-04-16,729,78,45.95
-15.17279,125.93007,329.21,1.96,1.37,2026-04-16,729,82,55.28
-15.16973,125.94755,330.4,1.97,1.37,2026-04-16,729,83,59.55
-15.16667,125.96497,330.4,1.98,1.37,2026-04-16,729,83,61.91
-15.16395,125.91025,319.62,1.96,1.37,2026-04-16,729,71,31.06
-15.16088,125.92769,328.59,1.96,1.37,2026-04-16,729,81,57.01
-15.15158,125.98042,327.71,1.98,1.37,2026-04-16,729,80,56.72
-15.14608,126.46528,347.48,2.16,1.43,2026-04-16,729,94,150.11
-15.14071,126.4771,328.96,2.17,1.43,2026-04-16,729,76,60.33
-15.12475,126.58364,324.35,2.21,1.44,2026-04-16,729,77,49.75
-15.1202,126.59588,328.75,2.22,1.44,2026-04-16,729,81,61.91
-15.11574,126.56165,341.87,2.2,1.44,2026-04-16,729,91,121.55
-15.11215,126.58139,332.66,2.21,1.44,2026-04-16,729,85,77.52
-15.11103,126.57383,342.58,2.21,1.44,2026-04-16,729,91,125.72
-3.94289,119.71282,321.98,1.13,1.06,2026-04-16,731,70,12.49
-3.78553,119.9119,319.24,1.16,1.07,2026-04-16,731,74,11.49
-3.01536,113.28969,324.0,1.51,1.21,2026-04-16,731,80,32.24
2.70154,117.66634,329.47,1.07,1.03,2026-04-16,733,85,25.4
3.09086,113.52969,322.73,1.19,1.09,2026-04-16,733,78,19.03
4.75331,114.64532,339.51,1.03,1.02,2026-04-16,733,90,38.86
5.29488,116.19003,319.09,1.01,1.0,2026-04-16,733,73,10.39
5.39806,115.51008,358.28,1.0,1.0,2026-04-16,733,86,73.96
5.39934,115.5188,327.22,1.0,1.0,2026-04-16,733,71,17.94
6.1402,116.22773,320.98,1.02,1.01,2026-04-16,733,75,9.72
6.33189,116.52637,319.98,1.04,1.02,2026-04-16,733,74,11.45
9.66281,105.5722,319.28,3.68,1.8,2026-04-16,735,71,60.6
10.78965,105.68233,322.31,3.43,1.74,2026-04-16,735,70,66.85
10.80268,105.67267,320.65,3.43,1.74,2026-04-16,735,71,55.6
12.28818,108.11223,324.19,2.05,1.39,2026-04-16,737,77,45.16
13.93628,107.09474,322.13,2.29,1.46,2026-04-16,737,73,38.88
13.96195,106.94099,326.8,2.35,1.48,2026-04-16,737,78,49.32
13.99786,106.99168,326.23,2.32,1.47,2026-04-16,737,76,52.22
15.80144,106.86149,354.79,2.19,1.43,2026-04-16,737,97,205.86
16.29105,105.48079,332.66,2.74,1.58,2026-04-16,737,77,96.44
17.99261,102.0272,321.81,4.64,1.97,2026-04-16,737,71,94.77
18.01367,105.16251,328.25,2.66,1.57,2026-04-16,737,78,83.39
18.32798,102.13558,347.32,4.47,1.94,2026-04-16,737,94,406.51
18.33167,102.13107,343.31,4.47,1.94,2026-04-16,737,91,339.21
18.42677,109.05575,326.69,1.35,1.15,2026-04-16,737,80,27.52
18.47962,104.3912,328.82,2.99,1.64,2026-04-16,737,80,92.86
18.48284,104.38312,331.35,2.99,1.64,2026-04-16,737,83,107.09
18.65248,104.17104,343.75,3.08,1.67,2026-04-16,737,92,222.21
18.65454,104.16329,333.47,3.08,1.67,2026-04-16,737,85,138.49
18.6576,104.19785,323.15,3.06,1.66,2026-04-16,737,74,70.98
18.65994,104.19054,335.56,3.06,1.66,2026-04-16,737,86,151.8
18.6611,104.41941,324.29,2.94,1.63,2026-04-16,737,76,72.6
18.66642,104.39866,324.02,2.96,1.64,2026-04-16,737,75,71.57
18.46192,101.70181,322.45,4.79,2.0,2026-04-16,739,70,107.82
18.56702,101.67342,324.53,4.79,2.0,2026-04-16,739,77,119.91
18.5684,101.66947,325.95,4.79,2.0,2026-04-16,739,79,132.02
18.70681,102.43002,324.03,4.17,1.89,2026-04-16,739,77,103.87
18.80366,102.20398,322.73,4.31,1.92,2026-04-16,739,76,100.9
18.80875,102.27563,322.29,4.25,1.91,2026-04-16,739,74,90.39
18.80907,102.19568,325.77,4.31,1.92,2026-04-16,739,79,127.14
18.81918,102.28019,335.25,4.25,1.91,2026-04-16,739,87,222.06
18.82511,102.27195,327.68,4.25,1.91,2026-04-16,739,81,141.83
18.82658,102.31655,321.51,4.22,1.9,2026-04-16,739,74,86.57
18.83255,102.30743,323.08,4.22,1.9,2026-04-16,739,77,99.09
19.25962,103.79064,331.99,3.19,1.69,2026-04-16,739,85,127.68
19.29582,103.89739,324.37,3.13,1.68,2026-04-16,739,78,77.27
19.30247,103.93132,319.42,3.11,1.67,2026-04-16,739,72,51.82
19.67929,103.96059,319.99,3.03,1.66,2026-04-16,739,70,39.64
19.74158,104.5717,318.78,2.71,1.58,2026-04-16,739,70,39.58
19.7488,104.57393,324.52,2.71,1.58,2026-04-16,739,78,61.41
19.79433,102.70428,322.4,3.75,1.81,2026-04-16,739,76,79.44
19.79956,102.70934,322.97,3.75,1.81,2026-04-16,739,76,88.4
19.83706,104.77416,319.89,2.61,1.55,2026-04-16,739,72,50.75
19.88388,104.45836,323.75,2.75,1.59,2026-04-16,739,77,66.89
19.88829,104.48125,336.04,2.74,1.58,2026-04-16,739,87,133.48
19.89426,104.47575,337.88,2.74,1.58,2026-04-16,739,89,144.75
20.01414,104.80159,327.06,2.57,1.54,2026-04-16,739,80,81.09
20.10474,104.20332,323.74,2.84,1.61,2026-04-16,739,77,69.19
20.19984,102.69452,321.26,3.68,1.8,2026-04-16,739,75,81.59
20.20729,104.28509,334.89,2.79,1.6,2026-04-16,739,87,134.77
20.28268,101.469,321.89,4.54,1.96,2026-04-16,739,75,116.79
20.29033,101.50499,336.44,4.5,1.95,2026-04-16,739,88,273.95
20.29458,101.49808,340.85,4.5,1.95,2026-04-16,739,90,336.8
20.30467,102.69343,342.95,3.66,1.79,2026-04-16,739,86,275.66
20.30975,102.69712,370.82,3.66,1.79,2026-04-16,739,100,733.09
20.37638,101.47078,318.74,4.5,1.95,2026-04-16,739,71,88.21
20.38002,101.46695,319.61,4.5,1.95,2026-04-16,739,72,95.94
20.39385,101.63466,333.37,4.38,1.93,2026-04-16,739,86,217.59
20.39838,101.63004,323.72,4.38,1.93,2026-04-16,739,77,110.41
20.40207,101.59171,325.42,4.41,1.93,2026-04-16,739,79,135.79
20.40641,101.58741,323.97,4.41,1.93,2026-04-16,739,73,112.19
20.45993,101.61949,333.52,4.38,1.93,2026-04-16,739,86,223.91
20.46449,101.61503,325.68,4.38,1.93,2026-04-16,739,79,139.69
20.58841,103.01464,321.86,3.41,1.74,2026-04-16,739,75,84.66
20.65851,101.68326,326.39,4.28,1.91,2026-04-16,739,80,135.86
20.66307,104.53046,331.6,2.61,1.55,2026-04-16,739,84,94.5
20.66366,101.67796,334.62,4.28,1.91,2026-04-16,739,86,218.11
20.66612,101.71987,335.56,4.25,1.91,2026-04-16,739,87,230.04
20.66887,104.53451,331.99,2.61,1.55,2026-04-16,739,85,95.3
20.67156,101.71485,334.62,4.25,1.91,2026-04-16,739,86,213.11
20.67632,104.52702,325.1,2.61,1.55,2026-04-16,739,79,62.97
20.67704,100.97587,326.83,4.82,2.0,2026-04-16,739,80,171.65
20.67814,100.97197,328.4,4.82,2.0,2026-04-16,739,82,192.87
20.77112,104.31921,325.1,2.69,1.57,2026-04-16,739,79,65.43
20.7752,101.76263,323.29,4.19,1.9,2026-04-16,739,77,112.58
20.80688,101.58865,321.36,4.31,1.92,2026-04-16,739,74,109.71
20.81184,101.58396,320.05,4.31,1.92,2026-04-16,739,73,99.38
20.89367,101.80614,317.81,4.14,1.88,2026-04-16,739,70,68.04
20.90177,101.84428,327.98,4.11,1.88,2026-04-16,739,82,152.83
20.90907,101.83655,326.94,4.11,1.88,2026-04-16,739,81,140.05
20.94976,101.91218,345.78,4.05,1.87,2026-04-16,739,93,369.21
20.95704,101.90209,341.19,4.05,1.87,2026-04-16,739,91,305.98
20.97501,100.98864,317.36,4.75,1.99,2026-04-16,739,70,98.79
20.97687,100.97916,318.15,4.75,1.99,2026-04-16,739,71,104.88
20.98708,102.11884,321.89,3.9,1.84,2026-04-16,739,76,107.94
21.11501,102.78882,318.28,3.45,1.75,2026-04-16,739,71,65.82
21.41211,104.05685,317.7,2.73,1.58,2026-04-16,739,70,27.57
21.43921,102.34072,318.15,3.66,1.79,2026-04-16,739,72,68.31
21.53714,102.88101,322.54,3.32,1.72,2026-04-16,739,77,78.71
21.5378,102.88772,320.69,3.32,1.72,2026-04-16,739,75,68.25
21.5435,102.91142,324.15,3.3,1.72,2026-04-16,739,79,88.48
21.55275,102.88523,382.42,3.32,1.72,2026-04-16,739,100,890.23
21.55815,102.90759,367.18,3.3,1.72,2026-04-16,739,100,562.83
21.55852,102.91395,352.99,3.3,1.72,2026-04-16,739,97,348.18
21.76922,101.98903,347.77,3.82,1.83,2026-04-16,739,89,366.8
21.88984,102.71507,317.51,3.35,1.73,2026-04-16,739,71,49.99
21.8958,102.74195,325.65,3.34,1.72,2026-04-16,739,81,98.33
21.89659,102.74854,322.23,3.34,1.72,2026-04-16,739,77,73.87
22.08059,102.14531,336.31,3.66,1.79,2026-04-16,739,88,211.54
22.09116,102.13422,334.12,3.66,1.79,2026-04-16,739,87,187.36
22.09567,102.14036,320.21,3.66,1.79,2026-04-16,739,76,85.19
22.87023,109.26457,326.74,1.14,1.06,2026-04-16,739,82,23.25
38.23751,109.54494,317.63,1.08,1.04,2026-04-16,741,73,11.3
40.66178,110.07133,319.05,1.19,1.09,2026-04-16,744,74,13.24
40.66494,110.06511,317.82,1.19,1.09,2026-04-16,744,73,12.15
41.18531,111.74603,326.6,1.46,1.2,2026-04-16,744,82,34.88
54.29482,101.93215,320.93,1.01,1.0,2026-04-16,746,81,21.6
61.55689,46.17987,327.31,2.23,1.45,2026-04-16,746,84,79.03
61.56652,46.14413,334.72,2.22,1.44,2026-04-16,746,89,108.77
11.18589,16.46526,328.35,1.05,1.03,2026-04-16,801,74,12.65
-1.28052,15.37772,316.46,1.25,1.11,2026-04-16,803,72,15.74
13.92142,79.12372,321.23,4.19,1.9,2026-04-16,915,72,64.53
13.92228,79.16464,330.14,4.17,1.89,2026-04-16,915,83,140.92
13.92841,79.15938,331.65,4.17,1.89,2026-04-16,915,84,155.69
14.02095,79.02232,324.38,4.25,1.91,2026-04-16,915,77,75.24
14.54391,78.95487,335.25,4.19,1.9,2026-04-16,915,87,187.25
14.55045,78.94705,356.86,4.19,1.9,2026-04-16,915,98,524.87
14.55763,78.98354,332.09,4.17,1.89,2026-04-16,915,84,151.6
14.56065,78.9538,354.04,4.19,1.9,2026-04-16,915,97,471.17
17.65347,96.67406,323.27,3.14,1.68,2026-04-16,915,70,41.77
19.02219,80.50732,328.63,2.54,1.53,2026-04-16,917,74,46.24
19.18785,81.17304,334.71,2.24,1.45,2026-04-16,917,82,81.45
19.21393,81.10203,328.87,2.27,1.46,2026-04-16,917,74,56.23
19.21451,81.09547,327.14,2.27,1.46,2026-04-16,917,72,49.73
19.74337,93.96306,371.22,2.07,1.4,2026-04-16,917,100,319.07
19.76553,84.9755,327.8,1.2,1.09,2026-04-16,917,78,22.3
19.89569,83.52367,326.48,1.46,1.19,2026-04-16,917,74,23.72
19.94387,83.57732,326.58,1.45,1.19,2026-04-16,917,72,21.98
19.98016,83.66467,331.7,1.42,1.18,2026-04-16,917,80,31.14
19.98066,83.85074,333.37,1.39,1.17,2026-04-16,917,82,33.14
19.98737,83.58284,330.95,1.44,1.19,2026-04-16,917,79,29.47
20.0029,83.50275,335.52,1.46,1.19,2026-04-16,917,84,33.97
20.00451,83.49524,351.83,1.46,1.19,2026-04-16,917,95,87.91
20.00678,83.50869,331.4,1.46,1.19,2026-04-16,917,80,25.21
20.01321,83.50052,335.38,1.46,1.19,2026-04-16,917,83,33.95
20.0146,84.10858,331.6,1.33,1.14,2026-04-16,917,79,29.88
20.06791,83.87392,355.12,1.38,1.16,2026-04-16,917,97,96.88
20.06875,83.88029,343.93,1.37,1.16,2026-04-16,917,90,59.91
20.07882,83.87837,324.9,1.37,1.16,2026-04-16,917,70,16.83
20.14949,83.63122,330.25,1.42,1.18,2026-04-16,917,78,23.24
20.57239,82.40351,332.62,1.7,1.28,2026-04-16,917,76,34.29
20.73197,84.26432,333.56,1.27,1.12,2026-04-16,917,79,24.84
20.76437,83.96886,330.6,1.32,1.14,2026-04-16,917,74,17.59
20.96373,85.17189,331.0,1.13,1.06,2026-04-16,917,76,19.37
20.96552,86.0037,330.65,1.05,1.02,2026-04-16,917,77,16.29
20.96703,86.01344,326.56,1.05,1.02,2026-04-16,917,70,11.11
21.20194,79.44659,332.66,2.74,1.58,2026-04-16,917,73,58.18
21.22024,84.53156,332.42,1.21,1.09,2026-04-16,917,79,22.53
21.22208,84.54264,328.38,1.21,1.09,2026-04-16,917,73,14.98
21.32241,79.19436,334.76,2.84,1.61,2026-04-16,917,76,70.29
21.32772,79.22029,335.56,2.83,1.61,2026-04-16,917,78,77.8
21.33182,79.19675,360.0,2.84,1.61,2026-04-16,917,99,303.23
21.33625,79.19118,344.21,2.84,1.61,2026-04-16,917,88,141.94
21.33693,79.22275,338.38,2.83,1.61,2026-04-16,917,82,96.57
21.34154,79.21713,336.22,2.83,1.61,2026-04-16,917,79,83.33
21.58813,92.35427,340.38,1.68,1.27,2026-04-16,917,89,75.34
21.59929,92.35297,343.31,1.68,1.27,2026-04-16,917,91,85.86
21.67321,92.19473,336.82,1.64,1.26,2026-04-16,917,86,63.23
21.7209,92.5053,351.95,1.73,1.29,2026-04-16,917,96,126.91
21.73204,78.25716,331.99,3.28,1.71,2026-04-16,917,71,60.46
21.73802,92.55347,330.7,1.74,1.29,2026-04-16,917,80,46.26
21.79377,92.73119,347.02,1.8,1.31,2026-04-16,917,93,111.7
21.92809,76.2449,331.05,4.57,1.96,2026-04-16,917,70,93.69
21.94553,79.33938,334.89,2.69,1.57,2026-04-16,917,79,68.01
21.95196,79.33316,332.81,2.69,1.57,2026-04-16,917,76,56.58
22.01303,92.46537,324.75,1.73,1.29,2026-04-16,917,74,34.13
22.11791,93.16204,335.07,1.96,1.37,2026-04-16,917,85,75.45
22.11917,79.30921,337.25,2.68,1.57,2026-04-16,917,82,73.68
22.12424,93.15103,355.53,1.96,1.37,2026-04-16,917,97,181.24
22.12607,79.31245,336.95,2.68,1.57,2026-04-16,917,81,71.48
22.15907,93.35907,327.05,2.03,1.39,2026-04-16,917,77,43.5
22.16916,93.45227,327.95,2.07,1.4,2026-04-16,917,71,50.29
22.18215,79.15775,338.13,2.74,1.58,2026-04-16,917,82,89.76
22.18722,79.18272,349.52,2.73,1.58,2026-04-16,917,93,179.44
22.18933,79.16302,348.96,2.74,1.58,2026-04-16,917,92,174.39
22.19421,79.18805,341.72,2.73,1.58,2026-04-16,917,86,113.47
22.20345,79.71403,349.77,2.49,1.52,2026-04-16,917,93,174.76
22.20492,79.31544,336.74,2.66,1.57,2026-04-16,917,76,70.29
22.26801,85.3842,326.44,1.08,1.04,2026-04-16,917,71,12.72
22.29715,92.34338,321.46,1.71,1.28,2026-04-16,917,70,20.47
22.30353,92.59263,322.29,1.79,1.31,2026-04-16,917,71,27.32
22.31195,92.58611,333.37,1.79,1.31,2026-04-16,917,84,56.55
22.31501,92.59122,332.18,1.79,1.31,2026-04-16,917,83,53.53
22.40043,79.50687,331.84,2.55,1.54,2026-04-16,917,72,52.18
22.41232,93.17729,326.77,1.98,1.37,2026-04-16,917,77,46.76
22.47654,79.62711,336.87,2.49,1.52,2026-04-16,917,80,76.86
22.72845,85.36075,327.89,1.07,1.03,2026-04-16,917,71,15.23
22.79441,93.70483,325.32,2.2,1.44,2026-04-16,917,76,48.79
22.79469,93.69913,327.11,2.2,1.44,2026-04-16,917,78,53.24
22.87207,93.19917,336.18,2.02,1.39,2026-04-16,917,86,80.96
22.89453,93.40922,345.3,2.1,1.41,2026-04-16,917,92,136.36
22.97876,93.23665,328.12,2.04,1.39,2026-04-16,917,79,53.23
23.00502,77.52051,334.85,3.47,1.75,2026-04-16,917,77,106.3
23.44003,79.18814,336.0,2.55,1.54,2026-04-16,917,79,72.31
23.44473,79.21172,335.69,2.54,1.53,2026-04-16,917,78,70.27
23.45658,77.89773,333.04,3.18,1.69,2026-04-16,917,72,72.72
23.47044,79.61193,347.9,2.37,1.49,2026-04-16,917,91,131.69
23.47237,79.61648,362.49,2.37,1.49,2026-04-16,917,100,255.08
23.47486,79.63399,375.03,2.36,1.48,2026-04-16,917,100,398.81
23.47659,79.63834,368.07,2.36,1.48,2026-04-16,917,100,314.55
23.4876,79.63086,347.38,2.36,1.48,2026-04-16,917,91,130.92
23.48932,79.63519,339.79,2.36,1.48,2026-04-16,917,84,79.8
23.51553,85.12295,325.06,1.07,1.03,2026-04-16,917,71,12.18
23.55713,84.07166,326.11,1.19,1.08,2026-04-16,917,71,14.68
23.68327,77.50036,347.71,3.35,1.73,2026-04-16,917,86,223.94
23.76377,77.74113,333.65,3.21,1.7,2026-04-16,917,74,89.34
23.76435,77.73447,334.76,3.21,1.7,2026-04-16,917,76,98.33
23.88841,78.1833,332.28,2.96,1.64,2026-04-16,917,70,57.59
23.89027,82.93682,328.08,1.36,1.15,2026-04-16,917,70,15.42
23.92388,82.77675,329.83,1.39,1.17,2026-04-16,917,72,20.36
23.95403,77.83553,336.91,3.13,1.68,2026-04-16,917,79,95.05
23.95997,77.8644,340.14,3.11,1.67,2026-04-16,917,83,119.22
23.96728,82.96771,328.96,1.35,1.15,2026-04-16,917,71,16.98
23.98846,82.91022,340.92,1.36,1.15,2026-04-16,917,86,42.73
23.98983,82.91664,335.78,1.36,1.15,2026-04-16,917,81,30.18
24.18796,83.23119,333.98,1.29,1.13,2026-04-16,917,78,26.74
24.29072,82.27708,347.71,1.47,1.2,2026-04-16,917,92,70.74
24.77391,83.95408,350.9,1.16,1.07,2026-04-16,917,94,60.93
24.78321,83.95221,346.65,1.16,1.07,2026-04-16,917,91,49.57
24.80179,83.94831,335.16,1.16,1.07,2026-04-16,917,80,26.1
24.87917,85.61362,332.57,1.02,1.01,2026-04-16,917,78,16.61
24.92748,83.81804,335.21,1.17,1.08,2026-04-16,917,80,25.39
24.95953,83.71886,352.79,1.18,1.08,2026-04-16,917,95,66.55
24.96137,83.73012,334.57,1.18,1.08,2026-04-16,917,79,23.31
24.96531,83.72372,337.88,1.18,1.08,2026-04-16,917,83,29.56
25.32022,91.17264,320.76,1.57,1.23,2026-04-16,917,76,25.26
25.32194,91.18752,325.37,1.57,1.24,2026-04-16,917,80,35.2
25.40229,90.9896,358.66,1.53,1.22,2026-04-16,917,99,142.64
25.41294,90.98799,403.8,1.53,1.22,2026-04-16,917,100,502.35
25.41465,91.00248,369.06,1.53,1.22,2026-04-16,917,100,198.02
25.46638,91.13678,340.07,1.57,1.23,2026-04-16,917,90,76.15
25.50106,90.54267,334.44,1.43,1.18,2026-04-16,917,87,50.35
25.50973,90.527,328.95,1.43,1.18,2026-04-16,917,72,36.43
25.54877,90.95316,321.87,1.53,1.22,2026-04-16,917,75,24.55
23.96154,77.85664,343.17,3.11,1.67,2026-04-16,920,87,146.7
24.45205,80.20218,334.48,2.04,1.39,2026-04-16,920,75,42.16
24.65132,80.88338,333.65,1.8,1.32,2026-04-16,920,75,33.5
24.65506,78.4938,337.12,2.69,1.57,2026-04-16,920,80,88.48
24.66024,78.51875,334.76,2.68,1.57,2026-04-16,920,76,72.95
24.66159,78.49922,345.67,2.69,1.57,2026-04-16,920,89,149.66
24.88785,77.10458,332.71,3.35,1.73,2026-04-16,920,73,76.54
24.88902,77.11112,337.8,3.35,1.73,2026-04-16,920,81,120.68
25.10555,84.049,338.09,1.14,1.06,2026-04-16,920,83,28.26
25.11365,84.0519,333.33,1.14,1.06,2026-04-16,920,77,20.43
25.11949,83.97206,331.0,1.15,1.07,2026-04-16,920,73,14.44
25.14752,83.90978,343.75,1.15,1.07,2026-04-16,920,89,38.86
25.14932,83.92077,330.04,1.15,1.07,2026-04-16,920,71,12.78
25.17855,83.98264,346.02,1.14,1.07,2026-04-16,920,90,43.24
25.1842,83.6318,335.25,1.19,1.08,2026-04-16,920,79,23.48
25.18608,83.6431,330.9,1.19,1.08,2026-04-16,920,73,15.98
25.19124,83.96333,341.15,1.14,1.07,2026-04-16,920,86,31.34
25.19305,83.97424,344.6,1.14,1.07,2026-04-16,920,89,38.92
25.19353,83.74611,331.45,1.17,1.08,2026-04-16,920,74,15.7
25.19538,83.75726,339.63,1.17,1.08,2026-04-16,920,85,29.31
25.21024,83.78875,359.46,1.17,1.07,2026-04-16,920,99,81.82
25.21873,84.01402,347.9,1.14,1.06,2026-04-16,920,92,46.5
25.22481,84.32743,352.73,1.1,1.05,2026-04-16,920,95,60.05
25.2265,84.33797,334.26,1.1,1.05,2026-04-16,920,79,21.1
25.24704,84.18615,331.2,1.12,1.05,2026-04-16,920,74,16.14
25.24878,84.19681,332.38,1.12,1.05,2026-04-16,920,76,17.95
25.25986,83.91552,339.31,1.15,1.07,2026-04-16,920,84,28.16
25.26164,83.92648,332.04,1.15,1.07,2026-04-16,920,74,14.63
25.27529,83.73438,330.5,1.17,1.08,2026-04-16,920,72,14.96
25.27715,83.74552,338.83,1.17,1.08,2026-04-16,920,84,30.17
25.46182,76.88184,333.37,3.37,1.73,2026-04-16,920,76,86.48
25.59154,79.16354,344.6,2.29,1.46,2026-04-16,920,89,105.44
25.64506,78.56855,336.18,2.52,1.53,2026-04-16,920,80,74.19
25.83836,82.92635,329.68,1.26,1.12,2026-04-16,920,71,16.34
25.84041,82.93845,328.99,1.26,1.12,2026-04-16,920,70,15.19
26.33926,83.88107,334.94,1.12,1.05,2026-04-16,920,81,22.55
26.34102,83.89184,329.78,1.12,1.05,2026-04-16,920,74,14.42
26.35209,83.62379,337.71,1.15,1.07,2026-04-16,920,73,27.06
26.36582,83.98643,327.86,1.11,1.05,2026-04-16,920,71,11.53
26.40284,83.87262,329.11,1.12,1.05,2026-04-16,920,73,13.39
26.43414,83.83274,329.68,1.12,1.06,2026-04-16,920,74,13.98
26.43671,83.46246,328.93,1.16,1.07,2026-04-16,920,72,15.7
26.459,83.30572,356.25,1.18,1.08,2026-04-16,920,97,76.83
26.47014,83.54784,343.21,1.15,1.07,2026-04-16,920,89,38.91
26.48257,83.73864,333.28,1.13,1.06,2026-04-16,920,79,19.68
26.4849,83.57919,335.83,1.15,1.07,2026-04-16,920,82,23.83
26.51649,83.38101,329.68,1.17,1.08,2026-04-16,920,73,14.56
26.55382,83.48928,331.65,1.16,1.07,2026-04-16,920,72,18.02
26.56499,83.23579,327.84,1.19,1.08,2026-04-16,920,70,12.78
26.57851,82.96789,348.83,1.23,1.1,2026-04-16,920,93,59.35
26.58168,83.48345,330.65,1.16,1.07,2026-04-16,920,75,16.17
26.75543,83.14765,335.69,1.19,1.09,2026-04-16,920,82,25.2
26.79135,87.4481,322.96,1.05,1.02,2026-04-16,920,76,17.23
26.91248,83.17895,352.12,1.18,1.08,2026-04-16,920,90,62.32
26.91437,83.19039,348.83,1.18,1.08,2026-04-16,920,93,52.81
26.91829,83.1841,344.81,1.18,1.08,2026-04-16,920,85,43.77
26.92917,83.51287,330.85,1.14,1.06,2026-04-16,920,76,16.9
26.93423,82.75604,348.99,1.24,1.11,2026-04-16,920,93,58.1
26.93625,82.76804,334.71,1.24,1.11,2026-04-16,920,80,23.15
26.93901,82.76086,351.41,1.24,1.11,2026-04-16,920,95,64.54
26.96913,82.87773,329.42,1.22,1.1,2026-04-16,920,73,12.73
26.97116,82.88953,343.53,1.22,1.1,2026-04-16,920,89,40.91
27.00521,82.85769,339.07,1.22,1.1,2026-04-16,920,85,32.67
27.01531,83.64819,334.53,1.12,1.06,2026-04-16,920,81,22.08
27.08344,82.59872,331.2,1.26,1.12,2026-04-16,920,76,20.73
27.13918,84.76643,330.3,1.03,1.01,2026-04-16,920,80,17.57
27.15595,83.58958,330.35,1.13,1.06,2026-04-16,920,77,16.63
27.15837,84.77296,327.8,1.03,1.01,2026-04-16,920,77,14.03
27.16718,84.77123,327.64,1.03,1.01,2026-04-16,920,77,14.49
27.18196,83.59012,333.75,1.12,1.06,2026-04-16,920,82,21.17
27.20385,82.50944,340.54,1.27,1.12,2026-04-16,920,87,39.33
27.20598,82.5217,364.21,1.27,1.12,2026-04-16,920,100,114.71
27.21305,83.60617,330.6,1.12,1.06,2026-04-16,920,78,16.35
27.21565,82.51957,328.77,1.27,1.12,2026-04-16,920,74,15.31
27.27271,84.55112,331.6,1.04,1.02,2026-04-16,920,81,20.63
27.30838,83.00517,334.3,1.19,1.09,2026-04-16,920,82,25.89
27.3248,82.55225,343.68,1.26,1.11,2026-04-16,920,90,47.62
27.32689,82.56442,341.15,1.25,1.11,2026-04-16,920,88,41.3
27.33235,82.53795,338.91,1.26,1.11,2026-04-16,920,86,35.2
27.33443,82.55014,343.13,1.26,1.11,2026-04-16,920,89,45.31
27.35991,82.58236,330.35,1.25,1.11,2026-04-16,920,77,19.82
27.3895,82.50748,338.62,1.26,1.12,2026-04-16,920,86,36.06
27.39161,82.51969,352.09,1.26,1.11,2026-04-16,920,95,72.29
27.41531,82.71459,331.75,1.23,1.1,2026-04-16,920,80,22.43
27.41736,82.72649,360.17,1.23,1.1,2026-04-16,920,100,97.6
27.4176,82.86627,354.54,1.21,1.09,2026-04-16,920,97,75.81
27.45704,82.90094,331.4,1.2,1.09,2026-04-16,920,80,20.7
27.49569,83.07195,332.9,1.18,1.08,2026-04-16,920,82,24.52
27.49761,83.08337,333.61,1.17,1.08,2026-04-16,920,82,24.86
27.60902,83.01717,338.09,1.18,1.08,2026-04-16,920,87,37.91
27.61093,83.02864,323.58,1.18,1.08,2026-04-16,920,71,14.14
28.2156,82.09161,332.04,1.29,1.13,2026-04-16,920,85,33.09
28.21821,82.09812,329.68,1.29,1.13,2026-04-16,920,83,29.7
28.43539,81.4567,348.07,1.39,1.17,2026-04-16,920,94,80.38
28.45677,81.99261,317.09,1.29,1.13,2026-04-16,920,71,10.18
28.55298,80.86642,323.41,1.5,1.21,2026-04-16,920,78,18.91
28.56884,81.68658,322.03,1.34,1.15,2026-04-16,920,77,18.18
28.60923,81.97412,327.7,1.29,1.13,2026-04-16,920,83,25.52
28.61142,81.9866,330.65,1.29,1.13,2026-04-16,920,85,30.88
28.71041,81.09313,321.05,1.45,1.19,2026-04-16,920,77,15.9
28.90918,81.44727,333.28,1.37,1.16,2026-04-16,920,87,38.98
28.92373,81.47066,318.03,1.36,1.16,2026-04-16,920,70,14.49
28.92613,81.48425,334.48,1.36,1.15,2026-04-16,920,88,45.27
28.93259,80.16609,333.84,1.64,1.26,2026-04-16,920,86,48.18
28.93561,80.18209,325.59,1.64,1.26,2026-04-16,920,79,25.79
28.97517,81.01484,316.01,1.45,1.19,2026-04-16,920,72,13.39
28.97554,81.46901,317.06,1.36,1.15,2026-04-16,920,74,17.17
29.03137,81.14803,320.6,1.42,1.18,2026-04-16,920,78,18.92
46.44953,77.21323,359.33,1.1,1.05,2026-04-16,924,75,97.52
51.61388,68.42019,311.52,1.97,1.37,2026-04-16,924,71,31.62
52.0357,69.08479,316.97,1.78,1.31,2026-04-16,924,77,37.16
52.36559,69.68315,318.0,1.64,1.26,2026-04-16,924,78,34.97
52.37057,69.70544,312.98,1.63,1.26,2026-04-16,924,73,26.27
52.97003,78.22121,331.7,1.01,1.0,2026-04-16,924,88,33.85
53.56773,76.81531,313.04,1.0,1.0,2026-04-16,924,73,13.28
53.59988,66.41719,315.41,2.09,1.41,2026-04-16,926,76,42.71
53.83648,71.81172,319.36,1.24,1.11,2026-04-16,926,79,23.37
54.21899,77.8868,325.82,1.02,1.01,2026-04-16,926,84,26.75
54.22105,77.90174,322.37,1.02,1.01,2026-04-16,926,82,22.96
54.41059,70.716,317.68,1.31,1.14,2026-04-16,926,78,22.98
54.48373,67.60487,319.15,1.73,1.29,2026-04-16,926,79,37.8
54.48933,67.62924,318.17,1.73,1.29,2026-04-16,926,78,35.14
54.54466,68.74685,313.91,1.55,1.23,2026-04-16,926,74,24.47
54.617,68.84167,346.62,1.53,1.22,2026-04-16,926,89,99.71
55.66991,70.82475,335.96,1.22,1.1,2026-04-16,926,90,49.63
59.89302,71.7319,314.6,1.02,1.01,2026-04-16,926,75,18.49
43.584,4.97198,318.31,1.6,1.25,2026-04-16,930,78,25.64
43.58528,4.97892,311.57,1.6,1.25,2026-04-16,930,71,15.17
40.50402,0.39061,311.8,1.12,1.06,2026-04-16,932,70,9.13
40.50615,0.37786,314.5,1.12,1.06,2026-04-16,932,73,11.58
41.31074,2.07749,312.36,1.28,1.12,2026-04-16,932,71,10.01
41.50492,1.6295,314.04,1.21,1.1,2026-04-16,932,73,15.42
43.0046,-1.39275,312.54,1.0,1.0,2026-04-16,932,73,11.37
29.2307,-8.53333,322.38,1.21,1.09,2026-04-16,934,70,13.39
8.68332,-6.67981,318.94,1.34,1.15,2026-04-16,939,71,15.04
9.23683,-12.72469,350.29,1.21,1.1,2026-04-16,939,95,73.25
10.99762,-7.26883,324.39,1.16,1.07,2026-04-16,939,71,12.26
11.50129,-7.98643,325.94,1.07,1.03,2026-04-16,939,71,13.92
12.3737,-10.1877,332.04,1.02,1.01,2026-04-16,939,78,16.58
12.37497,-10.19683,369.24,1.02,1.01,2026-04-16,939,100,100.98
12.37624,-10.20594,383.71,1.02,1.01,2026-04-16,939,100,158.67
12.3851,-10.2046,337.69,1.02,1.01,2026-04-16,939,84,25.44
12.41511,-8.23245,326.84,1.03,1.02,2026-04-16,939,72,13.18
12.41741,-9.65043,334.52,1.0,1.0,2026-04-16,939,81,21.78
12.43028,-9.93277,330.05,1.01,1.0,2026-04-16,939,75,15.07
12.7053,-11.53186,326.76,1.14,1.07,2026-04-16,939,70,12.42
12.77131,-10.06936,333.0,1.02,1.01,2026-04-16,939,79,18.21
12.89537,-3.36176,332.0,2.0,1.38,2026-04-16,939,76,44.76
12.89986,-3.35439,342.17,2.0,1.38,2026-04-16,939,88,88.37
12.90897,-3.2607,328.13,2.04,1.39,2026-04-16,939,71,35.39
12.948,-3.3461,332.48,2.0,1.38,2026-04-16,939,78,47.67
13.02111,-8.07983,327.0,1.03,1.02,2026-04-16,939,71,12.0
13.07639,-11.91799,337.11,1.21,1.09,2026-04-16,939,84,33.55
13.39556,-9.78818,332.35,1.01,1.01,2026-04-16,939,78,17.62
13.47035,-10.38845,332.31,1.05,1.02,2026-04-16,939,78,19.12
13.48623,-10.63734,334.97,1.07,1.03,2026-04-16,939,81,20.82
13.48754,-10.6469,348.73,1.07,1.03,2026-04-16,939,93,47.4
13.50489,-13.17063,327.3,1.47,1.2,2026-04-16,939,71,21.91
13.66484,-10.32934,329.34,1.04,1.02,2026-04-16,939,73,16.94
13.79946,-6.24637,332.52,1.22,1.1,2026-04-16,939,79,27.76
13.8979,-7.45199,327.64,1.07,1.03,2026-04-16,939,71,13.4
14.08146,-8.31967,327.07,1.01,1.01,2026-04-16,939,70,11.62
14.11159,-6.60193,344.54,1.15,1.07,2026-04-16,939,90,45.41
14.11317,-6.61228,364.47,1.15,1.07,2026-04-16,939,100,103.91
14.12096,-6.60045,328.2,1.15,1.07,2026-04-16,939,73,15.98
14.15639,-6.89686,327.24,1.12,1.05,2026-04-16,939,71,13.55
14.50198,-12.76735,333.77,1.42,1.18,2026-04-16,939,72,29.57
14.51237,-12.76596,336.65,1.42,1.18,2026-04-16,939,76,36.39
14.514,-12.77884,338.55,1.43,1.18,2026-04-16,939,83,41.57
14.5195,-12.73905,336.1,1.42,1.18,2026-04-16,939,82,37.47
14.52112,-12.75179,349.25,1.42,1.18,2026-04-16,939,93,75.39
14.52275,-12.7646,345.34,1.42,1.18,2026-04-16,939,91,63.3
14.56959,1.30312,330.65,4.31,1.92,2026-04-16,939,76,120.84
14.58139,1.30041,328.61,4.31,1.92,2026-04-16,939,72,98.41
14.62722,-10.08647,327.27,1.04,1.02,2026-04-16,939,72,15.18
16.20726,-95.16868,311.6,1.06,1.03,2026-04-16,954,83,10.09
17.21012,-99.19068,318.91,1.21,1.1,2026-04-16,954,98,21.56
17.23049,-99.15917,318.52,1.21,1.09,2026-04-16,954,92,20.59
17.24161,-99.1694,323.35,1.21,1.09,2026-04-16,954,100,27.61
17.7579,-92.90848,311.12,1.3,1.13,2026-04-16,954,82,14.4
17.7599,-92.92026,312.29,1.3,1.13,2026-04-16,954,85,15.61
17.8417,-93.10885,323.04,1.26,1.12,2026-04-16,954,100,28.59
17.84359,-93.12031,331.15,1.26,1.12,2026-04-16,954,100,41.98
17.89699,-93.18585,313.31,1.25,1.11,2026-04-16,954,87,15.09
17.98687,-94.52558,325.84,1.08,1.04,2026-04-16,954,100,25.1
18.00972,-93.45154,308.8,1.2,1.09,2026-04-16,954,76,10.72
18.09551,-94.04324,312.54,1.12,1.06,2026-04-16,954,85,12.29
18.13611,-94.35609,313.02,1.09,1.04,2026-04-16,954,86,11.43
29.98687,55.84925,324.76,1.49,1.21,2026-04-16,1100,73,27.66
30.57038,53.12902,322.81,2.2,1.44,2026-04-16,1100,73,33.37
49.34712,51.40832,322.51,1.09,1.04,2026-04-16,1104,82,22.01
51.60259,52.92658,339.99,1.0,1.0,2026-04-16,1104,92,40.14
52.13264,61.95448,366.07,1.92,1.35,2026-04-16,1104,100,269.23
52.14454,61.95226,327.96,1.92,1.35,2026-04-16,1104,85,67.64
52.15108,61.94323,321.15,1.92,1.35,2026-04-16,1104,81,49.21
52.15642,61.95002,320.12,1.92,1.35,2026-04-16,1104,80,47.85
52.45744,59.00128,312.99,1.42,1.18,2026-04-16,1104,73,17.39
52.62436,53.19559,312.6,1.0,1.0,2026-04-16,1104,70,9.33
52.82017,64.57501,321.78,2.64,1.56,2026-04-16,1104,81,82.26
52.82203,64.61344,327.89,2.65,1.56,2026-04-16,1104,85,110.41
53.32797,59.47067,313.75,1.53,1.22,2026-04-16,1104,74,20.62
53.33073,59.46458,314.58,1.53,1.22,2026-04-16,1104,75,23.14
53.56843,51.20893,313.81,1.01,1.01,2026-04-16,1104,71,8.76
53.73907,68.03699,310.8,3.97,1.85,2026-04-16,1104,70,81.18
53.74007,68.09589,311.28,4.0,1.86,2026-04-16,1104,71,85.13
53.83997,69.09332,315.48,4.47,1.94,2026-04-16,1104,76,120.76
53.84406,69.08367,319.26,4.47,1.94,2026-04-16,1104,79,145.37
54.40609,48.23151,384.0,1.12,1.06,2026-04-16,1104,100,198.47
54.40903,48.24773,346.35,1.12,1.06,2026-04-16,1104,94,61.71
54.80841,53.33955,313.06,1.03,1.01,2026-04-16,1104,72,9.05
55.59541,62.14563,338.46,2.16,1.43,2026-04-16,1104,86,128.4
55.5973,62.13709,323.1,2.16,1.43,2026-04-16,1104,82,64.56
55.85071,61.87558,314.57,2.12,1.41,2026-04-16,1104,75,36.71
56.22647,62.33422,317.37,2.24,1.45,2026-04-16,1104,73,51.94
57.10144,39.31909,355.04,1.98,1.37,2026-04-16,1106,85,197.04
57.40443,40.55384,322.1,1.73,1.29,2026-04-16,1106,81,40.88
57.41055,40.57953,344.39,1.73,1.29,2026-04-16,1106,94,108.02
57.42272,40.63068,326.49,1.72,1.29,2026-04-16,1106,84,48.3
57.42704,40.59651,331.99,1.72,1.29,2026-04-16,1106,88,63.6
57.43311,40.62211,323.51,1.72,1.29,2026-04-16,1106,82,43.11
-8.85576,-36.89723,312.23,1.07,1.03,2026-04-16,1123,72,9.46
33.42278,-110.8493,315.39,1.78,1.31,2026-04-16,1130,91,41.28
-18.12474,125.34518,307.65,3.78,1.82,2026-04-16,1206,72,48.95
-18.10868,125.34351,320.54,3.78,1.82,2026-04-16,1206,100,119.12
-16.84457,126.12609,311.58,3.16,1.68,2026-04-16,1206,76,53.41
-16.84423,126.13251,312.2,3.16,1.68,2026-04-16,1206,84,57.06
-16.5649,127.85442,308.38,2.29,1.47,2026-04-16,1206,74,24.3
-16.56392,127.86995,319.77,2.29,1.46,2026-04-16,1206,99,53.35
-16.56271,127.87526,312.13,2.29,1.46,2026-04-16,1206,84,32.43
-16.50568,127.92382,311.17,2.26,1.46,2026-04-16,1206,82,30.24
-16.5033,127.94565,309.69,2.25,1.45,2026-04-16,1206,78,26.06
-16.45402,128.04239,307.26,2.21,1.44,2026-04-16,1206,71,17.24
-15.40607,129.47276,313.74,1.66,1.27,2026-04-16,1206,87,18.59
-14.82084,130.61977,309.33,1.35,1.15,2026-04-16,1206,76,10.31
-14.73346,130.15076,311.97,1.45,1.19,2026-04-16,1206,83,13.45
-14.5528,129.90472,308.14,1.5,1.21,2026-04-16,1206,71,10.27
-1.45913,127.43863,315.56,1.46,1.2,2026-04-16,1210,88,22.99
10.96005,123.13108,308.14,1.95,1.36,2026-04-16,1214,74,19.13
13.2511,123.68333,353.81,1.61,1.25,2026-04-16,1214,100,141.72
13.25293,123.67485,340.69,1.61,1.25,2026-04-16,1214,100,89.46
13.25566,123.69169,325.18,1.61,1.25,2026-04-16,1214,100,46.24
17.19616,121.36292,312.1,2.04,1.39,2026-04-16,1214,84,26.52
17.20017,121.3559,308.15,2.04,1.39,2026-04-16,1214,74,18.25
17.33351,121.08133,309.42,2.13,1.42,2026-04-16,1214,77,28.01
17.33585,121.0744,308.29,2.13,1.42,2026-04-16,1214,74,24.76
-23.39289,44.26275,349.15,1.37,1.16,2026-04-16,1221,82,80.99
-22.95807,44.23577,319.2,1.35,1.15,2026-04-16,1221,70,14.34
-22.67999,44.66497,332.57,1.27,1.12,2026-04-16,1221,85,34.28
-22.40852,43.89454,327.64,1.4,1.17,2026-04-16,1221,79,28.99
-22.25142,44.50917,326.68,1.28,1.12,2026-04-16,1221,78,21.65
-22.23579,43.9785,326.27,1.37,1.16,2026-04-16,1221,77,28.05
-22.17072,44.80567,336.78,1.23,1.1,2026-04-16,1221,87,40.02
-22.14857,44.67037,322.48,1.25,1.11,2026-04-16,1221,73,15.55
-22.14639,44.60934,325.15,1.26,1.11,2026-04-16,1221,76,19.8
-22.11536,44.04731,341.31,1.36,1.15,2026-04-16,1221,90,58.72
-22.07278,44.47011,331.0,1.28,1.12,2026-04-16,1221,82,30.17
-21.87453,45.36216,321.59,1.14,1.06,2026-04-16,1221,71,11.02
-21.85264,44.98256,321.43,1.19,1.09,2026-04-16,1221,70,10.82
-21.8512,45.24771,325.17,1.16,1.07,2026-04-16,1221,76,15.37
-21.58054,43.83897,328.71,1.37,1.16,2026-04-16,1221,80,28.08
-21.57269,43.8313,320.66,1.37,1.16,2026-04-16,1221,70,14.23
-21.45311,44.1244,327.57,1.31,1.14,2026-04-16,1221,79,23.7
-21.00508,44.36122,321.61,1.26,1.11,2026-04-16,1221,71,15.04
-20.85254,44.82102,326.76,1.18,1.08,2026-04-16,1221,78,20.97
-20.77826,44.38683,324.07,1.24,1.11,2026-04-16,1221,75,20.46
-20.13054,48.6988,325.14,1.05,1.02,2026-04-16,1221,72,19.85
-19.78275,44.90248,326.98,1.14,1.06,2026-04-16,1221,79,20.46
-18.52037,47.50565,312.2,1.01,1.0,2026-04-16,1221,70,6.24
-16.02133,49.02158,321.35,1.19,1.09,2026-04-16,1223,76,15.45
-16.00826,48.45771,321.14,1.12,1.05,2026-04-16,1223,74,14.18
-16.00668,48.46785,318.05,1.12,1.05,2026-04-16,1223,70,11.01
-15.68439,46.58175,322.1,1.0,1.0,2026-04-16,1223,72,9.61
-15.62097,46.68601,322.15,1.0,1.0,2026-04-16,1223,72,9.78
-15.61689,46.59224,321.78,1.0,1.0,2026-04-16,1223,71,9.37
47.82247,132.29726,328.33,3.68,1.8,2026-04-16,1223,100,212.23
47.8289,132.30196,333.81,3.68,1.8,2026-04-16,1223,100,258.96
50.9132,128.16785,317.34,2.35,1.48,2026-04-16,1223,95,71.34
1.58489,44.40992,326.18,1.11,1.05,2026-04-16,1229,70,7.59
1.82587,44.73333,327.14,1.15,1.07,2026-04-16,1229,70,12.82
7.74242,33.22421,330.25,3.02,1.65,2026-04-16,1229,82,91.34
7.90608,33.10309,324.11,3.06,1.66,2026-04-16,1229,75,65.79
7.91054,33.12947,328.03,3.05,1.66,2026-04-16,1229,80,89.55
7.91262,33.60086,321.31,2.79,1.6,2026-04-16,1229,73,46.07
7.91956,31.17494,328.11,4.38,1.93,2026-04-16,1229,78,166.64
7.9239,31.17019,322.43,4.38,1.93,2026-04-16,1229,70,118.64
7.9287,33.49285,323.48,2.84,1.61,2026-04-16,1229,75,58.07
8.06047,33.63765,324.56,2.75,1.59,2026-04-16,1229,76,57.52
8.31547,31.11507,322.88,4.34,1.92,2026-04-16,1229,74,123.28
8.32057,31.10639,321.8,4.34,1.92,2026-04-16,1229,73,113.67
8.68795,32.91236,341.65,3.06,1.66,2026-04-16,1229,80,208.95
8.70193,33.53508,326.32,2.73,1.58,2026-04-16,1229,76,45.09
8.83254,32.96341,342.36,3.02,1.65,2026-04-16,1232,91,193.1
8.83545,32.95593,347.84,3.02,1.65,2026-04-16,1232,94,238.51
8.84685,32.96085,339.43,3.02,1.65,2026-04-16,1232,89,169.27
8.89958,33.15562,333.23,2.9,1.62,2026-04-16,1232,85,112.71
8.97139,33.06471,337.29,2.94,1.63,2026-04-16,1232,88,136.96
8.99306,33.08239,357.84,2.93,1.63,2026-04-16,1232,99,339.83
10.53502,33.01094,340.65,2.76,1.59,2026-04-16,1232,86,119.1
10.68303,35.42829,334.71,1.77,1.3,2026-04-16,1232,83,51.74
10.69175,35.4106,352.12,1.77,1.3,2026-04-16,1232,95,119.92
10.69433,35.42627,369.68,1.77,1.3,2026-04-16,1232,100,232.86
10.70051,35.39297,331.7,1.78,1.31,2026-04-16,1232,73,36.95
10.70307,35.4086,372.26,1.77,1.3,2026-04-16,1232,100,248.61
10.70563,35.42424,344.95,1.77,1.3,2026-04-16,1232,91,83.8
10.7144,35.40668,336.18,1.77,1.3,2026-04-16,1232,81,49.05
10.71695,35.42234,342.17,1.77,1.3,2026-04-16,1232,89,73.09
10.76279,35.48727,331.1,1.74,1.29,2026-04-16,1232,78,40.55
10.77674,35.50165,336.18,1.74,1.29,2026-04-16,1232,84,62.16
10.96479,36.01522,331.45,1.58,1.24,2026-04-16,1232,78,27.82
12.01568,32.54389,340.42,2.82,1.6,2026-04-16,1232,80,78.06
12.02048,32.53835,338.25,2.82,1.6,2026-04-16,1232,77,66.12
12.08004,33.31282,343.53,2.44,1.51,2026-04-16,1232,85,82.79
12.08377,33.33413,352.21,2.43,1.5,2026-04-16,1232,94,143.5
12.10609,33.30797,338.66,2.44,1.51,2026-04-16,1232,78,55.57
12.18565,36.18489,333.52,1.46,1.19,2026-04-16,1232,73,36.28
12.37018,33.69235,367.54,2.24,1.45,2026-04-16,1232,100,259.65
12.37046,33.68734,350.02,2.24,1.45,2026-04-16,1232,92,110.21
12.37354,33.71201,353.45,2.23,1.45,2026-04-16,1232,95,132.51
12.37397,33.70697,359.85,2.23,1.45,2026-04-16,1232,99,184.81
12.38275,33.69004,340.42,2.24,1.45,2026-04-16,1232,80,53.32
12.38652,33.70469,336.87,2.23,1.45,2026-04-16,1232,74,34.8
12.44148,35.01559,335.61,1.76,1.3,2026-04-16,1232,71,31.3
12.44208,34.66941,338.54,1.87,1.34,2026-04-16,1232,77,42.53
12.44483,34.68589,345.85,1.87,1.34,2026-04-16,1232,88,73.77
12.45633,35.17052,336.22,1.71,1.28,2026-04-16,1232,72,22.28
12.677,36.74017,331.65,1.32,1.14,2026-04-16,1232,71,20.06
13.05198,35.13707,339.75,1.68,1.27,2026-04-16,1232,79,33.89
13.05446,35.15191,358.51,1.68,1.27,2026-04-16,1232,98,117.71
13.06304,35.1351,340.34,1.68,1.27,2026-04-16,1232,80,36.97
13.28105,29.71233,339.95,4.44,1.94,2026-04-16,1232,80,168.25
13.28477,37.00742,332.42,1.24,1.11,2026-04-16,1232,71,13.78
13.28498,29.70748,339.79,4.44,1.94,2026-04-16,1232,79,154.42
13.55444,35.50263,337.33,1.55,1.23,2026-04-16,1232,75,23.07
13.56509,35.50078,342.02,1.55,1.23,2026-04-16,1232,83,36.88
13.62127,35.15186,343.64,1.64,1.26,2026-04-16,1232,85,44.8
13.62368,35.16631,340.07,1.63,1.26,2026-04-16,1232,80,33.24
13.84434,36.19617,369.84,1.37,1.16,2026-04-16,1232,100,141.84
14.12135,36.13034,348.55,1.37,1.16,2026-04-16,1232,90,48.85
14.12335,36.14251,361.15,1.37,1.16,2026-04-16,1232,100,97.65
14.14172,36.00015,337.12,1.4,1.17,2026-04-16,1232,75,13.2
15.02467,36.36703,350.96,1.28,1.12,2026-04-16,1232,93,48.23
15.02651,36.37849,362.67,1.28,1.12,2026-04-16,1232,100,90.2
15.54149,35.43295,339.87,1.45,1.19,2026-04-16,1232,80,27.94
24.00116,38.2335,341.46,1.02,1.01,2026-04-16,1234,87,27.78
48.39326,37.48348,316.48,1.75,1.3,2026-04-16,1242,73,25.16
49.22625,38.07523,324.95,1.93,1.36,2026-04-16,1242,81,50.43
50.39406,33.00773,314.19,1.18,1.08,2026-04-16,1242,70,13.08
57.72903,37.54085,345.67,2.29,1.47,2026-04-16,1244,94,176.32
57.73103,37.57853,318.74,2.3,1.47,2026-04-16,1244,79,52.13
57.74194,37.53849,311.62,2.29,1.47,2026-04-16,1244,71,30.84
-32.80703,-70.95065,321.98,1.11,1.05,2026-04-16,1308,81,24.0
-34.27036,116.87376,307.38,1.14,1.06,2026-04-16,1340,71,12.1
-32.54964,116.8212,313.19,1.19,1.09,2026-04-16,1340,87,17.82
-32.54763,116.83363,324.84,1.19,1.09,2026-04-16,1340,100,32.03
-21.69743,114.98756,321.51,1.38,1.16,2026-04-16,1344,100,28.02
-21.69528,115.0006,323.67,1.39,1.17,2026-04-16,1344,100,31.4
-8.10992,112.92552,307.3,1.69,1.28,2026-04-16,1346,71,22.11
-7.54541,110.44302,318.75,1.17,1.08,2026-04-16,1346,97,23.1
4.55376,103.45648,310.54,1.12,1.05,2026-04-16,1350,80,7.9
4.97503,112.98155,323.44,2.84,1.61,2026-04-16,1350,100,82.54
4.98507,112.9857,320.43,2.84,1.61,2026-04-16,1350,100,67.91
10.61328,107.59877,314.1,1.33,1.14,2026-04-16,1353,86,15.34
10.85431,106.16164,312.82,1.12,1.05,2026-04-16,1353,82,10.49
10.88336,107.55631,322.98,1.34,1.15,2026-04-16,1353,100,28.0
10.88484,107.56819,321.81,1.34,1.15,2026-04-16,1353,100,26.26
10.96228,107.53345,315.12,1.33,1.14,2026-04-16,1353,89,16.74
10.96296,107.53916,314.84,1.34,1.15,2026-04-16,1353,88,16.4
11.66644,99.07533,309.1,1.7,1.28,2026-04-16,1353,76,19.38
12.0014,106.55888,308.48,1.2,1.09,2026-04-16,1353,70,5.86
12.49042,108.99123,311.89,1.79,1.31,2026-04-16,1353,84,21.73
12.55084,108.73579,317.79,1.71,1.28,2026-04-16,1353,96,33.06
12.41706,98.93458,317.76,1.69,1.28,2026-04-16,1355,95,28.62
12.41928,98.94901,339.69,1.68,1.28,2026-04-16,1355,100,86.64
12.41939,98.94338,333.04,1.68,1.28,2026-04-16,1355,100,65.3
13.23481,101.44102,321.94,1.13,1.06,2026-04-16,1355,100,19.42
13.53467,102.23798,316.12,1.05,1.02,2026-04-16,1355,92,12.88
13.56863,99.05304,313.66,1.58,1.24,2026-04-16,1355,83,16.85
13.59322,102.4576,314.27,1.03,1.02,2026-04-16,1355,87,11.35
13.59452,102.46685,312.86,1.03,1.02,2026-04-16,1355,84,9.63
13.60161,101.12123,310.7,1.17,1.07,2026-04-16,1355,73,7.0
13.61101,101.11974,318.32,1.17,1.07,2026-04-16,1355,96,14.61
13.70359,99.18275,314.16,1.54,1.22,2026-04-16,1355,84,17.99
13.9874,106.75395,316.25,1.3,1.13,2026-04-16,1355,92,16.06
13.9889,106.76563,316.58,1.3,1.13,2026-04-16,1355,92,16.49
13.98898,106.75928,324.85,1.3,1.13,2026-04-16,1355,100,28.78
14.03064,98.54931,312.31,1.69,1.28,2026-04-16,1355,79,20.89
14.16735,107.39217,308.57,1.44,1.19,2026-04-16,1355,72,10.92
14.17843,100.59308,311.27,1.22,1.1,2026-04-16,1355,75,8.64
14.18127,101.16203,311.27,1.14,1.07,2026-04-16,1355,75,8.12
14.18279,101.17226,310.5,1.14,1.06,2026-04-16,1355,72,7.47
14.19861,101.08556,323.51,1.15,1.07,2026-04-16,1355,100,21.57
14.20013,101.09589,321.96,1.15,1.07,2026-04-16,1355,100,19.51
14.24429,100.70499,310.47,1.21,1.09,2026-04-16,1355,72,7.58
14.24589,100.71578,335.5,1.2,1.09,2026-04-16,1355,100,42.6
14.27297,98.47982,319.79,1.69,1.28,2026-04-16,1355,99,34.6
14.33785,99.17151,311.52,1.5,1.21,2026-04-16,1355,76,12.07
14.59994,100.6123,310.48,1.21,1.09,2026-04-16,1355,71,8.06
14.62775,98.45951,322.71,1.68,1.27,2026-04-16,1355,100,38.65
14.69452,98.2983,311.69,1.72,1.29,2026-04-16,1355,77,19.0
14.71868,98.37805,323.38,1.69,1.28,2026-04-16,1355,100,40.13
14.79569,100.06903,314.36,1.29,1.13,2026-04-16,1355,86,12.81
14.80217,102.06312,330.78,1.04,1.02,2026-04-16,1355,100,28.06
14.84534,99.39108,310.74,1.42,1.18,2026-04-16,1355,72,9.61
14.94915,99.01318,313.58,1.51,1.21,2026-04-16,1355,83,14.95
14.95775,101.09431,319.44,1.13,1.06,2026-04-16,1355,99,15.04
15.00188,99.14175,310.69,1.47,1.2,2026-04-16,1355,72,10.43
15.00383,99.15419,313.41,1.47,1.2,2026-04-16,1355,73,13.25
15.03541,99.1506,316.24,1.47,1.2,2026-04-16,1355,87,18.36
15.04275,99.15555,318.45,1.47,1.2,2026-04-16,1355,96,22.8
15.10417,103.2177,327.21,1.0,1.0,2026-04-16,1355,100,22.12
15.11442,101.16069,310.45,1.12,1.05,2026-04-16,1355,79,6.61
15.14425,101.29958,313.3,1.1,1.05,2026-04-16,1355,86,8.13
15.14487,103.58035,312.94,1.0,1.0,2026-04-16,1355,82,8.16
15.20032,100.62649,319.16,1.18,1.08,2026-04-16,1355,98,14.77
15.22309,99.17045,317.07,1.46,1.19,2026-04-16,1355,93,19.19
15.22874,101.62594,320.25,1.07,1.03,2026-04-16,1355,100,16.83
15.23013,101.63557,317.97,1.07,1.03,2026-04-16,1355,96,14.64
15.26575,102.92306,309.11,1.0,1.0,2026-04-16,1355,76,5.59
15.34805,101.17278,309.33,1.11,1.05,2026-04-16,1355,70,5.96
15.42988,99.44933,323.93,1.38,1.16,2026-04-16,1355,100,27.77
15.44459,99.40938,313.8,1.39,1.17,2026-04-16,1355,83,12.52
15.45084,100.93714,319.75,1.13,1.06,2026-04-16,1355,99,14.79
15.48085,99.38441,313.86,1.39,1.17,2026-04-16,1355,84,12.89
15.48928,99.37143,323.23,1.4,1.17,2026-04-16,1355,100,26.87
15.48982,98.35464,316.25,1.65,1.26,2026-04-16,1355,91,25.0
15.49105,99.38274,311.92,1.39,1.17,2026-04-16,1355,75,9.89
15.56675,99.93599,330.05,1.28,1.12,2026-04-16,1355,100,33.74
15.56856,99.94772,319.41,1.28,1.12,2026-04-16,1355,98,16.76
15.60228,99.36902,310.55,1.39,1.17,2026-04-16,1355,72,8.31
15.61055,99.35484,314.67,1.39,1.17,2026-04-16,1355,86,13.59
15.67025,104.20929,312.77,1.03,1.02,2026-04-16,1355,80,7.78
15.75892,99.25496,326.89,1.41,1.17,2026-04-16,1355,100,34.25
15.76078,99.26685,322.94,1.4,1.17,2026-04-16,1355,100,25.89
15.76266,99.27892,317.64,1.4,1.17,2026-04-16,1355,94,17.88
15.76921,99.25358,341.52,1.41,1.17,2026-04-16,1355,100,69.12
15.77098,99.26495,313.99,1.4,1.17,2026-04-16,1355,83,12.37
15.77935,99.25122,311.94,1.41,1.17,2026-04-16,1355,78,10.79
15.78372,102.01506,313.77,1.03,1.01,2026-04-16,1355,83,8.23
15.8075,105.1781,310.96,1.12,1.05,2026-04-16,1355,73,6.54
15.80845,101.73642,318.43,1.05,1.02,2026-04-16,1355,96,12.95
15.80983,101.74589,326.32,1.05,1.02,2026-04-16,1355,100,21.63
15.88622,98.61187,311.0,1.55,1.23,2026-04-16,1355,76,16.25
15.88637,99.48018,314.88,1.35,1.15,2026-04-16,1355,87,13.74
15.89617,99.21912,312.23,1.41,1.17,2026-04-16,1355,77,10.82
15.89642,99.47844,311.28,1.35,1.15,2026-04-16,1355,75,9.52
15.9045,99.20538,314.25,1.41,1.18,2026-04-16,1355,70,14.12
15.90641,99.21741,312.31,1.41,1.17,2026-04-16,1355,74,11.1
15.91667,99.21584,316.69,1.41,1.17,2026-04-16,1355,92,17.74
15.92873,99.22574,311.15,1.4,1.17,2026-04-16,1355,75,10.23
16.04317,101.44608,310.78,1.07,1.03,2026-04-16,1355,70,6.47
16.09102,99.21493,310.78,1.4,1.17,2026-04-16,1355,76,11.54
16.09496,99.23976,313.21,1.39,1.17,2026-04-16,1355,83,13.96
16.1314,100.91042,314.03,1.12,1.05,2026-04-16,1355,83,9.07
16.19589,101.67113,316.35,1.05,1.02,2026-04-16,1355,90,9.75
16.19724,101.68045,311.01,1.05,1.02,2026-04-16,1355,70,5.35
16.19859,101.68978,316.77,1.05,1.02,2026-04-16,1355,92,10.73
16.20333,102.36896,311.9,1.01,1.0,2026-04-16,1355,76,5.75
16.20757,101.68876,321.16,1.05,1.02,2026-04-16,1355,100,15.69
16.26208,102.00546,334.44,1.03,1.01,2026-04-16,1355,100,31.21
16.27377,101.83311,310.8,1.04,1.02,2026-04-16,1355,72,8.45
16.28264,99.25671,314.37,1.38,1.16,2026-04-16,1355,87,14.76
16.29443,106.85968,315.22,1.42,1.18,2026-04-16,1355,89,20.2
16.29583,100.08342,311.44,1.23,1.1,2026-04-16,1355,77,10.03
16.3002,100.08825,311.13,1.23,1.1,2026-04-16,1355,77,9.93
16.305,101.84985,320.71,1.03,1.02,2026-04-16,1355,100,14.72
16.30628,101.85882,317.5,1.03,1.02,2026-04-16,1355,94,11.41
16.32754,99.21043,309.78,1.39,1.17,2026-04-16,1355,73,8.72
16.32767,101.81794,334.44,1.04,1.02,2026-04-16,1355,100,32.6
16.35562,104.44398,310.61,1.06,1.03,2026-04-16,1355,71,6.4
16.3565,102.80468,311.03,1.0,1.0,2026-04-16,1355,74,5.57
16.35689,104.45358,310.77,1.06,1.03,2026-04-16,1355,71,6.62
16.40077,98.42831,311.05,1.57,1.23,2026-04-16,1355,77,18.29
16.44504,99.17983,315.34,1.39,1.17,2026-04-16,1355,89,15.99
16.44684,99.19114,313.77,1.39,1.17,2026-04-16,1355,85,13.49
16.45343,99.16686,317.16,1.39,1.17,2026-04-16,1355,93,18.17
16.53803,99.70451,309.69,1.28,1.12,2026-04-16,1355,72,9.54
16.55293,103.63424,312.05,1.01,1.01,2026-04-16,1355,78,8.38
16.56372,101.3428,313.81,1.07,1.03,2026-04-16,1355,84,8.56
16.56517,101.35284,313.41,1.07,1.03,2026-04-16,1355,83,8.13
16.56655,101.3624,310.6,1.07,1.03,2026-04-16,1355,74,6.09
16.58684,101.37287,314.1,1.06,1.03,2026-04-16,1355,85,9.5
16.62801,99.90025,309.86,1.24,1.11,2026-04-16,1355,72,8.55
16.6282,100.16151,311.9,1.2,1.09,2026-04-16,1355,79,10.07
16.63464,101.38508,317.71,1.06,1.03,2026-04-16,1355,94,12.36
16.63607,101.39494,323.07,1.06,1.03,2026-04-16,1355,100,18.09
16.64226,101.37421,313.32,1.06,1.03,2026-04-16,1355,83,7.88
16.64369,101.38409,315.56,1.06,1.03,2026-04-16,1355,89,10.23
16.75382,101.50753,311.26,1.05,1.02,2026-04-16,1355,75,8.2
16.79389,101.72301,310.75,1.04,1.02,2026-04-16,1355,73,5.64
16.82386,101.73109,318.04,1.03,1.02,2026-04-16,1355,95,12.08
16.83946,99.59999,314.7,1.29,1.13,2026-04-16,1355,87,13.17
16.84736,99.18709,311.56,1.37,1.16,2026-04-16,1355,77,8.12
16.85099,98.69473,316.6,1.47,1.2,2026-04-16,1355,92,20.58
16.85173,98.89752,313.18,1.43,1.18,2026-04-16,1355,74,13.25
16.85527,98.90238,313.26,1.43,1.18,2026-04-16,1355,83,14.04
16.86135,105.23073,318.19,1.15,1.07,2026-04-16,1355,95,15.28
16.87016,98.88053,320.01,1.43,1.18,2026-04-16,1355,100,23.81
16.87419,101.8287,314.34,1.03,1.01,2026-04-16,1355,85,8.86
16.88632,101.14739,310.68,1.08,1.04,2026-04-16,1355,73,6.18
16.88815,105.06777,322.83,1.13,1.06,2026-04-16,1355,100,20.76
16.94237,106.14043,309.81,1.3,1.13,2026-04-16,1355,71,9.06
16.94737,102.34518,310.11,1.01,1.0,2026-04-16,1355,70,5.43
16.95446,96.24094,309.34,2.23,1.45,2026-04-16,1355,71,19.35
16.95853,96.25561,310.63,2.23,1.45,2026-04-16,1355,76,20.7
16.96974,100.89417,309.9,1.1,1.05,2026-04-16,1355,70,6.83
16.97867,98.13433,311.09,1.61,1.25,2026-04-16,1355,76,18.52
16.98641,98.58759,310.07,1.49,1.21,2026-04-16,1355,72,11.17
17.08468,101.55626,312.31,1.04,1.02,2026-04-16,1355,80,7.72
17.08601,101.56544,325.56,1.04,1.02,2026-04-16,1355,100,20.68
17.09365,101.55524,317.14,1.04,1.02,2026-04-16,1355,93,12.14
17.09407,106.88261,312.32,1.46,1.19,2026-04-16,1355,81,15.3
17.09494,101.56419,331.64,1.04,1.02,2026-04-16,1355,100,28.77
17.09839,101.65086,316.38,1.04,1.02,2026-04-16,1355,91,9.78
17.09964,101.40745,327.33,1.05,1.02,2026-04-16,1355,100,23.63
17.10103,101.41701,327.66,1.05,1.02,2026-04-16,1355,100,24.01
17.10999,101.41566,311.48,1.05,1.02,2026-04-16,1355,77,7.31
17.11606,101.64743,314.98,1.04,1.02,2026-04-16,1355,88,8.86
17.12491,101.64578,312.27,1.04,1.02,2026-04-16,1355,79,6.91
17.14097,101.44028,320.82,1.05,1.02,2026-04-16,1355,100,15.68
17.14997,101.43254,312.22,1.05,1.02,2026-04-16,1355,80,8.4
17.15139,101.44225,311.97,1.05,1.02,2026-04-16,1355,79,7.97
17.16416,98.98267,314.51,1.39,1.17,2026-04-16,1355,72,13.21
17.16589,98.99354,315.81,1.39,1.17,2026-04-16,1355,90,15.31
17.19188,101.4062,317.6,1.05,1.02,2026-04-16,1355,94,13.93
17.19619,98.26895,319.0,1.56,1.23,2026-04-16,1355,97,25.71
17.1985,98.28348,312.67,1.55,1.23,2026-04-16,1355,81,14.83
17.20075,98.29757,312.67,1.55,1.23,2026-04-16,1355,81,14.91
17.20076,99.47897,313.07,1.29,1.13,2026-04-16,1355,83,10.64
17.20481,100.73572,319.71,1.11,1.05,2026-04-16,1355,99,16.51
17.21233,99.48854,311.22,1.29,1.13,2026-04-16,1355,77,8.65
17.3017,104.92641,316.23,1.13,1.06,2026-04-16,1355,90,12.94
17.33626,105.85654,315.2,1.26,1.12,2026-04-16,1355,88,13.94
17.36718,100.58369,325.21,1.12,1.06,2026-04-16,1355,100,21.9
17.37011,100.60345,331.42,1.12,1.06,2026-04-16,1355,100,32.0
17.37318,100.5602,319.7,1.13,1.06,2026-04-16,1355,99,16.0
17.39143,99.99623,310.11,1.2,1.09,2026-04-16,1355,72,9.2
17.4217,104.9239,311.72,1.13,1.06,2026-04-16,1355,76,7.36
17.43281,101.40892,310.87,1.05,1.02,2026-04-16,1355,75,8.55
17.43753,102.14799,313.97,1.01,1.0,2026-04-16,1355,85,8.77
17.44817,100.7601,309.84,1.1,1.05,2026-04-16,1355,71,8.08
17.4707,100.84899,314.85,1.09,1.04,2026-04-16,1355,87,13.26
17.47347,102.94264,310.8,1.0,1.0,2026-04-16,1355,73,6.54
17.4842,101.44884,323.35,1.04,1.02,2026-04-16,1355,100,19.5
17.49657,101.40799,320.59,1.05,1.02,2026-04-16,1355,100,16.0
17.50543,101.40602,316.04,1.05,1.02,2026-04-16,1355,91,11.29
17.51229,98.77962,316.84,1.42,1.18,2026-04-16,1355,93,19.49
17.51389,101.14285,318.22,1.07,1.03,2026-04-16,1355,96,13.55
17.53396,100.90397,325.29,1.09,1.04,2026-04-16,1355,100,24.87
17.53909,100.68755,317.5,1.11,1.05,2026-04-16,1355,94,13.51
17.54822,100.68573,312.4,1.11,1.05,2026-04-16,1355,73,8.94
17.55785,100.49558,315.05,1.13,1.06,2026-04-16,1355,88,10.71
17.57147,100.41249,313.08,1.14,1.06,2026-04-16,1355,82,10.65
17.57561,101.37856,320.08,1.05,1.02,2026-04-16,1355,100,14.62
17.59935,100.72276,309.85,1.1,1.05,2026-04-16,1355,71,8.11
17.60835,100.84043,309.56,1.09,1.04,2026-04-16,1355,70,7.45
17.61284,101.06203,313.66,1.07,1.03,2026-04-16,1355,84,9.76
17.62828,100.79106,310.94,1.1,1.04,2026-04-16,1355,75,8.09
17.62969,99.80267,326.76,1.22,1.1,2026-04-16,1355,100,28.7
17.65524,100.84715,313.78,1.09,1.04,2026-04-16,1355,84,11.18
17.66432,100.8456,316.41,1.09,1.04,2026-04-16,1355,91,13.22
17.70541,99.88619,310.5,1.21,1.09,2026-04-16,1355,74,8.18
17.70709,99.89722,320.81,1.21,1.09,2026-04-16,1355,100,19.6
17.71592,105.06547,313.69,1.16,1.07,2026-04-16,1355,85,11.67
17.72379,102.15095,309.89,1.01,1.0,2026-04-16,1355,71,6.16
17.73335,100.93917,319.81,1.08,1.04,2026-04-16,1355,99,16.49
17.73488,100.94942,318.99,1.08,1.04,2026-04-16,1355,97,16.03
17.76587,102.92639,309.96,1.0,1.0,2026-04-16,1355,71,5.99
17.77463,102.92506,311.13,1.0,1.0,2026-04-16,1355,75,6.56
17.84683,102.05019,311.39,1.01,1.0,2026-04-16,1355,70,6.34
17.85561,102.0488,316.18,1.01,1.0,2026-04-16,1355,91,10.22
17.8569,102.05791,314.93,1.01,1.0,2026-04-16,1355,88,8.5
17.85819,102.06714,317.89,1.01,1.0,2026-04-16,1355,95,11.64
17.85949,102.07637,315.35,1.01,1.0,2026-04-16,1355,89,10.07
17.86269,99.9601,314.23,1.19,1.09,2026-04-16,1355,86,12.81
17.86826,102.07494,313.06,1.01,1.0,2026-04-16,1355,83,8.54
17.88227,102.02927,314.29,1.01,1.0,2026-04-16,1355,86,10.07
17.88359,102.03857,313.07,1.01,1.0,2026-04-16,1355,82,8.79
17.88413,100.5219,313.84,1.12,1.05,2026-04-16,1355,84,9.43
17.8871,99.67129,313.55,1.23,1.1,2026-04-16,1355,84,12.05
17.89144,104.87407,325.48,1.14,1.06,2026-04-16,1355,100,23.88
17.89321,100.70847,321.74,1.1,1.04,2026-04-16,1355,100,18.98
17.89637,100.54078,312.27,1.12,1.05,2026-04-16,1355,79,8.29
17.91711,105.51211,320.25,1.23,1.1,2026-04-16,1355,100,22.58
17.92349,100.72375,321.01,1.1,1.04,2026-04-16,1355,100,16.96
17.93843,105.85064,310.79,1.28,1.12,2026-04-16,1355,76,11.51
17.9394,99.13856,315.64,1.32,1.14,2026-04-16,1355,90,13.54
17.94125,99.15028,324.01,1.32,1.14,2026-04-16,1355,100,25.5
17.95478,99.57409,319.15,1.25,1.11,2026-04-16,1355,98,18.56
17.95669,102.11167,323.51,1.01,1.0,2026-04-16,1355,100,17.19
17.95679,99.18427,311.36,1.31,1.14,2026-04-16,1355,77,9.0
17.95797,102.12084,352.11,1.01,1.0,2026-04-16,1355,100,63.06
17.96159,102.08267,322.26,1.01,1.0,2026-04-16,1355,100,16.35
17.96289,102.09201,317.44,1.01,1.0,2026-04-16,1355,74,11.18
17.96304,99.56324,328.09,1.25,1.11,2026-04-16,1355,100,30.99
17.96365,98.51076,310.76,1.46,1.19,2026-04-16,1355,75,13.24
17.96417,102.10112,324.33,1.01,1.0,2026-04-16,1355,100,17.58
17.96465,99.57383,327.28,1.25,1.11,2026-04-16,1355,100,30.24
17.96546,102.11028,351.71,1.01,1.0,2026-04-16,1355,100,62.25
17.9733,100.75043,333.04,1.09,1.04,2026-04-16,1355,100,33.06
17.97472,100.75994,331.95,1.09,1.04,2026-04-16,1355,100,31.6
17.98539,101.97833,354.01,1.01,1.0,2026-04-16,1355,100,69.12
17.98673,101.98776,342.24,1.01,1.0,2026-04-16,1355,100,44.3
17.98802,101.99688,344.38,1.01,1.0,2026-04-16,1355,100,48.05
17.99169,100.26079,313.66,1.15,1.07,2026-04-16,1355,83,12.03
17.99324,102.03384,332.91,1.01,1.0,2026-04-16,1355,80,30.44
17.99418,101.97693,315.75,1.01,1.0,2026-04-16,1355,80,10.79
17.99961,105.20351,320.04,1.18,1.08,2026-04-16,1355,100,21.08
18.00094,105.21409,319.56,1.18,1.08,2026-04-16,1355,99,20.28
18.00253,100.26939,310.96,1.14,1.07,2026-04-16,1355,74,9.1
18.00739,100.30125,316.4,1.14,1.06,2026-04-16,1355,91,14.84
18.02527,104.25591,312.55,1.07,1.03,2026-04-16,1355,73,7.87
18.02653,104.26566,325.55,1.07,1.03,2026-04-16,1355,100,21.71
18.02994,102.10342,310.3,1.01,1.0,2026-04-16,1355,73,4.91
18.03122,102.11255,314.28,1.01,1.0,2026-04-16,1355,86,8.08
18.03742,102.09284,311.05,1.01,1.0,2026-04-16,1355,75,6.17
18.03871,102.10206,335.26,1.01,1.0,2026-04-16,1355,100,31.93
18.03999,102.11117,328.42,1.01,1.0,2026-04-16,1355,100,22.83
18.04233,101.79296,313.62,1.02,1.01,2026-04-16,1355,83,8.57
18.04617,102.09127,314.37,1.01,1.0,2026-04-16,1355,83,9.45
18.04747,102.10059,345.21,1.01,1.0,2026-04-16,1355,100,49.46
18.0482,99.64497,309.78,1.23,1.1,2026-04-16,1355,70,7.54
18.05059,100.27213,312.16,1.14,1.07,2026-04-16,1355,78,9.46
18.05087,102.38136,318.18,1.0,1.0,2026-04-16,1355,71,13.32
18.07219,102.40611,314.62,1.0,1.0,2026-04-16,1355,87,9.58
18.07366,100.42668,314.15,1.12,1.06,2026-04-16,1355,85,10.62
18.0814,100.41516,312.07,1.12,1.06,2026-04-16,1355,71,9.11
18.08237,101.56689,317.21,1.03,1.01,2026-04-16,1355,93,10.94
18.08286,100.425,312.86,1.12,1.06,2026-04-16,1355,70,9.77
18.0837,101.57621,324.99,1.03,1.01,2026-04-16,1355,100,19.14
18.09727,100.71217,317.73,1.09,1.04,2026-04-16,1355,94,12.75
18.09872,100.72196,320.45,1.09,1.04,2026-04-16,1355,100,15.24
18.09938,100.53651,314.01,1.11,1.05,2026-04-16,1355,70,10.4
18.10234,101.567,331.01,1.03,1.01,2026-04-16,1355,100,26.51
18.10641,100.71089,319.4,1.09,1.04,2026-04-16,1355,98,14.43
18.10786,100.72069,317.98,1.09,1.04,2026-04-16,1355,95,12.53
18.10932,100.73061,312.45,1.09,1.04,2026-04-16,1355,79,7.44
18.11555,100.70967,312.92,1.09,1.04,2026-04-16,1355,81,8.46
18.11736,101.54551,312.56,1.03,1.01,2026-04-16,1355,81,7.22
18.1199,100.73914,316.23,1.09,1.04,2026-04-16,1355,91,11.1
18.12213,101.51563,310.82,1.03,1.01,2026-04-16,1355,75,6.48
18.13505,104.46683,311.84,1.1,1.04,2026-04-16,1355,80,7.21
18.13795,102.4088,316.27,1.0,1.0,2026-04-16,1355,91,10.42
18.13912,100.80674,311.81,1.08,1.04,2026-04-16,1355,77,6.96
18.14964,100.81516,318.7,1.08,1.04,2026-04-16,1355,97,12.78
18.15594,101.62537,311.58,1.02,1.01,2026-04-16,1355,77,7.78
18.16616,101.82412,313.93,1.01,1.01,2026-04-16,1355,85,8.83
18.16648,104.34946,315.08,1.09,1.04,2026-04-16,1355,89,9.39
18.16781,104.35973,318.98,1.09,1.04,2026-04-16,1355,97,13.51
18.17498,101.82278,311.02,1.01,1.01,2026-04-16,1355,70,6.48
18.17556,104.34803,320.78,1.09,1.04,2026-04-16,1355,100,15.98
18.18726,104.30049,314.31,1.08,1.04,2026-04-16,1355,87,10.34
18.19364,104.70657,312.27,1.12,1.06,2026-04-16,1355,72,9.94
18.19365,101.62295,345.71,1.02,1.01,2026-04-16,1355,100,53.06
18.19493,104.71674,322.01,1.12,1.06,2026-04-16,1355,100,19.75
18.19499,101.6323,310.0,1.02,1.01,2026-04-16,1355,72,7.05
18.19663,100.32973,314.51,1.13,1.06,2026-04-16,1355,86,11.03
18.20418,104.71529,326.82,1.12,1.06,2026-04-16,1355,100,25.1
18.20479,100.44582,310.35,1.12,1.05,2026-04-16,1355,72,7.74
18.20496,103.93954,311.36,1.05,1.02,2026-04-16,1355,78,7.69
18.20546,104.72537,330.74,1.13,1.06,2026-04-16,1355,100,30.63
18.20674,104.73542,324.36,1.13,1.06,2026-04-16,1355,100,22.06
18.20942,104.75643,309.26,1.13,1.06,2026-04-16,1355,71,7.23
18.21393,103.93824,313.33,1.05,1.02,2026-04-16,1355,84,9.07
18.2147,104.72386,337.04,1.13,1.06,2026-04-16,1355,100,41.14
18.22589,103.05138,316.27,1.01,1.0,2026-04-16,1355,86,10.32
18.22713,103.06055,336.14,1.01,1.0,2026-04-16,1355,100,33.55
18.22837,103.0698,324.26,1.01,1.0,2026-04-16,1355,100,18.57
18.23466,103.04993,314.28,1.01,1.0,2026-04-16,1355,86,8.24
18.24225,102.90778,315.66,1.0,1.0,2026-04-16,1355,90,9.61
18.24351,102.91698,324.88,1.0,1.0,2026-04-16,1355,100,18.4
18.24388,100.76414,316.33,1.08,1.04,2026-04-16,1355,91,11.08
18.24974,102.96288,316.21,1.0,1.0,2026-04-16,1355,91,9.31
18.25226,102.84992,315.23,1.0,1.0,2026-04-16,1355,88,8.46
18.25297,100.76646,318.08,1.08,1.04,2026-04-16,1355,95,13.38
18.25351,102.92474,312.5,1.0,1.0,2026-04-16,1355,81,6.84
18.256,102.9431,311.47,1.0,1.0,2026-04-16,1355,77,5.88
18.25849,102.96144,314.93,1.0,1.0,2026-04-16,1355,88,8.98
18.25974,102.97064,315.84,1.0,1.0,2026-04-16,1355,90,9.92
18.26474,102.94165,313.44,1.0,1.0,2026-04-16,1355,82,7.28
18.27452,101.61974,317.91,1.02,1.01,2026-04-16,1355,95,12.17
18.27584,101.62905,328.91,1.02,1.01,2026-04-16,1355,100,24.33
18.28279,100.52731,314.21,1.11,1.05,2026-04-16,1355,85,11.85
18.28296,102.85752,316.15,1.0,1.0,2026-04-16,1355,86,9.17
18.28418,100.53672,318.03,1.11,1.05,2026-04-16,1355,95,15.25
18.28421,102.86667,319.68,1.0,1.0,2026-04-16,1355,99,13.09
18.28542,102.94154,326.93,1.0,1.0,2026-04-16,1355,100,21.88
18.28666,102.95075,310.97,1.0,1.0,2026-04-16,1355,76,6.83
18.29415,99.98305,309.78,1.17,1.08,2026-04-16,1355,70,7.89
18.29419,102.94025,313.08,1.0,1.0,2026-04-16,1355,83,8.42
18.29543,102.94946,332.91,1.0,1.0,2026-04-16,1355,100,29.62
18.30425,102.81683,312.91,1.0,1.0,2026-04-16,1355,82,7.15
18.30578,102.03242,321.24,1.01,1.0,2026-04-16,1355,87,17.13
18.31423,102.89014,310.66,1.0,1.0,2026-04-16,1355,75,6.55
18.31548,102.89935,312.44,1.0,1.0,2026-04-16,1355,81,8.02
18.31994,100.40843,309.98,1.12,1.05,2026-04-16,1355,70,7.31
18.32148,100.41868,310.88,1.12,1.05,2026-04-16,1355,74,8.15
18.32521,100.81594,309.93,1.08,1.04,2026-04-16,1355,70,6.48
18.3349,99.96069,310.52,1.17,1.08,2026-04-16,1355,73,7.64
18.33626,101.78493,312.21,1.01,1.01,2026-04-16,1355,80,7.48
18.34279,101.64072,313.36,1.02,1.01,2026-04-16,1355,84,8.11
18.34411,101.65002,312.34,1.02,1.01,2026-04-16,1355,81,7.81
18.35259,104.80872,322.44,1.14,1.06,2026-04-16,1355,100,22.09
18.35388,104.8191,321.05,1.14,1.06,2026-04-16,1355,100,20.66
18.35782,104.85083,317.52,1.15,1.07,2026-04-16,1355,95,16.71
18.35912,104.86129,323.95,1.15,1.07,2026-04-16,1355,100,24.49
18.36714,104.84932,313.86,1.15,1.07,2026-04-16,1355,86,13.05
18.3679,101.81779,319.74,1.01,1.01,2026-04-16,1355,99,13.04
18.36843,104.85967,337.54,1.15,1.07,2026-04-16,1355,100,46.23
18.37032,104.50227,316.14,1.1,1.05,2026-04-16,1355,92,13.74
18.37994,102.69621,314.78,1.0,1.0,2026-04-16,1355,88,8.24
18.40369,104.40947,323.16,1.1,1.04,2026-04-16,1355,100,20.9
18.40619,102.69212,316.07,1.0,1.0,2026-04-16,1355,91,9.51
18.40974,101.65295,312.24,1.02,1.01,2026-04-16,1355,80,7.34
18.41495,102.75628,309.93,1.0,1.0,2026-04-16,1355,73,6.89
18.41934,100.95374,311.55,1.06,1.03,2026-04-16,1355,77,7.7
18.42091,103.96815,313.87,1.06,1.03,2026-04-16,1355,86,10.2
18.42121,101.6701,317.1,1.02,1.01,2026-04-16,1355,93,11.53
18.42486,102.22364,318.35,1.0,1.0,2026-04-16,1355,70,15.83
18.42629,102.97095,309.79,1.01,1.0,2026-04-16,1355,72,7.32
18.42886,104.75964,315.9,1.14,1.06,2026-04-16,1355,91,14.07
18.42994,102.73519,313.13,1.0,1.0,2026-04-16,1355,83,8.87
18.435,103.10184,325.25,1.01,1.0,2026-04-16,1355,100,18.17
18.43625,103.11113,327.7,1.01,1.0,2026-04-16,1355,100,21.76
18.4375,103.12038,321.75,1.01,1.0,2026-04-16,1355,100,15.11
18.43874,103.12964,337.84,1.01,1.0,2026-04-16,1355,100,36.49
18.44236,101.81905,327.53,1.01,1.01,2026-04-16,1355,100,22.91
18.44252,102.82716,309.85,1.0,1.0,2026-04-16,1355,72,6.67
18.44254,103.09116,328.83,1.01,1.0,2026-04-16,1355,100,22.71
18.44378,103.10042,321.99,1.01,1.0,2026-04-16,1355,100,15.29
18.44481,103.30939,309.28,1.02,1.01,2026-04-16,1355,70,5.41
18.44628,103.11893,320.82,1.01,1.0,2026-04-16,1355,100,14.59
18.44753,103.12821,323.59,1.01,1.0,2026-04-16,1355,100,17.61
18.45245,103.23181,313.12,1.01,1.01,2026-04-16,1355,84,8.15
18.45254,103.16544,314.54,1.01,1.01,2026-04-16,1355,72,8.39
18.45369,103.24105,343.57,1.01,1.01,2026-04-16,1355,100,46.69
18.45378,103.17474,345.43,1.01,1.01,2026-04-16,1355,100,49.19
18.45504,103.18405,319.88,1.01,1.01,2026-04-16,1355,99,13.24
18.45925,101.16515,314.37,1.05,1.02,2026-04-16,1355,86,11.55
18.45955,100.97713,311.47,1.06,1.03,2026-04-16,1355,77,6.89
18.46125,103.23035,313.59,1.01,1.01,2026-04-16,1355,85,7.76
18.46198,102.88376,312.89,1.0,1.0,2026-04-16,1355,83,7.96
18.46248,103.23959,318.25,1.01,1.01,2026-04-16,1355,96,11.63
18.46258,103.1733,332.74,1.01,1.01,2026-04-16,1355,100,27.77
18.46384,103.18266,348.5,1.01,1.01,2026-04-16,1355,100,55.47
18.46762,103.14407,319.6,1.01,1.01,2026-04-16,1355,99,12.25
18.46812,100.97034,314.51,1.06,1.03,2026-04-16,1355,86,9.9
18.4689,103.02091,312.77,1.01,1.0,2026-04-16,1355,82,8.51
18.47561,101.53074,331.15,1.02,1.01,2026-04-16,1355,100,27.96
18.47694,102.99454,321.59,1.01,1.0,2026-04-16,1355,100,16.44
18.47827,102.87191,321.0,1.0,1.0,2026-04-16,1355,100,15.3
18.48293,104.38169,309.57,1.1,1.04,2026-04-16,1355,75,6.59
18.48439,104.31985,337.31,1.09,1.04,2026-04-16,1355,100,40.15
18.48566,104.32986,327.3,1.09,1.04,2026-04-16,1355,100,24.17
18.48643,103.15046,317.82,1.01,1.01,2026-04-16,1355,95,11.76
18.49476,104.32834,312.06,1.09,1.04,2026-04-16,1355,82,7.81
18.49698,102.74667,313.96,1.0,1.0,2026-04-16,1355,74,9.64
18.49787,101.62305,311.06,1.02,1.01,2026-04-16,1355,76,6.3
18.49805,103.15183,311.26,1.01,1.01,2026-04-16,1355,78,8.02
18.49825,102.75589,316.99,1.0,1.0,2026-04-16,1355,93,11.97
18.49909,101.31546,312.51,1.04,1.02,2026-04-16,1355,80,8.16
18.49919,101.63229,310.95,1.02,1.01,2026-04-16,1355,76,5.91
18.49932,103.93698,316.22,1.06,1.03,2026-04-16,1355,92,11.34
18.5006,103.94663,317.64,1.06,1.03,2026-04-16,1355,95,12.1
18.50194,101.84127,320.72,1.01,1.01,2026-04-16,1355,100,15.55
18.50329,101.85071,329.53,1.01,1.0,2026-04-16,1355,100,25.48
18.50584,101.67895,314.4,1.02,1.01,2026-04-16,1355,86,9.37
18.50651,104.34746,316.21,1.09,1.04,2026-04-16,1355,92,12.19
18.50716,101.68822,310.32,1.02,1.01,2026-04-16,1355,73,6.1
18.50942,103.10271,314.12,1.01,1.0,2026-04-16,1355,86,9.68
18.51086,100.44857,309.94,1.11,1.05,2026-04-16,1355,70,7.12
18.51566,104.34628,311.97,1.09,1.04,2026-04-16,1355,82,8.17
18.51599,101.29681,310.73,1.04,1.02,2026-04-16,1355,74,7.63
18.51829,103.03533,310.23,1.01,1.0,2026-04-16,1355,73,6.75
18.51953,103.04457,314.43,1.01,1.0,2026-04-16,1355,87,10.23
18.52413,102.14582,325.12,1.0,1.0,2026-04-16,1355,100,19.72
18.52441,103.14755,310.12,1.01,1.01,2026-04-16,1355,74,6.73
18.52565,101.62807,310.15,1.02,1.01,2026-04-16,1355,73,6.17
18.52565,103.15678,314.12,1.01,1.01,2026-04-16,1355,86,9.74
18.52586,103.02496,312.11,1.01,1.0,2026-04-16,1355,80,8.27
18.52711,103.03423,316.98,1.01,1.0,2026-04-16,1355,93,12.51
18.53289,102.14442,309.76,1.0,1.0,2026-04-16,1355,71,6.26
18.53317,103.21297,309.63,1.01,1.01,2026-04-16,1355,73,7.07
18.53331,101.03923,313.71,1.05,1.03,2026-04-16,1355,84,9.67
18.53438,103.22202,324.84,1.01,1.01,2026-04-16,1355,100,20.75
18.53447,103.15562,324.2,1.01,1.01,2026-04-16,1355,100,19.98
18.53467,101.04862,315.3,1.05,1.03,2026-04-16,1355,88,11.11
18.53563,103.2314,314.18,1.02,1.01,2026-04-16,1355,87,10.13
18.5401,100.39237,326.47,1.12,1.05,2026-04-16,1355,100,24.24
18.54053,101.21497,318.9,1.04,1.02,2026-04-16,1355,97,14.58
18.54055,101.34085,310.2,1.03,1.02,2026-04-16,1355,72,6.49
18.54159,100.4024,311.13,1.11,1.05,2026-04-16,1355,75,7.72
18.54274,103.84557,319.5,1.05,1.02,2026-04-16,1355,99,14.31
18.54589,101.83435,312.16,1.01,1.01,2026-04-16,1355,80,7.59
18.54855,101.85329,309.2,1.01,1.0,2026-04-16,1355,70,5.84
18.54971,102.93642,327.89,1.01,1.0,2026-04-16,1355,100,23.58
18.5504,99.77965,312.22,1.19,1.09,2026-04-16,1355,79,9.89
18.55095,102.94562,348.33,1.01,1.0,2026-04-16,1355,100,56.41
18.55202,99.79037,312.51,1.19,1.09,2026-04-16,1355,80,10.04
18.55222,102.9549,323.9,1.01,1.0,2026-04-16,1355,100,19.05
18.55282,103.92271,311.97,1.06,1.03,2026-04-16,1355,81,7.36
18.55466,101.83281,320.39,1.01,1.01,2026-04-16,1355,100,14.73
18.556,104.44234,308.45,1.1,1.05,2026-04-16,1355,71,6.22
18.55646,102.90112,320.13,1.0,1.0,2026-04-16,1355,100,15.36
18.5577,102.91026,312.88,1.01,1.0,2026-04-16,1355,83,9.21
18.55883,100.95841,317.87,1.06,1.03,2026-04-16,1355,95,12.36
18.56446,101.31764,310.17,1.04,1.02,2026-04-16,1355,72,6.74
18.5672,103.19856,312.45,1.01,1.01,2026-04-16,1355,72,8.29
18.56842,103.20769,315.62,1.01,1.01,2026-04-16,1355,90,10.85
18.56984,102.13234,337.69,1.0,1.0,2026-04-16,1355,100,37.19
18.57017,101.67248,319.06,1.02,1.01,2026-04-16,1355,98,13.6
18.57151,101.68184,310.73,1.02,1.01,2026-04-16,1355,75,6.57
18.57308,104.07854,316.84,1.07,1.03,2026-04-16,1355,93,12.77
18.57597,103.26385,313.39,1.02,1.01,2026-04-16,1355,82,9.18
18.57719,103.27304,317.63,1.02,1.01,2026-04-16,1355,95,13.24
18.57728,103.20662,323.45,1.01,1.01,2026-04-16,1355,100,18.35
18.5777,102.99222,315.93,1.01,1.0,2026-04-16,1355,91,11.37
18.57881,104.41312,312.7,1.1,1.05,2026-04-16,1355,84,10.38
18.57961,103.35846,317.03,1.02,1.01,2026-04-16,1355,93,13.17
18.58032,101.68044,320.17,1.02,1.01,2026-04-16,1355,100,14.66
18.58706,101.28518,324.07,1.04,1.02,2026-04-16,1355,100,20.45
18.58752,103.90795,320.92,1.05,1.03,2026-04-16,1355,100,15.8
18.58978,101.04387,311.02,1.05,1.02,2026-04-16,1355,76,7.27
18.59663,101.85829,316.26,1.01,1.0,2026-04-16,1355,91,11.06
18.59882,103.14956,311.98,1.01,1.01,2026-04-16,1355,80,8.22
18.60015,100.36504,312.08,1.12,1.05,2026-04-16,1355,79,8.63
18.60399,101.26627,328.28,1.04,1.02,2026-04-16,1355,100,24.49
18.60536,101.27571,318.7,1.04,1.02,2026-04-16,1355,97,14.47
18.60569,101.09017,310.55,1.05,1.02,2026-04-16,1355,74,7.06
18.60661,104.19469,330.56,1.08,1.04,2026-04-16,1355,100,29.53
18.60674,101.86626,312.73,1.01,1.0,2026-04-16,1355,82,8.1
18.60808,101.87566,315.24,1.01,1.0,2026-04-16,1355,89,10.17
18.60877,101.23658,318.54,1.04,1.02,2026-04-16,1355,96,14.04
18.60927,104.07355,312.32,1.07,1.03,2026-04-16,1355,83,8.89
18.6129,101.26494,322.05,1.04,1.02,2026-04-16,1355,100,17.15
18.61424,101.27421,321.19,1.04,1.02,2026-04-16,1355,100,16.91
18.61648,101.35212,313.67,1.03,1.02,2026-04-16,1355,84,9.95
18.6182,104.2842,308.18,1.09,1.04,2026-04-16,1355,70,6.18
18.62496,102.14243,312.92,1.0,1.0,2026-04-16,1355,81,10.91
18.6314,101.32985,326.76,1.03,1.02,2026-04-16,1355,100,23.79
18.64183,101.86044,313.79,1.01,1.0,2026-04-16,1355,85,9.37
18.64196,101.67044,327.04,1.02,1.01,2026-04-16,1355,100,22.77
18.64487,103.49699,310.96,1.03,1.01,2026-04-16,1355,78,7.36
18.65297,101.60528,318.71,1.02,1.01,2026-04-16,1355,97,13.96
18.65401,103.92172,330.65,1.06,1.03,2026-04-16,1355,100,28.49
18.6559,102.21642,320.08,1.0,1.0,2026-04-16,1355,100,14.49
18.66178,101.60385,320.76,1.02,1.01,2026-04-16,1355,100,15.77
18.66311,101.61316,337.08,1.02,1.01,2026-04-16,1355,100,36.68
18.66503,102.34646,311.29,1.0,1.0,2026-04-16,1355,78,7.1
18.66576,101.63168,313.89,1.02,1.01,2026-04-16,1355,83,9.06
18.66651,101.78054,312.92,1.01,1.01,2026-04-16,1355,75,8.39
18.66708,101.64097,316.54,1.02,1.01,2026-04-16,1355,92,11.34
18.66842,101.65034,311.7,1.02,1.01,2026-04-16,1355,74,7.63
18.66854,103.67775,323.43,1.04,1.02,2026-04-16,1355,100,19.63
18.66959,101.34295,318.28,1.03,1.02,2026-04-16,1355,96,14.34
18.66972,101.65947,318.57,1.02,1.01,2026-04-16,1355,97,13.81
18.66981,103.68752,308.33,1.04,1.02,2026-04-16,1355,71,6.17
18.67139,102.00691,321.06,1.01,1.0,2026-04-16,1355,100,16.16
18.67206,102.48251,315.01,1.0,1.0,2026-04-16,1355,88,9.05
18.67269,102.01617,328.49,1.0,1.0,2026-04-16,1355,100,24.17
18.67332,102.49168,327.48,1.0,1.0,2026-04-16,1355,100,21.49
18.67458,102.50087,324.9,1.0,1.0,2026-04-16,1355,100,18.38
18.6774,104.39085,315.29,1.1,1.05,2026-04-16,1355,90,12.59
18.67746,103.67641,340.62,1.04,1.02,2026-04-16,1355,100,43.96
18.67875,103.68631,315.72,1.04,1.02,2026-04-16,1355,91,11.73
18.67919,101.28333,319.19,1.04,1.02,2026-04-16,1355,98,14.76
18.68016,102.00553,311.96,1.01,1.0,2026-04-16,1355,80,7.93
18.68023,100.53242,312.6,1.1,1.04,2026-04-16,1355,81,10.23
18.68053,101.29265,310.89,1.04,1.02,2026-04-16,1355,75,7.85
18.68146,102.01486,319.16,1.0,1.0,2026-04-16,1355,98,13.72
18.68221,103.92705,319.27,1.06,1.03,2026-04-16,1355,98,14.62
18.68326,100.49037,313.45,1.1,1.05,2026-04-16,1355,83,10.72
18.68363,99.82223,321.16,1.18,1.08,2026-04-16,1355,100,20.37
18.68733,102.78991,310.32,1.0,1.0,2026-04-16,1355,75,7.15
18.68737,101.65685,311.48,1.02,1.01,2026-04-16,1355,73,8.0
18.68809,101.28204,327.47,1.04,1.02,2026-04-16,1355,100,23.96
18.68866,101.93848,323.04,1.01,1.0,2026-04-16,1355,100,16.72
18.68934,100.53086,315.15,1.1,1.04,2026-04-16,1355,88,12.66
18.68942,101.29131,313.31,1.04,1.02,2026-04-16,1355,83,9.65
18.68995,101.94758,310.3,1.01,1.0,2026-04-16,1355,75,5.52
18.6908,103.92017,314.15,1.06,1.03,2026-04-16,1355,88,10.75
18.69205,103.92993,308.59,1.06,1.03,2026-04-16,1355,72,6.43
18.69278,103.6545,321.31,1.04,1.02,2026-04-16,1355,100,16.92
18.69617,101.65536,310.51,1.02,1.01,2026-04-16,1355,75,7.45
18.70203,102.16219,318.45,1.0,1.0,2026-04-16,1355,91,15.74
18.70506,103.88867,311.02,1.06,1.03,2026-04-16,1355,80,8.25
18.70692,103.33677,312.37,1.02,1.01,2026-04-16,1355,83,9.28
18.70697,103.55553,315.33,1.03,1.02,2026-04-16,1355,90,10.05
18.70777,102.46177,343.31,1.0,1.0,2026-04-16,1355,100,45.2
18.70822,103.56497,311.77,1.03,1.02,2026-04-16,1355,81,7.22
18.71184,99.81675,312.43,1.18,1.08,2026-04-16,1355,81,10.51
18.71328,103.53486,324.63,1.03,1.01,2026-04-16,1355,100,19.48
18.71525,102.45123,335.74,1.0,1.0,2026-04-16,1355,100,32.04
18.7158,103.48589,356.68,1.03,1.01,2026-04-16,1355,100,78.46
18.71652,102.4604,371.26,1.0,1.0,2026-04-16,1355,100,116.07
18.717,103.49503,339.36,1.03,1.01,2026-04-16,1355,100,41.38
18.71778,102.46959,318.96,1.0,1.0,2026-04-16,1355,97,12.04
18.71801,101.93658,317.63,1.01,1.0,2026-04-16,1355,95,12.35
18.71835,103.57303,324.59,1.03,1.02,2026-04-16,1355,100,20.29
18.71932,101.94588,314.01,1.01,1.0,2026-04-16,1355,86,9.43
18.724,102.44987,324.9,1.0,1.0,2026-04-16,1355,100,18.24
18.72527,102.45905,366.22,1.0,1.0,2026-04-16,1355,100,100.13
18.72677,101.93512,326.78,1.01,1.0,2026-04-16,1355,100,22.01
18.72809,101.94447,318.16,1.01,1.0,2026-04-16,1355,96,13.18
18.72855,103.09455,311.45,1.01,1.01,2026-04-16,1355,79,9.36
18.7298,103.10385,310.24,1.01,1.01,2026-04-16,1355,76,8.54
18.73362,100.45119,314.58,1.1,1.05,2026-04-16,1355,87,11.76
18.73473,103.27477,319.21,1.02,1.01,2026-04-16,1355,98,15.55
18.73597,103.28407,309.26,1.02,1.01,2026-04-16,1355,73,7.3
18.7386,103.23631,311.38,1.02,1.01,2026-04-16,1355,79,8.72
18.74277,100.44965,318.53,1.1,1.05,2026-04-16,1355,96,15.33
18.74422,102.92597,309.11,1.01,1.0,2026-04-16,1355,72,6.88
18.74423,100.45955,310.09,1.1,1.05,2026-04-16,1355,72,6.91
18.74546,102.93525,309.39,1.01,1.0,2026-04-16,1355,70,7.35
18.75004,103.8127,321.97,1.05,1.02,2026-04-16,1355,100,18.0
18.75126,103.82204,313.45,1.05,1.02,2026-04-16,1355,86,9.49
18.75646,102.42605,312.2,1.0,1.0,2026-04-16,1355,81,7.97
18.759,103.81131,313.0,1.05,1.02,2026-04-16,1355,85,9.67
18.76053,101.64905,311.85,1.02,1.01,2026-04-16,1355,80,8.53
18.76129,101.59131,310.62,1.02,1.01,2026-04-16,1355,75,7.82
18.76611,103.37507,330.6,1.02,1.01,2026-04-16,1355,100,28.13
18.76731,102.03245,319.3,1.0,1.0,2026-04-16,1355,98,14.11
18.77145,101.59933,312.69,1.02,1.01,2026-04-16,1355,82,9.16
18.77326,101.67524,324.41,1.01,1.01,2026-04-16,1355,100,20.63
18.77499,103.37394,316.38,1.02,1.01,2026-04-16,1355,92,12.47
18.78174,104.26902,311.68,1.09,1.04,2026-04-16,1355,82,9.74
18.78613,102.0389,314.66,1.0,1.0,2026-04-16,1355,88,10.93
18.78857,103.75184,309.68,1.05,1.02,2026-04-16,1355,76,6.94
18.7898,103.76131,313.82,1.05,1.02,2026-04-16,1355,87,10.19
18.7936,102.02834,315.71,1.0,1.0,2026-04-16,1355,90,11.16
18.79442,101.63409,312.98,1.02,1.01,2026-04-16,1355,83,8.35
18.79489,102.03751,312.82,1.0,1.0,2026-04-16,1355,82,9.2
18.79526,101.7668,310.34,1.01,1.01,2026-04-16,1355,75,6.58
18.79919,102.19689,320.15,1.0,1.0,2026-04-16,1355,100,14.81
18.79939,102.87054,311.57,1.01,1.0,2026-04-16,1355,80,7.95
18.8016,102.0024,325.73,1.0,1.0,2026-04-16,1355,100,21.14
18.80314,102.83224,316.84,1.0,1.0,2026-04-16,1355,93,11.8
18.80438,102.84142,312.39,1.0,1.0,2026-04-16,1355,79,7.89
18.80556,98.36945,312.69,1.44,1.19,2026-04-16,1355,75,13.6
18.80692,102.86003,316.47,1.01,1.0,2026-04-16,1355,92,11.56
18.80794,102.19553,335.42,1.0,1.0,2026-04-16,1355,100,32.58
18.80816,102.8692,332.61,1.01,1.0,2026-04-16,1355,100,29.48
18.81318,102.84022,313.96,1.0,1.0,2026-04-16,1355,85,8.57
18.81383,103.87567,311.37,1.06,1.03,2026-04-16,1355,81,8.69
18.81417,101.77341,326.34,1.01,1.01,2026-04-16,1355,100,20.9
18.81506,103.88517,310.46,1.06,1.03,2026-04-16,1355,79,7.98
18.81542,102.18494,314.85,1.0,1.0,2026-04-16,1355,88,9.8
18.81943,102.27831,311.13,1.0,1.0,2026-04-16,1355,78,7.35
18.82155,103.86465,314.28,1.06,1.03,2026-04-16,1355,86,10.22
18.82276,103.87395,328.57,1.06,1.03,2026-04-16,1355,100,26.28
18.82296,101.77209,323.4,1.01,1.01,2026-04-16,1355,100,17.7
18.82382,102.8324,320.2,1.0,1.0,2026-04-16,1355,100,14.97
18.82404,103.88374,311.6,1.06,1.03,2026-04-16,1355,82,8.5
18.82691,102.26775,309.56,1.0,1.0,2026-04-16,1355,73,6.28
18.82818,102.27694,333.3,1.0,1.0,2026-04-16,1355,100,30.93
18.82865,102.19578,309.24,1.0,1.0,2026-04-16,1355,73,6.97
18.82883,102.80327,321.75,1.0,1.0,2026-04-16,1355,100,16.62
18.82928,103.85371,317.46,1.05,1.03,2026-04-16,1355,95,13.41
18.82946,102.28613,319.37,1.0,1.0,2026-04-16,1355,98,14.7
18.82948,101.81831,318.12,1.01,1.0,2026-04-16,1355,96,11.72
18.83047,103.86285,320.89,1.06,1.03,2026-04-16,1355,100,16.64
18.83252,104.4464,312.84,1.11,1.05,2026-04-16,1355,85,11.21
18.8475,102.61207,333.22,1.0,1.0,2026-04-16,1355,100,30.27
18.84876,102.62125,318.77,1.0,1.0,2026-04-16,1355,97,13.79
18.86265,102.78868,313.32,1.0,1.0,2026-04-16,1355,85,8.85
18.87021,101.32767,312.21,1.03,1.01,2026-04-16,1355,80,8.58
18.87142,102.78735,312.33,1.0,1.0,2026-04-16,1355,83,8.02
18.87267,102.79655,312.38,1.0,1.0,2026-04-16,1355,83,7.97
18.88141,103.89958,312.3,1.06,1.03,2026-04-16,1355,84,9.73
18.88269,102.80444,308.66,1.0,1.0,2026-04-16,1355,72,5.69
18.88413,103.84964,310.79,1.06,1.03,2026-04-16,1355,81,7.77
18.90687,102.50305,312.53,1.0,1.0,2026-04-16,1355,75,7.78
18.91047,102.1203,331.51,1.0,1.0,2026-04-16,1355,100,29.1
18.91562,102.50166,328.23,1.0,1.0,2026-04-16,1355,100,23.34
18.91923,102.11897,336.45,1.0,1.0,2026-04-16,1355,100,35.55
18.9194,102.52925,311.41,1.0,1.0,2026-04-16,1355,80,7.0
18.91947,102.59498,311.52,1.0,1.0,2026-04-16,1355,81,7.51
18.92051,102.12815,312.93,1.0,1.0,2026-04-16,1355,84,9.3
18.92436,102.50031,309.46,1.0,1.0,2026-04-16,1355,72,6.04
18.92727,99.95457,311.24,1.16,1.07,2026-04-16,1355,80,8.08
18.93493,100.43601,319.12,1.1,1.05,2026-04-16,1355,98,14.85
18.93616,100.508,312.17,1.09,1.04,2026-04-16,1355,81,9.65
18.93637,100.44576,315.69,1.1,1.05,2026-04-16,1355,77,11.49
18.93756,99.79431,327.64,1.18,1.08,2026-04-16,1355,100,29.88
18.93921,99.80502,325.44,1.18,1.08,2026-04-16,1355,100,26.55
18.94064,101.30165,311.14,1.03,1.01,2026-04-16,1355,78,8.57
18.95826,101.61427,329.05,1.02,1.01,2026-04-16,1355,100,26.38
18.95878,100.16435,315.64,1.13,1.06,2026-04-16,1355,91,12.57
18.95959,101.62361,333.0,1.02,1.01,2026-04-16,1355,100,31.34
18.96031,100.17455,313.78,1.13,1.06,2026-04-16,1355,86,10.2
18.96141,102.48837,318.67,1.0,1.0,2026-04-16,1355,97,13.68
18.96268,102.49754,319.45,1.0,1.0,2026-04-16,1355,98,14.52
18.96577,101.79382,313.62,1.01,1.0,2026-04-16,1355,86,10.24
18.98418,104.33997,306.89,1.1,1.05,2026-04-16,1355,70,5.74
18.98545,104.34989,313.94,1.1,1.05,2026-04-16,1355,88,11.54
18.9863,100.11108,308.84,1.13,1.06,2026-04-16,1355,73,6.26
18.98828,101.76252,323.35,1.01,1.0,2026-04-16,1355,100,17.82
18.99391,100.33686,313.31,1.11,1.05,2026-04-16,1355,77,8.21
18.99417,101.93153,323.15,1.01,1.0,2026-04-16,1355,100,19.03
18.99541,100.34698,313.68,1.11,1.05,2026-04-16,1355,84,8.96
18.99705,101.76108,325.43,1.01,1.0,2026-04-16,1355,100,20.32
19.00163,101.92085,326.85,1.01,1.0,2026-04-16,1355,100,22.08
19.00424,101.93944,314.29,1.0,1.0,2026-04-16,1355,85,10.03
19.00534,99.85918,318.69,1.17,1.08,2026-04-16,1355,97,16.04
19.00685,99.86919,313.65,1.17,1.07,2026-04-16,1355,87,10.64
19.00911,102.77267,310.29,1.0,1.0,2026-04-16,1355,78,7.64
19.01035,102.78189,312.54,1.0,1.0,2026-04-16,1355,84,9.49
19.0104,101.91955,325.56,1.01,1.0,2026-04-16,1355,100,20.88
19.01146,102.52753,333.22,1.0,1.0,2026-04-16,1355,100,30.76
19.01171,101.92885,326.52,1.01,1.0,2026-04-16,1355,100,21.7
19.01247,103.63761,307.24,1.04,1.02,2026-04-16,1355,70,5.25
19.01271,102.53668,311.07,1.0,1.0,2026-04-16,1355,80,7.92
19.0202,102.52615,350.76,1.0,1.0,2026-04-16,1355,100,61.08
19.02098,100.5203,315.37,1.09,1.04,2026-04-16,1355,90,12.53
19.02107,103.70318,340.16,1.05,1.02,2026-04-16,1355,100,44.56
19.02145,102.53532,345.71,1.0,1.0,2026-04-16,1355,100,50.92
19.02161,102.86526,318.64,1.01,1.0,2026-04-16,1355,97,15.35
19.02227,103.71239,328.09,1.05,1.02,2026-04-16,1355,100,26.18
19.02287,102.87463,314.88,1.01,1.0,2026-04-16,1355,90,12.11
19.02389,102.48797,313.72,1.0,1.0,2026-04-16,1355,83,8.55
19.0282,101.72717,313.85,1.01,1.01,2026-04-16,1355,86,9.47
19.02914,102.85468,313.41,1.01,1.0,2026-04-16,1355,86,10.38
19.03039,102.86396,322.94,1.01,1.0,2026-04-16,1355,100,19.35
19.03139,102.47744,337.76,1.0,1.0,2026-04-16,1355,100,36.18
19.03164,102.87329,310.68,1.01,1.0,2026-04-16,1355,79,8.61
19.03262,102.48659,340.79,1.0,1.0,2026-04-16,1355,100,40.78
19.03317,103.57944,312.13,1.04,1.02,2026-04-16,1355,84,8.71
19.03539,102.76859,319.75,1.0,1.0,2026-04-16,1355,99,15.85
19.03811,103.61728,308.24,1.04,1.02,2026-04-16,1355,74,5.84
19.04317,101.96171,310.8,1.0,1.0,2026-04-16,1355,78,7.11
19.04446,101.97103,338.22,1.0,1.0,2026-04-16,1355,100,37.79
19.0474,101.7179,323.29,1.01,1.01,2026-04-16,1355,100,18.54
19.04881,102.13031,310.65,1.0,1.0,2026-04-16,1355,78,7.4
19.04918,102.87044,310.54,1.01,1.0,2026-04-16,1355,79,8.73
19.05009,102.13957,310.79,1.0,1.0,2026-04-16,1355,79,7.13
19.0515,102.55894,316.78,1.0,1.0,2026-04-16,1355,93,12.72
19.05627,102.11962,310.93,1.0,1.0,2026-04-16,1355,72,8.09
19.05703,101.84924,309.06,1.01,1.0,2026-04-16,1355,73,5.23
19.05836,101.85859,320.5,1.01,1.0,2026-04-16,1355,100,15.15
19.06336,100.43407,324.27,1.1,1.04,2026-04-16,1355,100,21.64
19.06495,100.4447,311.9,1.1,1.04,2026-04-16,1355,80,8.68
19.06807,100.15022,320.52,1.13,1.06,2026-04-16,1355,100,17.34
19.06873,101.9323,313.28,1.0,1.0,2026-04-16,1355,85,9.78
19.07004,101.94161,325.0,1.0,1.0,2026-04-16,1355,100,20.95
19.07533,103.1321,327.58,1.02,1.01,2026-04-16,1355,100,25.8
19.08065,101.82611,318.78,1.01,1.0,2026-04-16,1355,97,13.24
19.08197,101.83546,345.99,1.01,1.0,2026-04-16,1355,100,50.89
19.08285,100.5023,317.5,1.09,1.04,2026-04-16,1355,95,14.05
19.08448,100.51327,325.0,1.09,1.04,2026-04-16,1355,100,22.56
19.09075,101.83412,326.92,1.01,1.0,2026-04-16,1355,100,21.7
19.09213,100.4391,316.26,1.1,1.04,2026-04-16,1355,92,11.3
19.09951,101.83265,320.31,1.01,1.0,2026-04-16,1355,100,14.75
19.0997,100.42709,315.2,1.1,1.04,2026-04-16,1355,90,10.02
19.10122,100.43735,312.57,1.1,1.04,2026-04-16,1355,78,7.81
19.10214,101.85136,312.93,1.01,1.0,2026-04-16,1355,84,8.1
19.10371,103.48329,316.9,1.03,1.02,2026-04-16,1355,94,13.47
19.10693,102.07722,311.7,1.0,1.0,2026-04-16,1355,82,8.43
19.10717,100.47768,311.29,1.09,1.04,2026-04-16,1355,80,8.3
19.10841,102.15215,309.79,1.0,1.0,2026-04-16,1355,76,7.47
19.11255,103.48164,314.22,1.03,1.02,2026-04-16,1355,86,11.75
19.11338,102.46819,312.19,1.0,1.0,2026-04-16,1355,83,9.3
19.11553,103.09688,310.91,1.01,1.01,2026-04-16,1355,80,9.67
19.1164,100.4134,313.83,1.1,1.05,2026-04-16,1355,87,10.26
19.13601,101.75517,313.07,1.01,1.0,2026-04-16,1355,85,8.72
19.13846,101.26675,312.04,1.03,1.01,2026-04-16,1355,81,9.64
19.14232,102.94456,307.57,1.01,1.0,2026-04-16,1355,70,7.15
19.1434,98.05935,310.21,1.49,1.21,2026-04-16,1355,75,12.6
19.14606,101.76291,308.97,1.01,1.0,2026-04-16,1355,73,6.26
19.15952,101.92173,312.44,1.0,1.0,2026-04-16,1355,84,9.13
19.1692,103.91821,311.03,1.07,1.03,2026-04-16,1355,82,8.75
19.18412,102.44143,309.28,1.0,1.0,2026-04-16,1355,76,6.63
19.20679,100.52709,310.27,1.09,1.04,2026-04-16,1355,75,7.28
19.21029,99.11031,310.58,1.27,1.12,2026-04-16,1355,76,10.12
19.23419,100.52679,311.76,1.08,1.04,2026-04-16,1355,75,7.66
19.23521,102.07953,317.34,1.0,1.0,2026-04-16,1355,95,14.1
19.23542,102.14523,311.62,1.0,1.0,2026-04-16,1355,82,8.34
19.23566,100.53661,316.91,1.08,1.04,2026-04-16,1355,93,12.43
19.23649,102.08865,307.76,1.0,1.0,2026-04-16,1355,70,6.65
19.23691,102.89536,320.25,1.01,1.0,2026-04-16,1355,91,15.14
19.23815,102.90456,336.73,1.01,1.0,2026-04-16,1355,100,35.61
19.24316,102.74306,308.06,1.0,1.0,2026-04-16,1355,72,6.75
19.24326,100.52526,324.78,1.08,1.04,2026-04-16,1355,100,21.51
19.24474,100.53519,355.17,1.08,1.04,2026-04-16,1355,100,78.76
19.24614,100.54465,314.9,1.08,1.04,2026-04-16,1355,89,10.95
19.25387,103.79044,308.01,1.06,1.03,2026-04-16,1355,73,5.87
19.25525,100.54343,321.36,1.08,1.04,2026-04-16,1355,100,17.91
19.25676,100.55356,331.42,1.08,1.04,2026-04-16,1355,100,31.05
19.25722,101.31173,311.78,1.03,1.01,2026-04-16,1355,81,8.61
19.25994,102.51754,309.1,1.0,1.0,2026-04-16,1355,75,7.84
19.26428,100.54173,321.27,1.08,1.04,2026-04-16,1355,100,18.4
19.26553,96.52282,309.9,1.91,1.35,2026-04-16,1355,77,19.69
19.26581,100.55204,309.13,1.08,1.04,2026-04-16,1355,72,6.96
19.27651,101.90607,308.72,1.0,1.0,2026-04-16,1355,73,5.38
19.27745,98.18199,312.67,1.46,1.19,2026-04-16,1355,83,15.42
19.29789,101.93086,313.58,1.0,1.0,2026-04-16,1355,85,8.73
19.3067,100.51457,324.04,1.08,1.04,2026-04-16,1355,100,21.23
19.31008,102.68897,307.38,1.0,1.0,2026-04-16,1355,70,6.46
19.31425,100.50267,317.08,1.09,1.04,2026-04-16,1355,94,14.02
19.31574,100.5129,321.05,1.08,1.04,2026-04-16,1355,100,17.93
19.32334,100.50535,313.17,1.08,1.04,2026-04-16,1355,84,10.82
19.32485,100.51541,338.85,1.08,1.04,2026-04-16,1355,100,44.5
19.34168,102.31051,311.03,1.0,1.0,2026-04-16,1355,81,8.03
19.36577,100.47813,311.87,1.09,1.04,2026-04-16,1355,80,8.83
19.36735,100.48881,367.97,1.09,1.04,2026-04-16,1355,100,120.6
19.36886,100.49907,325.4,1.08,1.04,2026-04-16,1355,100,23.4
19.38104,98.25034,308.08,1.43,1.18,2026-04-16,1355,70,9.4
19.39135,98.24853,310.75,1.43,1.18,2026-04-16,1355,79,12.03
19.41735,100.39079,310.85,1.09,1.04,2026-04-16,1355,77,8.27
19.41828,100.77248,316.74,1.06,1.03,2026-04-16,1355,93,11.31
19.41829,101.72909,314.55,1.01,1.0,2026-04-16,1355,88,9.98
19.42004,101.80489,308.6,1.01,1.0,2026-04-16,1355,71,4.62
19.42017,101.09875,312.64,1.04,1.02,2026-04-16,1355,83,10.54
19.4243,101.12717,313.17,1.03,1.02,2026-04-16,1355,84,10.39
19.42863,100.96919,310.45,1.04,1.02,2026-04-16,1355,76,7.97
19.43361,101.77409,310.34,1.01,1.0,2026-04-16,1355,77,6.58
19.43532,98.9157,311.14,1.3,1.13,2026-04-16,1355,76,11.33
19.43709,98.59908,314.11,1.36,1.15,2026-04-16,1355,87,17.54
19.43842,101.03658,311.13,1.04,1.02,2026-04-16,1355,78,8.85
19.43903,98.61119,308.92,1.36,1.15,2026-04-16,1355,72,11.52
19.43982,101.04623,311.82,1.04,1.02,2026-04-16,1355,80,9.68
19.44952,100.73109,313.95,1.06,1.03,2026-04-16,1355,86,9.71
19.47604,100.78626,315.14,1.06,1.03,2026-04-16,1355,89,11.31
19.48648,100.79479,313.76,1.06,1.03,2026-04-16,1355,86,9.91
19.48789,100.80441,311.26,1.06,1.03,2026-04-16,1355,75,7.62
19.48976,101.72717,309.54,1.01,1.0,2026-04-16,1355,74,5.7
19.50018,101.52936,313.02,1.01,1.01,2026-04-16,1355,79,8.11
19.505,100.48313,311.57,1.08,1.04,2026-04-16,1355,80,9.38
19.52899,99.65411,316.11,1.18,1.08,2026-04-16,1355,92,13.38
19.54586,101.39123,311.56,1.02,1.01,2026-04-16,1355,79,9.14
19.5848,101.53782,316.3,1.01,1.01,2026-04-16,1355,92,11.59
19.61074,101.65746,308.63,1.01,1.0,2026-04-16,1355,70,5.32
19.62269,99.59891,308.3,1.18,1.08,2026-04-16,1355,71,7.33
19.64138,102.28313,317.24,1.0,1.0,2026-04-16,1355,94,11.95
19.64187,102.74612,309.54,1.01,1.0,2026-04-16,1355,75,6.96
19.64312,102.75542,321.87,1.01,1.0,2026-04-16,1355,100,17.63
19.6455,100.49435,316.16,1.08,1.04,2026-04-16,1355,92,13.28
19.64846,101.67046,308.78,1.01,1.0,2026-04-16,1355,70,5.31
19.65417,101.37711,309.33,1.02,1.01,2026-04-16,1355,72,7.28
19.65532,101.51111,311.54,1.01,1.01,2026-04-16,1355,79,8.79
19.67624,103.85342,312.39,1.07,1.03,2026-04-16,1355,85,8.56
19.68277,103.9748,307.86,1.08,1.04,2026-04-16,1355,73,5.45
19.68403,103.98462,309.78,1.08,1.04,2026-04-16,1355,78,6.88
19.69857,99.48956,316.05,1.2,1.09,2026-04-16,1355,73,13.72
19.70065,99.56688,320.11,1.18,1.08,2026-04-16,1355,100,18.53
19.70847,99.5546,322.76,1.19,1.08,2026-04-16,1355,100,21.56
19.72286,100.96076,316.72,1.04,1.02,2026-04-16,1355,93,13.03
19.72744,99.55186,325.01,1.19,1.08,2026-04-16,1355,100,24.43
19.72829,100.55467,319.07,1.07,1.03,2026-04-16,1355,98,15.87
19.7294,103.98127,313.26,1.08,1.04,2026-04-16,1355,87,10.19
19.73332,99.55621,311.99,1.18,1.08,2026-04-16,1355,84,11.04
19.73393,102.67838,309.85,1.01,1.0,2026-04-16,1355,71,6.12
19.73595,99.51073,315.43,1.19,1.09,2026-04-16,1355,91,15.12
19.74179,101.67815,310.33,1.01,1.0,2026-04-16,1355,76,6.54
19.75946,103.49947,312.37,1.04,1.02,2026-04-16,1355,85,9.93
19.76099,101.75114,312.15,1.01,1.0,2026-04-16,1355,81,8.43
19.76154,102.7504,311.86,1.01,1.0,2026-04-16,1355,82,7.71
19.76465,101.06152,309.97,1.03,1.02,2026-04-16,1355,74,8.14
19.76603,101.0711,310.09,1.03,1.02,2026-04-16,1355,74,8.38
19.76845,103.4986,319.72,1.04,1.02,2026-04-16,1355,99,16.78
19.80103,100.86305,309.06,1.05,1.02,2026-04-16,1355,71,6.66
19.8015,99.62212,319.49,1.17,1.08,2026-04-16,1355,99,18.6
19.81,103.3196,318.03,1.03,1.02,2026-04-16,1355,96,14.73
19.81522,100.39204,314.75,1.08,1.04,2026-04-16,1355,89,11.78
19.81647,103.23079,309.32,1.03,1.01,2026-04-16,1355,76,6.78
19.83283,101.33513,317.62,1.02,1.01,2026-04-16,1355,95,12.99
19.83422,101.34477,320.54,1.02,1.01,2026-04-16,1355,100,15.78
19.84618,100.7896,312.06,1.05,1.02,2026-04-16,1355,82,9.27
19.85009,100.87856,313.86,1.04,1.02,2026-04-16,1355,86,10.43
19.85576,100.91729,321.53,1.04,1.02,2026-04-16,1355,100,17.97
19.87245,101.88783,314.72,1.0,1.0,2026-04-16,1355,88,10.34
19.8742,94.01713,328.75,2.88,1.62,2026-04-16,1355,100,124.26
19.87817,94.01089,322.82,2.88,1.62,2026-04-16,1355,100,94.25
19.87915,94.04384,321.91,2.87,1.62,2026-04-16,1355,100,89.78
19.88335,94.03773,331.55,2.87,1.62,2026-04-16,1355,100,144.64
19.92224,101.43989,308.67,1.01,1.01,2026-04-16,1355,70,8.0
19.93771,103.04245,311.54,1.02,1.01,2026-04-16,1355,82,8.93
19.94884,100.54642,308.5,1.07,1.03,2026-04-16,1355,73,6.75
19.98861,102.58295,310.68,1.0,1.0,2026-04-16,1355,79,7.56
20.01243,102.69328,317.33,1.01,1.0,2026-04-16,1355,95,13.9
20.02537,103.56071,309.06,1.05,1.02,2026-04-16,1355,76,8.67
20.07253,102.60778,312.24,1.01,1.0,2026-04-16,1355,83,8.95
20.07638,102.70235,309.9,1.01,1.0,2026-04-16,1355,77,6.76
20.07895,102.98952,308.97,1.02,1.01,2026-04-16,1355,76,6.92
20.08442,102.60926,309.29,1.01,1.0,2026-04-16,1355,75,6.53
20.08566,102.61847,310.93,1.01,1.0,2026-04-16,1355,80,7.65
20.09323,100.09123,321.05,1.11,1.05,2026-04-16,1355,100,18.67
20.09478,100.10148,309.0,1.11,1.05,2026-04-16,1355,76,7.03
20.10293,102.83246,311.57,1.01,1.01,2026-04-16,1355,82,8.95
20.10947,102.59581,307.97,1.01,1.0,2026-04-16,1355,71,5.4
20.11193,102.54786,311.12,1.0,1.0,2026-04-16,1355,80,8.07
20.11202,102.74813,309.9,1.01,1.0,2026-04-16,1355,78,7.55
20.12231,101.54808,309.89,1.01,1.0,2026-04-16,1355,76,8.06
20.19985,101.52534,310.08,1.01,1.0,2026-04-16,1355,77,7.42
20.20117,101.53475,308.73,1.01,1.0,2026-04-16,1355,72,6.48
20.211,101.98957,308.9,1.0,1.0,2026-04-16,1355,73,5.99
20.23276,102.5614,310.15,1.01,1.0,2026-04-16,1355,78,6.71
20.23656,102.17485,308.9,1.0,1.0,2026-04-16,1355,74,6.24
20.25167,102.70138,309.23,1.01,1.0,2026-04-16,1355,75,6.41
20.26341,102.56928,328.77,1.01,1.0,2026-04-16,1355,100,25.67
20.26466,102.57854,321.21,1.01,1.0,2026-04-16,1355,100,17.38
20.26512,101.65235,312.63,1.0,1.0,2026-04-16,1355,84,9.73
20.26642,101.66163,314.55,1.0,1.0,2026-04-16,1355,89,11.34
20.28549,101.99073,307.95,1.0,1.0,2026-04-16,1355,71,6.17
20.29388,100.75423,308.48,1.05,1.02,2026-04-16,1355,75,6.53
20.32854,102.52125,308.62,1.01,1.0,2026-04-16,1355,73,5.5
20.3286,102.58784,307.85,1.01,1.0,2026-04-16,1355,71,5.45
20.33729,102.51981,339.33,1.01,1.0,2026-04-16,1355,100,39.54
20.34464,103.75523,320.4,1.07,1.03,2026-04-16,1355,100,17.97
20.35622,102.65971,320.01,1.01,1.0,2026-04-16,1355,100,15.86
20.36291,102.55756,310.61,1.01,1.0,2026-04-16,1355,79,6.88
20.36566,102.0538,307.98,1.0,1.0,2026-04-16,1355,71,6.04
20.42623,100.52541,338.67,1.06,1.03,2026-04-16,1355,100,46.36
20.47211,102.00578,320.45,1.0,1.0,2026-04-16,1355,100,17.1
20.48497,103.06776,319.44,1.03,1.01,2026-04-16,1355,99,15.36
20.4919,103.61102,319.55,1.06,1.03,2026-04-16,1355,99,17.03
20.49263,103.05724,310.6,1.03,1.01,2026-04-16,1355,79,7.89
20.49384,103.06651,350.48,1.03,1.01,2026-04-16,1355,100,63.44
20.50679,100.88436,309.37,1.03,1.02,2026-04-16,1355,73,8.29
20.5369,102.54714,311.16,1.01,1.0,2026-04-16,1355,81,8.33
20.5532,102.66875,307.89,1.01,1.01,2026-04-16,1355,71,6.28
20.58092,103.02772,309.44,1.03,1.01,2026-04-16,1355,76,7.63
20.58219,103.0373,313.85,1.03,1.01,2026-04-16,1355,87,10.91
20.58854,103.01698,324.16,1.03,1.01,2026-04-16,1355,100,21.24
20.58981,103.02657,327.57,1.03,1.01,2026-04-16,1355,100,24.7
20.59105,103.0359,338.37,1.03,1.01,2026-04-16,1355,100,40.33
20.5983,103.00975,312.63,1.03,1.01,2026-04-16,1355,84,10.83
20.59955,103.01923,317.76,1.03,1.01,2026-04-16,1355,95,15.14
20.60627,103.35788,312.15,1.05,1.02,2026-04-16,1355,84,9.16
20.62537,103.36449,308.08,1.05,1.02,2026-04-16,1355,73,7.02
20.63734,102.6939,307.55,1.01,1.01,2026-04-16,1355,70,5.27
20.64004,102.9837,321.73,1.02,1.01,2026-04-16,1355,100,18.11
20.64776,102.68629,325.47,1.01,1.01,2026-04-16,1355,100,21.98
20.64841,103.4706,316.04,1.06,1.03,2026-04-16,1355,92,13.28
20.64899,102.69548,317.4,1.01,1.01,2026-04-16,1355,95,13.86
20.68033,103.43078,319.2,1.05,1.02,2026-04-16,1355,98,15.36
20.68793,103.48974,310.61,1.06,1.03,2026-04-16,1355,80,8.87
20.69386,102.08167,317.01,1.0,1.0,2026-04-16,1355,85,11.68
20.69689,103.48811,320.66,1.06,1.03,2026-04-16,1355,100,18.21
20.77606,102.13832,328.39,1.0,1.0,2026-04-16,1355,100,24.49
20.77733,102.14757,322.31,1.0,1.0,2026-04-16,1355,100,17.66
20.82874,103.58247,307.48,1.07,1.03,2026-04-16,1355,72,7.54
20.8317,103.0397,310.29,1.03,1.01,2026-04-16,1355,79,8.93
20.84057,103.03832,317.88,1.03,1.01,2026-04-16,1355,96,15.32
20.86336,103.00543,309.89,1.03,1.01,2026-04-16,1355,78,7.78
20.88689,103.10326,308.73,1.03,1.02,2026-04-16,1355,74,7.22
20.89585,103.03309,310.99,1.03,1.01,2026-04-16,1355,81,8.59
20.90473,103.03178,315.22,1.03,1.01,2026-04-16,1355,90,11.94
20.91311,103.38276,308.36,1.05,1.02,2026-04-16,1355,74,7.8
20.98143,103.05283,309.56,1.03,1.02,2026-04-16,1355,77,8.39
20.99122,103.27545,307.45,1.05,1.02,2026-04-16,1355,71,7.01
21.00787,103.25663,309.69,1.05,1.02,2026-04-16,1355,78,8.84
21.03584,98.75801,311.57,1.26,1.11,2026-04-16,1355,83,11.28
21.13058,102.93584,306.92,1.03,1.01,2026-04-16,1355,70,6.11
21.17445,102.64172,307.22,1.01,1.01,2026-04-16,1355,71,5.82
21.27871,102.18096,308.24,1.0,1.0,2026-04-16,1355,74,9.18
21.39991,107.00258,321.61,1.71,1.28,2026-04-16,1355,100,41.28
21.54478,107.85424,321.51,1.98,1.37,2026-04-16,1355,100,47.96
21.60177,102.93561,314.08,1.03,1.02,2026-04-16,1355,88,11.16
21.62086,102.94296,312.24,1.03,1.02,2026-04-16,1355,84,9.15
21.64122,102.95985,315.79,1.04,1.02,2026-04-16,1355,92,13.5
21.79175,99.70285,310.38,1.1,1.05,2026-04-16,1355,80,11.82
21.80404,99.72195,310.89,1.1,1.05,2026-04-16,1355,80,13.11
21.99553,99.51685,323.59,1.12,1.05,2026-04-16,1355,100,25.62
22.06181,99.53004,323.51,1.12,1.05,2026-04-16,1355,100,25.18
22.07103,99.52869,330.65,1.12,1.05,2026-04-16,1355,100,35.1
22.08247,98.03251,315.49,1.34,1.15,2026-04-16,1355,91,20.36
22.08375,98.03948,314.04,1.34,1.15,2026-04-16,1355,88,18.27
22.51714,96.36742,307.88,1.7,1.28,2026-04-16,1355,73,10.8
-33.75316,18.73123,321.49,2.17,1.43,2026-04-16,1357,80,48.9
-33.75119,18.75429,335.07,2.16,1.43,2026-04-16,1357,89,98.95
-33.75056,18.74713,340.61,2.16,1.43,2026-04-16,1357,92,126.13
-33.23402,18.74694,320.08,2.13,1.42,2026-04-16,1357,78,41.75
-33.21556,18.81165,315.28,2.11,1.41,2026-04-16,1357,73,26.51
-33.04141,18.73192,317.96,2.12,1.42,2026-04-16,1357,76,34.64
-33.03998,18.72485,321.01,2.12,1.42,2026-04-16,1357,79,40.99
23.31395,96.62765,308.35,1.57,1.24,2026-04-16,1357,74,9.37
23.33881,99.47152,311.05,1.09,1.04,2026-04-16,1357,82,11.69
23.76358,96.2645,312.47,1.63,1.26,2026-04-16,1357,85,19.49
24.02063,101.2567,311.8,1.0,1.0,2026-04-16,1357,83,10.76
24.02713,99.6814,308.56,1.06,1.03,2026-04-16,1357,75,9.99
24.02853,99.69084,308.94,1.06,1.03,2026-04-16,1357,76,10.06
24.1345,96.48072,307.7,1.55,1.23,2026-04-16,1357,72,11.64
24.13776,96.47389,309.09,1.55,1.23,2026-04-16,1357,76,12.91
26.56564,101.67128,307.48,1.03,1.01,2026-04-16,1357,72,5.92
-28.16812,31.10273,320.78,1.95,1.36,2026-04-16,1359,70,46.41
-28.02981,25.68901,314.23,1.02,1.01,2026-04-16,1359,72,10.98
-21.08845,28.5464,350.27,1.82,1.32,2026-04-16,1359,83,140.81
-13.07369,21.07418,320.06,1.0,1.0,2026-04-16,1403,77,14.16
-13.07238,21.08312,320.83,1.0,1.0,2026-04-16,1403,78,14.65
-12.09122,21.28957,320.09,1.01,1.0,2026-04-16,1403,76,12.06
-8.14319,19.36461,314.52,1.01,1.01,2026-04-16,1403,72,9.63
-7.54709,17.59904,350.57,1.15,1.07,2026-04-16,1403,96,71.73
-7.46301,21.83375,328.42,1.12,1.05,2026-04-16,1403,73,29.24
-6.95456,25.94418,315.45,2.19,1.43,2026-04-16,1403,71,34.0
-6.94011,19.11828,317.42,1.01,1.0,2026-04-16,1403,73,11.01
-6.84496,19.40118,322.39,1.0,1.0,2026-04-16,1403,78,15.02
-6.75785,18.15738,317.44,1.07,1.03,2026-04-16,1405,73,12.23
-6.7538,19.27406,316.18,1.0,1.0,2026-04-16,1405,71,9.21
-6.75251,19.28288,316.04,1.0,1.0,2026-04-16,1405,71,9.04
-6.70831,19.0716,326.06,1.01,1.0,2026-04-16,1405,81,16.49
-6.67809,19.09419,353.87,1.01,1.0,2026-04-16,1405,97,64.33
-6.66688,19.09584,323.49,1.01,1.0,2026-04-16,1405,79,15.08
-6.39098,17.49492,316.94,1.13,1.06,2026-04-16,1405,72,11.61
-6.3793,18.28561,321.61,1.05,1.02,2026-04-16,1405,77,14.63
-6.17412,19.18067,323.84,1.0,1.0,2026-04-16,1405,78,14.77
-6.15402,19.19561,329.05,1.0,1.0,2026-04-16,1405,83,19.45
-6.06286,17.47298,319.06,1.12,1.06,2026-04-16,1405,74,14.11
-6.03171,18.387,326.26,1.04,1.02,2026-04-16,1405,81,19.87
-5.81928,18.8967,318.13,1.01,1.0,2026-04-16,1405,72,10.14
-5.74714,16.97178,324.34,1.18,1.08,2026-04-16,1405,80,22.43
-5.62939,17.39557,320.44,1.12,1.06,2026-04-16,1405,75,13.8
-5.62201,17.39893,318.68,1.12,1.05,2026-04-16,1405,73,13.01
-4.62933,18.4363,342.1,1.02,1.01,2026-04-16,1405,92,42.41
-4.62802,18.4452,324.69,1.02,1.01,2026-04-16,1405,80,17.37
-4.38001,16.85864,334.26,1.16,1.07,2026-04-16,1405,87,35.59
-4.37855,16.86872,335.29,1.15,1.07,2026-04-16,1405,88,37.11
-4.18496,16.93048,317.99,1.14,1.06,2026-04-16,1405,73,14.05
-4.17707,16.91929,333.04,1.14,1.06,2026-04-16,1405,75,34.12
-4.17565,16.92914,340.34,1.14,1.06,2026-04-16,1405,91,46.66
-4.12627,16.94214,331.15,1.14,1.06,2026-04-16,1405,85,29.11
-4.11855,16.94452,318.69,1.14,1.06,2026-04-16,1405,71,13.28
-4.11796,16.8837,323.92,1.14,1.07,2026-04-16,1405,80,18.52
-3.93351,17.13143,320.84,1.11,1.05,2026-04-16,1405,73,16.71
-3.83155,17.12992,321.27,1.11,1.05,2026-04-16,1405,78,15.58
-3.83018,17.13952,315.48,1.11,1.05,2026-04-16,1405,71,9.66
-3.69055,21.55001,316.8,1.19,1.09,2026-04-16,1405,70,11.09
-3.52513,22.10209,332.95,1.29,1.13,2026-04-16,1405,86,38.74
-3.51585,16.65144,340.1,1.16,1.07,2026-04-16,1405,91,48.63
-3.48702,17.47028,328.43,1.07,1.03,2026-04-16,1405,83,20.8
-3.42098,16.60004,315.95,1.16,1.07,2026-04-16,1405,71,10.76
-3.23817,16.04925,330.5,1.24,1.11,2026-04-16,1408,85,31.92
-3.23632,16.04354,324.57,1.24,1.11,2026-04-16,1408,80,23.58
-3.23474,16.05419,315.93,1.24,1.11,2026-04-16,1408,71,12.28
-3.01435,14.83302,315.5,1.49,1.2,2026-04-16,1408,71,14.04
-2.88493,17.87249,315.83,1.03,1.01,2026-04-16,1408,70,8.46
-2.62884,14.94778,325.29,1.44,1.19,2026-04-16,1408,81,25.23
-2.3461,15.47994,321.52,1.31,1.14,2026-04-16,1408,78,20.82
-2.34108,15.37374,330.14,1.33,1.14,2026-04-16,1408,85,35.94
-2.27337,14.99961,316.94,1.41,1.18,2026-04-16,1408,71,15.85
-2.24788,14.3988,323.32,1.56,1.23,2026-04-16,1408,71,27.33
-2.21663,14.31047,318.02,1.58,1.24,2026-04-16,1408,71,21.18
-2.09602,15.15098,319.32,1.37,1.16,2026-04-16,1408,74,15.25
-2.09432,15.16278,318.29,1.37,1.16,2026-04-16,1408,72,12.68
-1.97868,15.74181,323.5,1.25,1.11,2026-04-16,1408,77,17.27
-1.95701,15.26238,360.04,1.34,1.15,2026-04-16,1408,100,119.48
-1.90571,16.23417,327.39,1.17,1.08,2026-04-16,1408,81,26.11
-1.87703,15.11352,336.95,1.37,1.16,2026-04-16,1408,89,46.19
-1.87529,15.12529,325.96,1.36,1.16,2026-04-16,1408,81,23.53
-1.8317,16.34691,328.63,1.15,1.07,2026-04-16,1408,82,24.34
-1.83025,16.35692,325.58,1.15,1.07,2026-04-16,1408,79,20.1
-1.77522,15.59934,323.75,1.27,1.12,2026-04-16,1408,78,19.97
-1.68016,16.25094,317.53,1.16,1.07,2026-04-16,1408,70,11.43
-1.66807,14.50716,332.95,1.5,1.21,2026-04-16,1408,86,41.45
-1.65941,14.4926,324.92,1.5,1.21,2026-04-16,1408,71,24.92
-1.65752,14.50553,332.52,1.5,1.21,2026-04-16,1408,86,40.87
-1.65087,15.88279,318.43,1.21,1.1,2026-04-16,1408,72,11.73
-1.49305,14.29448,320.44,1.54,1.22,2026-04-16,1408,76,19.94
-1.25409,14.48318,337.67,1.48,1.2,2026-04-16,1408,78,55.8
-1.22029,15.40235,322.74,1.28,1.12,2026-04-16,1408,73,23.19
-1.11684,15.68101,334.57,1.23,1.1,2026-04-16,1408,87,40.33
-1.11528,15.69164,332.81,1.23,1.1,2026-04-16,1408,86,35.9
-1.10101,15.72209,318.6,1.22,1.1,2026-04-16,1408,72,13.29
-1.01847,15.43339,317.08,1.27,1.12,2026-04-16,1408,70,13.19
-1.01602,15.53973,320.05,1.25,1.11,2026-04-16,1408,71,15.85
-0.9419,15.41077,317.14,1.27,1.12,2026-04-16,1408,71,10.91
-0.84419,15.65586,358.0,1.22,1.1,2026-04-16,1408,99,100.1
-0.84264,15.66646,331.84,1.22,1.1,2026-04-16,1408,85,33.18
-0.84108,15.67705,323.96,1.22,1.1,2026-04-16,1408,79,21.48
-0.83613,15.64381,319.3,1.22,1.1,2026-04-16,1408,73,15.63
-0.83458,15.65444,345.43,1.22,1.1,2026-04-16,1408,93,63.06
-0.81462,15.79116,316.58,1.2,1.09,2026-04-16,1408,70,12.3
-0.69514,16.03904,328.8,1.16,1.07,2026-04-16,1408,83,28.14
-0.69367,16.04911,322.02,1.16,1.07,2026-04-16,1408,77,18.56
-0.69015,14.48059,314.6,1.45,1.19,2026-04-16,1408,71,12.26
-0.67975,14.47902,326.14,1.45,1.19,2026-04-16,1408,82,32.6
-0.59356,15.84173,320.55,1.19,1.08,2026-04-16,1408,76,18.07
-0.52699,14.52666,314.74,1.43,1.18,2026-04-16,1408,71,15.33
3.79367,19.6343,354.01,1.15,1.07,2026-04-16,1408,97,79.22
3.84305,19.52913,327.66,1.14,1.06,2026-04-16,1408,81,22.18
3.9927,19.08993,318.23,1.09,1.04,2026-04-16,1408,71,11.8
4.05841,20.05604,321.69,1.22,1.1,2026-04-16,1408,74,16.6
4.33485,19.84672,323.68,1.2,1.09,2026-04-16,1408,74,16.7
4.33967,19.85098,321.46,1.2,1.09,2026-04-16,1408,74,15.96
4.85385,19.6079,330.45,1.18,1.08,2026-04-16,1408,83,27.11
4.85534,19.61809,333.47,1.18,1.08,2026-04-16,1408,85,32.3
4.85929,19.61171,330.7,1.18,1.08,2026-04-16,1408,83,27.83
5.53575,7.66536,320.35,3.95,1.85,2026-04-16,1410,77,90.47
5.70255,7.96208,329.37,3.71,1.8,2026-04-16,1410,73,144.97
7.18209,13.86704,317.37,1.23,1.1,2026-04-16,1410,73,14.46
9.19283,20.51624,328.64,1.55,1.23,2026-04-16,1410,80,34.64
9.20355,20.51477,337.29,1.55,1.23,2026-04-16,1410,87,57.48
9.52642,16.86949,330.3,1.02,1.01,2026-04-16,1410,81,16.88
35.71756,4.47771,314.65,1.53,1.22,2026-04-16,1416,71,9.97
36.15414,5.42351,312.48,1.32,1.14,2026-04-16,1416,72,12.78
28.69635,-81.77087,322.34,1.11,1.05,2026-04-16,1429,71,15.57
28.71405,-82.06503,322.93,1.14,1.06,2026-04-16,1429,77,15.54
29.25549,-82.18542,328.48,1.17,1.08,2026-04-16,1429,83,25.16
29.33353,-81.14195,318.37,1.07,1.03,2026-04-16,1429,73,12.81
29.36685,-81.25697,317.01,1.08,1.04,2026-04-16,1429,71,12.42
29.64132,-81.54053,319.78,1.11,1.05,2026-04-16,1429,75,14.19
30.70572,-83.79842,320.02,1.5,1.21,2026-04-16,1429,75,23.12
33.62934,-81.09943,328.23,1.16,1.07,2026-04-16,1429,83,25.84
34.62632,-79.70903,344.03,1.06,1.03,2026-04-16,1429,93,48.61
37.91622,-79.84296,340.93,1.14,1.06,2026-04-16,1429,88,45.84
37.9255,-79.8409,350.01,1.14,1.06,2026-04-16,1429,96,65.83
37.93342,-79.82747,337.92,1.14,1.06,2026-04-16,1429,89,38.71
22.37014,-83.86626,326.22,1.2,1.09,2026-04-16,1431,73,22.31
22.37827,-83.85368,329.62,1.19,1.09,2026-04-16,1431,76,26.78
22.37968,-83.86478,328.89,1.2,1.09,2026-04-16,1431,81,25.8
22.4173,-83.81906,341.49,1.19,1.09,2026-04-16,1431,91,47.08
22.46355,-83.80099,327.79,1.19,1.08,2026-04-16,1431,81,25.88
22.47756,-84.06661,340.37,1.23,1.1,2026-04-16,1431,90,52.81
22.50431,-84.12254,328.73,1.24,1.11,2026-04-16,1431,82,27.81
22.51404,-84.12121,325.35,1.24,1.11,2026-04-16,1431,70,21.32
22.55442,-84.02589,320.75,1.22,1.1,2026-04-16,1431,73,15.67
22.59687,-81.22105,319.78,1.0,1.0,2026-04-16,1431,73,11.86
26.56075,-80.93817,322.7,1.02,1.01,2026-04-16,1431,75,12.8
26.68552,-80.91148,352.53,1.02,1.01,2026-04-16,1431,96,61.09
26.68689,-80.92139,346.14,1.02,1.01,2026-04-16,1431,93,47.24
26.69058,-80.80293,348.27,1.01,1.01,2026-04-16,1431,77,51.74
26.7379,-80.62366,321.43,1.01,1.0,2026-04-16,1431,74,11.13
26.78603,-80.62954,321.69,1.01,1.0,2026-04-16,1431,74,11.35
26.8157,-81.19006,319.9,1.03,1.01,2026-04-16,1431,71,11.39
26.81706,-81.20013,320.07,1.03,1.01,2026-04-16,1431,72,11.74
27.01836,-81.25815,334.77,1.04,1.02,2026-04-16,1431,87,31.73
27.17174,-81.09644,347.86,1.03,1.01,2026-04-16,1431,94,52.9
27.17311,-81.10654,319.79,1.03,1.01,2026-04-16,1431,72,10.92
27.4453,-81.20966,318.58,1.04,1.02,2026-04-16,1431,70,8.88
27.44667,-81.21988,318.97,1.04,1.02,2026-04-16,1431,70,9.24
27.77061,-81.72499,332.09,1.09,1.04,2026-04-16,1431,73,27.75
27.80582,-80.60175,331.33,1.02,1.01,2026-04-16,1431,84,25.4
27.87484,-80.90953,321.46,1.03,1.01,2026-04-16,1431,74,13.55
27.87621,-80.91969,339.62,1.03,1.01,2026-04-16,1431,90,38.54
27.93253,-81.69781,329.05,1.09,1.04,2026-04-16,1431,82,23.75
28.05515,-81.5741,318.3,1.08,1.04,2026-04-16,1431,70,8.63
28.50976,-81.1078,318.73,1.05,1.02,2026-04-16,1431,72,12.47
28.51737,-81.09589,342.38,1.05,1.02,2026-04-16,1431,91,44.25
28.51874,-81.10632,387.47,1.05,1.02,2026-04-16,1431,100,194.05
12.14541,-85.73495,333.68,1.16,1.07,2026-04-16,1435,85,31.25
13.42756,-87.31622,324.56,1.51,1.21,2026-04-16,1435,77,22.3
13.68263,-86.76614,328.35,1.4,1.17,2026-04-16,1435,83,30.97
13.85292,-87.3095,319.28,1.53,1.22,2026-04-16,1435,75,27.07
7.50859,-80.25128,322.67,1.49,1.21,2026-04-16,1437,76,24.21
8.20134,-81.09679,325.49,1.28,1.12,2026-04-16,1437,78,21.48
8.32894,-82.07635,331.95,1.12,1.06,2026-04-16,1437,85,27.99
8.33042,-82.08621,361.88,1.12,1.06,2026-04-16,1437,100,98.44
10.35558,-85.6562,320.91,1.1,1.05,2026-04-16,1437,72,10.29
11.42026,76.59082,322.46,1.22,1.1,2026-04-16,1531,100,27.94
11.42982,76.58921,307.68,1.22,1.1,2026-04-16,1531,71,11.34
11.49996,76.60005,326.13,1.22,1.1,2026-04-16,1531,100,32.75
13.90105,79.14447,310.31,1.0,1.0,2026-04-16,1531,76,7.39
13.91613,79.12389,313.13,1.0,1.0,2026-04-16,1531,84,9.37
13.91981,79.15091,313.04,1.0,1.0,2026-04-16,1531,84,8.3
13.92226,79.16889,315.31,1.0,1.0,2026-04-16,1531,77,10.18
13.92612,79.13163,325.04,1.0,1.0,2026-04-16,1531,100,20.0
13.92736,79.14066,314.33,1.0,1.0,2026-04-16,1531,87,9.49
13.93103,79.16762,332.66,1.0,1.0,2026-04-16,1531,100,28.89
13.93226,79.17663,318.32,1.0,1.0,2026-04-16,1531,96,12.61
13.94104,79.17539,309.58,1.0,1.0,2026-04-16,1531,73,5.74
13.96861,79.18065,312.88,1.0,1.0,2026-04-16,1531,84,8.11
13.98839,79.04283,317.0,1.0,1.0,2026-04-16,1531,93,12.0
14.05728,79.02357,315.68,1.0,1.0,2026-04-16,1531,81,10.44
14.08655,79.08688,310.63,1.0,1.0,2026-04-16,1531,76,6.35
14.26306,79.3773,310.82,1.01,1.0,2026-04-16,1531,74,5.47
14.27187,79.37605,315.93,1.01,1.0,2026-04-16,1531,90,9.68
14.53202,78.97205,318.44,1.0,1.0,2026-04-16,1531,96,10.63
14.56584,78.95779,311.15,1.0,1.0,2026-04-16,1531,72,5.59
15.56863,78.74221,312.69,1.0,1.0,2026-04-16,1531,82,6.98
18.56639,81.01628,311.08,1.28,1.12,2026-04-16,1533,71,6.99
18.59179,76.60634,311.02,1.04,1.02,2026-04-16,1533,76,8.74
19.29705,80.73685,321.57,1.25,1.11,2026-04-16,1533,100,19.66
19.36596,71.35589,332.09,2.08,1.4,2026-04-16,1533,100,82.15
19.45282,80.85161,312.58,1.28,1.12,2026-04-16,1533,78,9.15
19.45418,80.86272,313.76,1.28,1.12,2026-04-16,1533,82,10.47
19.45506,80.85706,317.94,1.28,1.12,2026-04-16,1533,95,16.06
19.50693,80.78944,313.91,1.27,1.12,2026-04-16,1533,74,10.89
19.61055,80.72208,312.88,1.26,1.12,2026-04-16,1533,79,9.36
19.81283,75.91643,318.75,1.07,1.03,2026-04-16,1533,97,15.73
19.8168,77.97938,315.18,1.01,1.0,2026-04-16,1533,87,9.17
20.12616,75.29065,309.56,1.12,1.06,2026-04-16,1533,73,8.4
20.17924,75.76962,310.8,1.07,1.03,2026-04-16,1533,76,9.15
20.54585,79.53217,314.75,1.12,1.06,2026-04-16,1533,82,9.57
21.10556,72.64684,324.34,1.55,1.23,2026-04-16,1533,100,36.99
21.21806,79.99837,314.71,1.2,1.09,2026-04-16,1533,86,12.11
21.22762,79.99709,314.69,1.2,1.09,2026-04-16,1533,86,11.79
21.27426,79.47428,318.29,1.13,1.06,2026-04-16,1533,96,15.76
21.27945,79.29175,311.72,1.11,1.05,2026-04-16,1533,76,10.16
21.28603,79.2849,310.46,1.11,1.05,2026-04-16,1533,71,8.67
21.2861,79.34392,326.21,1.12,1.05,2026-04-16,1533,100,26.03
21.28732,79.29531,311.61,1.11,1.05,2026-04-16,1533,76,9.7
21.31316,80.02475,314.26,1.21,1.09,2026-04-16,1533,85,11.1
21.31746,79.38681,321.03,1.12,1.06,2026-04-16,1533,100,19.42
21.32426,79.21587,310.6,1.1,1.05,2026-04-16,1533,72,7.78
21.33214,79.20419,325.08,1.1,1.05,2026-04-16,1533,100,22.79
21.43404,80.61698,310.68,1.31,1.13,2026-04-16,1533,73,7.8
21.45321,78.00948,312.5,1.02,1.01,2026-04-16,1533,78,6.24
21.63948,72.83971,310.48,1.47,1.2,2026-04-16,1533,71,11.39
21.71555,75.65638,311.03,1.05,1.02,2026-04-16,1533,70,6.42
21.74195,83.84496,311.81,2.23,1.45,2026-04-16,1533,79,23.18
21.80939,75.60348,314.69,1.05,1.03,2026-04-16,1533,84,8.73
21.8785,79.23523,324.26,1.12,1.05,2026-04-16,1533,100,23.17
21.92853,79.20001,320.32,1.12,1.05,2026-04-16,1533,100,18.37
21.94677,79.3484,310.81,1.13,1.06,2026-04-16,1533,76,9.19
21.97996,79.38699,316.82,1.14,1.06,2026-04-16,1533,93,14.45
21.9945,79.58318,310.34,1.17,1.07,2026-04-16,1533,74,9.53
22.01132,77.16548,313.15,1.0,1.0,2026-04-16,1533,82,8.39
22.04048,79.06038,310.42,1.1,1.05,2026-04-16,1533,75,8.21
22.08663,75.73457,319.38,1.04,1.02,2026-04-16,1533,98,12.83
22.08805,75.74433,313.59,1.04,1.02,2026-04-16,1533,80,7.43
22.1152,79.30036,315.78,1.13,1.06,2026-04-16,1533,91,14.21
22.13631,77.87383,313.1,1.02,1.01,2026-04-16,1533,82,8.96
22.17088,79.14124,313.17,1.12,1.05,2026-04-16,1533,84,11.29
22.17094,79.21643,318.5,1.12,1.06,2026-04-16,1533,96,15.41
22.19081,79.2243,316.56,1.13,1.06,2026-04-16,1533,92,13.38
22.19689,79.21756,315.53,1.13,1.06,2026-04-16,1533,90,12.76
22.19819,79.22815,326.46,1.13,1.06,2026-04-16,1533,100,25.81
22.20616,79.21618,311.19,1.13,1.06,2026-04-16,1533,78,8.96
22.21375,79.40633,319.38,1.15,1.07,2026-04-16,1533,98,18.2
22.21784,79.43891,319.11,1.15,1.07,2026-04-16,1533,98,17.92
22.25065,77.63565,315.01,1.01,1.01,2026-04-16,1533,87,10.08
22.28858,79.90041,318.24,1.22,1.1,2026-04-16,1533,96,18.17
22.30255,76.1404,321.99,1.02,1.01,2026-04-16,1533,100,13.84
22.30391,76.14995,322.02,1.02,1.01,2026-04-16,1533,100,13.91
22.32988,79.47729,311.03,1.16,1.07,2026-04-16,1533,77,10.08
22.3337,79.58894,315.7,1.18,1.08,2026-04-16,1533,90,15.04
22.33928,79.47593,314.99,1.16,1.07,2026-04-16,1533,88,13.77
22.48383,79.43777,309.99,1.16,1.07,2026-04-16,1533,73,9.11
22.49184,79.42537,310.54,1.16,1.07,2026-04-16,1533,75,8.58
22.49323,79.4364,312.01,1.16,1.07,2026-04-16,1533,80,10.18
22.51146,79.53969,311.75,1.17,1.08,2026-04-16,1533,77,9.47
22.54843,76.76581,323.01,1.0,1.0,2026-04-16,1533,100,17.52
22.61183,80.57835,309.11,1.35,1.15,2026-04-16,1533,70,7.99
22.66188,75.74358,311.07,1.03,1.02,2026-04-16,1533,70,6.66
22.69592,74.91214,312.26,1.1,1.04,2026-04-16,1533,77,7.56
22.71453,75.98186,319.68,1.02,1.01,2026-04-16,1533,99,14.04
22.71591,75.99146,318.1,1.02,1.01,2026-04-16,1533,95,12.47
22.77271,76.51763,318.87,1.0,1.0,2026-04-16,1533,97,11.9
22.77404,76.52706,313.28,1.0,1.0,2026-04-16,1533,80,7.14
22.8569,76.33237,313.5,1.01,1.0,2026-04-16,1533,81,8.35
22.90101,76.18278,316.79,1.01,1.0,2026-04-16,1533,91,11.37
22.98135,76.17892,314.17,1.01,1.0,2026-04-16,1533,84,9.32
22.98572,77.6858,311.62,1.02,1.01,2026-04-16,1533,75,7.53
22.99455,77.68443,317.13,1.02,1.01,2026-04-16,1533,92,11.7
23.03255,75.88909,324.21,1.02,1.01,2026-04-16,1533,100,18.65
23.09174,75.27473,314.23,1.06,1.03,2026-04-16,1533,84,9.47
23.0932,75.28468,312.01,1.06,1.03,2026-04-16,1533,76,7.63
23.11,78.28088,314.44,1.06,1.03,2026-04-16,1533,85,10.41
23.12588,75.31971,326.9,1.05,1.02,2026-04-16,1533,100,23.15
23.12801,76.48231,311.17,1.0,1.0,2026-04-16,1533,73,7.32
23.18844,75.75097,316.99,1.03,1.01,2026-04-16,1533,92,11.17
23.20788,77.27947,315.18,1.01,1.0,2026-04-16,1533,87,10.25
23.21666,77.27806,320.02,1.01,1.0,2026-04-16,1533,100,14.64
23.21794,77.28761,321.4,1.01,1.0,2026-04-16,1533,100,15.98
23.22672,77.28619,311.64,1.01,1.0,2026-04-16,1533,76,7.79
23.2695,75.47475,311.27,1.04,1.02,2026-04-16,1533,74,7.42
23.28373,77.91815,320.72,1.03,1.02,2026-04-16,1533,100,15.52
23.28662,76.70146,312.93,1.0,1.0,2026-04-16,1533,81,8.26
23.29015,75.49129,310.76,1.04,1.02,2026-04-16,1533,71,7.25
23.30024,77.90557,310.32,1.03,1.02,2026-04-16,1533,71,6.76
23.30454,75.85389,319.59,1.02,1.01,2026-04-16,1533,99,13.26
23.31117,75.69769,313.63,1.03,1.01,2026-04-16,1533,82,8.48
23.3129,77.44241,314.42,1.01,1.01,2026-04-16,1533,86,9.89
23.3278,76.01724,332.13,1.01,1.01,2026-04-16,1533,100,29.69
23.34855,75.38439,310.72,1.04,1.02,2026-04-16,1533,71,7.44
23.35001,75.39425,311.19,1.04,1.02,2026-04-16,1533,73,7.85
23.35162,78.01225,314.16,1.04,1.02,2026-04-16,1533,85,10.32
23.35338,75.55053,314.83,1.03,1.02,2026-04-16,1533,86,10.26
23.36745,75.64807,310.52,1.03,1.01,2026-04-16,1533,71,6.78
23.36813,77.92921,319.94,1.04,1.02,2026-04-16,1533,99,15.19
23.37155,75.86562,328.07,1.02,1.01,2026-04-16,1533,100,22.66
23.40465,75.70551,320.4,1.02,1.01,2026-04-16,1533,100,14.75
23.4146,77.31208,332.26,1.01,1.0,2026-04-16,1533,100,29.35
23.41589,77.32166,312.98,1.01,1.0,2026-04-16,1533,82,8.97
23.43336,75.59081,313.83,1.03,1.01,2026-04-16,1533,83,9.08
23.43477,75.60056,313.55,1.03,1.01,2026-04-16,1533,82,8.98
23.43701,77.68259,324.12,1.02,1.01,2026-04-16,1533,100,18.08
23.4383,77.69236,322.87,1.02,1.01,2026-04-16,1533,100,17.15
23.45416,75.34933,322.12,1.04,1.02,2026-04-16,1533,100,16.81
23.46011,77.85836,314.61,1.03,1.02,2026-04-16,1533,87,10.17
23.47925,75.91026,319.01,1.02,1.01,2026-04-16,1533,97,12.94
23.4853,75.8895,311.54,1.02,1.01,2026-04-16,1533,75,6.61
23.49298,75.17326,311.33,1.06,1.03,2026-04-16,1533,74,7.55
23.49459,75.25059,312.29,1.05,1.02,2026-04-16,1533,77,8.64
23.50976,75.91835,310.56,1.01,1.01,2026-04-16,1533,71,6.61
23.50989,77.60572,315.82,1.02,1.01,2026-04-16,1533,90,10.41
23.514,77.14707,310.89,1.01,1.0,2026-04-16,1533,75,6.64
23.51939,79.04737,335.34,1.14,1.06,2026-04-16,1533,100,40.14
23.55511,77.52291,309.78,1.02,1.01,2026-04-16,1533,70,6.17
23.55638,77.53259,319.56,1.02,1.01,2026-04-16,1533,99,14.5
23.57658,77.54908,311.23,1.02,1.01,2026-04-16,1533,76,6.99
23.57951,75.9654,316.82,1.01,1.01,2026-04-16,1533,92,11.76
23.58504,76.13107,316.51,1.01,1.0,2026-04-16,1533,91,11.54
23.5883,75.96389,310.9,1.01,1.01,2026-04-16,1533,72,6.78
23.59012,79.26537,317.8,1.17,1.08,2026-04-16,1533,95,14.99
23.59262,77.39867,313.97,1.01,1.01,2026-04-16,1533,85,9.81
23.59627,75.87781,316.01,1.02,1.01,2026-04-16,1533,90,10.95
23.59844,75.97198,310.85,1.01,1.01,2026-04-16,1533,72,6.54
23.59955,79.26392,313.77,1.17,1.08,2026-04-16,1533,85,10.31
23.59964,79.10683,309.92,1.15,1.07,2026-04-16,1533,72,8.69
23.5998,75.98158,322.37,1.01,1.01,2026-04-16,1533,100,16.72
23.60089,79.27509,313.09,1.17,1.08,2026-04-16,1533,83,9.73
23.60142,77.39727,310.89,1.01,1.01,2026-04-16,1533,75,7.65
23.60605,77.91368,310.43,1.04,1.02,2026-04-16,1533,74,7.4
23.60611,75.00255,316.15,1.07,1.03,2026-04-16,1533,90,12.01
23.61032,79.27367,311.82,1.17,1.08,2026-04-16,1533,79,8.51
23.61351,75.17634,312.35,1.05,1.03,2026-04-16,1533,78,7.79
23.63367,76.88805,310.83,1.0,1.0,2026-04-16,1533,74,7.77
23.64939,76.25094,313.69,1.0,1.0,2026-04-16,1533,83,9.84
23.64973,75.48431,312.42,1.03,1.02,2026-04-16,1533,78,7.85
23.65066,77.41308,319.5,1.01,1.01,2026-04-16,1533,98,14.76
23.65116,75.4941,324.14,1.03,1.02,2026-04-16,1533,100,19.02
23.67503,78.02432,312.37,1.05,1.02,2026-04-16,1533,80,9.19
23.69452,78.53857,313.03,1.09,1.04,2026-04-16,1533,82,11.18
23.69748,77.49439,311.85,1.02,1.01,2026-04-16,1533,75,8.03
23.69877,77.50408,315.96,1.02,1.01,2026-04-16,1533,90,11.42
23.7052,77.55257,314.18,1.02,1.01,2026-04-16,1533,86,11.15
23.70759,77.50267,316.37,1.02,1.01,2026-04-16,1533,91,11.83
23.71206,78.09429,312.18,1.05,1.02,2026-04-16,1533,80,8.54
23.71293,75.73266,318.25,1.02,1.01,2026-04-16,1533,95,12.42
23.71523,75.81148,310.33,1.02,1.01,2026-04-16,1533,70,6.84
23.71988,75.781,311.59,1.02,1.01,2026-04-16,1533,75,7.55
23.72102,77.9505,318.14,1.04,1.02,2026-04-16,1533,96,13.33
23.75627,77.31112,320.92,1.01,1.01,2026-04-16,1533,100,14.94
23.75863,77.26166,313.56,1.01,1.0,2026-04-16,1533,84,8.72
23.76379,75.50854,321.25,1.03,1.01,2026-04-16,1533,100,15.78
23.77763,76.37894,317.66,1.0,1.0,2026-04-16,1533,94,13.18
23.87338,77.21122,311.86,1.01,1.0,2026-04-16,1533,78,7.74
23.89438,78.51728,316.36,1.09,1.04,2026-04-16,1533,91,13.61
23.93037,75.77187,313.74,1.02,1.01,2026-04-16,1533,82,8.9
23.94224,77.6656,311.84,1.03,1.01,2026-04-16,1533,78,7.82
23.94541,76.66611,328.86,1.0,1.0,2026-04-16,1533,100,24.09
23.9517,76.90872,313.32,1.0,1.0,2026-04-16,1533,82,8.89
23.95613,77.07418,309.76,1.01,1.0,2026-04-16,1533,70,6.02
23.96684,75.7597,312.2,1.02,1.01,2026-04-16,1533,76,7.78
23.99648,75.71487,311.1,1.02,1.01,2026-04-16,1533,72,7.51
24.00761,79.20281,311.58,1.17,1.08,2026-04-16,1533,78,10.46
24.0216,79.47855,309.76,1.21,1.09,2026-04-16,1533,72,8.99
24.02298,79.49013,312.86,1.21,1.09,2026-04-16,1533,82,11.86
24.02587,78.76007,309.49,1.12,1.05,2026-04-16,1533,70,7.77
24.04242,76.89726,310.15,1.0,1.0,2026-04-16,1533,70,6.55
24.08434,75.29667,310.88,1.04,1.02,2026-04-16,1533,72,6.0
24.10499,75.31322,319.79,1.04,1.02,2026-04-16,1533,99,14.14
24.11323,77.42674,322.55,1.02,1.01,2026-04-16,1533,100,18.5
24.1422,75.25593,313.58,1.04,1.02,2026-04-16,1533,82,7.68
24.14797,77.90378,310.49,1.05,1.02,2026-04-16,1533,73,7.95
24.20464,77.21815,310.76,1.01,1.01,2026-04-16,1533,73,6.2
24.25624,81.24995,310.37,1.57,1.23,2026-04-16,1533,75,14.04
24.5081,77.55907,312.81,1.03,1.01,2026-04-16,1533,82,9.03
24.64003,79.52593,313.97,1.24,1.11,2026-04-16,1533,86,14.26
25.12714,83.95362,309.99,2.53,1.53,2026-04-16,1533,76,23.59
25.16676,83.9922,308.15,2.55,1.54,2026-04-16,1533,70,20.01
25.1698,83.97385,310.8,2.54,1.53,2026-04-16,1533,79,26.49
24.50438,75.91219,311.96,1.01,1.0,2026-04-16,1535,77,7.96
24.58266,76.80096,310.47,1.0,1.0,2026-04-16,1535,73,6.72
24.68854,77.74117,311.49,1.04,1.02,2026-04-16,1535,78,8.94
24.69111,77.20751,314.5,1.02,1.01,2026-04-16,1535,87,10.05
24.69241,77.21726,312.41,1.02,1.01,2026-04-16,1535,81,8.57
24.69343,76.80618,315.49,1.0,1.0,2026-04-16,1535,89,11.3
24.70265,77.92389,315.13,1.06,1.03,2026-04-16,1535,89,10.83
24.78415,76.79469,311.58,1.0,1.0,2026-04-16,1535,78,7.89
24.79437,78.13921,322.02,1.07,1.03,2026-04-16,1535,100,18.67
24.83776,76.99294,311.15,1.01,1.0,2026-04-16,1535,76,7.49
24.8695,77.01153,310.15,1.01,1.0,2026-04-16,1535,73,7.46
24.87493,76.58686,324.32,1.0,1.0,2026-04-16,1535,100,18.72
24.95819,77.76254,316.02,1.05,1.02,2026-04-16,1535,91,13.29
24.96151,77.0099,309.79,1.01,1.01,2026-04-16,1535,72,6.95
24.99758,76.39679,315.7,1.0,1.0,2026-04-16,1535,90,11.57
25.09095,76.95299,359.81,1.01,1.0,2026-04-16,1535,100,84.27
25.09225,76.96269,366.59,1.01,1.0,2026-04-16,1535,100,104.08
25.09974,76.95154,312.78,1.01,1.0,2026-04-16,1535,82,8.71
25.10104,76.96124,311.54,1.01,1.0,2026-04-16,1535,79,7.81
25.20162,79.12268,314.19,1.2,1.09,2026-04-16,1535,87,13.12
25.38067,79.08424,312.43,1.2,1.09,2026-04-16,1535,83,11.86
25.51442,76.6736,312.54,1.01,1.0,2026-04-16,1535,84,9.41
25.58926,79.01155,309.76,1.19,1.09,2026-04-16,1535,76,9.59
27.14528,83.02455,309.46,2.29,1.47,2026-04-16,1535,77,24.32
27.48592,82.91668,307.12,2.28,1.46,2026-04-16,1535,70,20.43
28.45666,81.99697,310.07,2.02,1.38,2026-04-16,1535,79,23.99
28.89867,81.46313,314.53,1.87,1.34,2026-04-16,1535,82,27.91
45.5965,74.36918,315.0,1.22,1.1,2026-04-16,1539,87,24.24
53.6869,62.95223,319.81,1.17,1.08,2026-04-16,1544,99,29.35
55.68031,70.79825,318.72,1.19,1.09,2026-04-16,1544,97,28.02
55.70287,70.92517,316.41,1.21,1.09,2026-04-16,1544,93,26.68
4.46609,-7.60604,331.35,1.0,1.0,2026-04-16,1546,84,24.47
4.47483,-7.60734,318.92,1.0,1.0,2026-04-16,1546,70,11.03
4.60123,-8.00537,318.29,1.01,1.0,2026-04-16,1546,72,10.99
4.66228,-6.96379,323.38,1.01,1.0,2026-04-16,1546,77,15.12
4.66356,-6.95501,318.78,1.01,1.0,2026-04-16,1546,72,10.35
5.70717,-6.3918,318.89,1.05,1.02,2026-04-16,1546,71,10.66
5.75664,-9.74597,318.84,1.13,1.06,2026-04-16,1546,73,14.82
5.88715,-9.87378,316.01,1.14,1.06,2026-04-16,1546,70,11.4
5.95463,-9.90999,324.03,1.14,1.06,2026-04-16,1546,79,19.42
6.11266,-10.21562,321.3,1.18,1.08,2026-04-16,1546,77,18.63
6.30117,-9.87584,316.33,1.13,1.06,2026-04-16,1546,71,12.25
6.30266,-9.866,326.44,1.13,1.06,2026-04-16,1546,82,24.39
6.44713,-6.06791,321.78,1.09,1.04,2026-04-16,1546,74,14.35
6.58675,-9.51775,324.79,1.08,1.04,2026-04-16,1546,80,18.26
6.59527,-11.03945,328.91,1.3,1.13,2026-04-16,1546,79,32.91
6.72576,-9.63841,318.34,1.09,1.04,2026-04-16,1546,73,12.4
6.97122,-10.87144,321.19,1.25,1.11,2026-04-16,1546,76,18.89
6.9815,-9.0452,318.87,1.04,1.02,2026-04-16,1546,72,11.23
7.07419,-9.0473,318.76,1.03,1.02,2026-04-16,1546,72,11.32
7.22252,-9.23081,319.25,1.04,1.02,2026-04-16,1546,73,11.66
7.67689,-12.39549,351.89,1.55,1.23,2026-04-16,1546,96,115.79
7.84707,-12.1042,323.62,1.47,1.2,2026-04-16,1546,73,31.17
7.86639,-8.87726,323.83,1.02,1.01,2026-04-16,1546,77,14.87
7.94753,-8.26783,322.86,1.0,1.0,2026-04-16,1546,75,12.81
8.00428,-11.02186,321.01,1.24,1.11,2026-04-16,1546,75,17.03
8.02983,-8.39352,336.09,1.0,1.0,2026-04-16,1546,87,30.77
8.05366,-12.03232,321.74,1.44,1.19,2026-04-16,1546,75,24.21
8.10713,-12.59247,319.74,1.58,1.24,2026-04-16,1546,73,24.45
8.18012,-12.0006,326.42,1.42,1.18,2026-04-16,1546,80,31.56
8.18053,-8.94952,322.82,1.02,1.01,2026-04-16,1546,77,14.64
8.18186,-8.94059,321.21,1.02,1.01,2026-04-16,1546,75,13.02
8.21438,-8.96375,322.52,1.02,1.01,2026-04-16,1546,76,13.97
8.2157,-8.95482,319.7,1.02,1.01,2026-04-16,1546,73,10.81
8.22549,-6.92529,325.2,1.05,1.02,2026-04-16,1546,75,13.22
8.24163,-8.84068,318.31,1.01,1.01,2026-04-16,1546,71,9.6
8.24691,-8.98692,322.58,1.02,1.01,2026-04-16,1546,76,14.99
8.254,-12.82973,322.6,1.63,1.26,2026-04-16,1546,77,28.08
8.27933,-8.84317,318.43,1.01,1.01,2026-04-16,1546,72,10.71
8.35004,-10.70524,324.44,1.18,1.08,2026-04-16,1546,79,20.11
8.42764,-12.89945,330.45,1.64,1.26,2026-04-16,1546,83,42.2
8.44711,-12.27019,319.28,1.47,1.2,2026-04-16,1546,72,18.15
8.45551,-12.28493,326.24,1.48,1.2,2026-04-16,1546,80,29.62
8.45757,-12.27182,337.92,1.47,1.2,2026-04-16,1546,89,57.34
8.46092,-10.08648,324.92,1.1,1.04,2026-04-16,1546,80,20.25
8.50449,-12.86038,320.16,1.62,1.25,2026-04-16,1546,72,23.27
8.53979,-10.67341,323.74,1.17,1.08,2026-04-16,1546,78,20.56
8.58073,-10.03352,317.87,1.09,1.04,2026-04-16,1546,72,12.63
8.64748,-12.96253,356.75,1.65,1.26,2026-04-16,1546,98,146.6
8.64914,-12.96948,334.98,1.65,1.26,2026-04-16,1546,86,57.54
8.68531,-10.13395,318.32,1.1,1.04,2026-04-16,1546,72,11.43
8.83772,-12.7178,327.92,1.57,1.23,2026-04-16,1546,80,32.77
8.83989,-12.70419,320.19,1.56,1.23,2026-04-16,1546,71,16.69
8.8673,-11.01556,323.25,1.21,1.09,2026-04-16,1546,77,18.77
8.87055,-11.02165,326.58,1.21,1.09,2026-04-16,1546,80,22.77
8.9,-12.12721,323.58,1.42,1.18,2026-04-16,1546,73,23.31
8.90494,-11.90977,326.84,1.37,1.16,2026-04-16,1546,80,29.31
8.95839,-12.02329,319.75,1.39,1.17,2026-04-16,1546,71,11.82
8.9603,-12.01109,332.42,1.39,1.17,2026-04-16,1546,85,35.22
8.99862,-12.79855,321.85,1.58,1.24,2026-04-16,1546,73,23.0
9.019,-11.96514,329.99,1.37,1.16,2026-04-16,1546,83,30.11
9.02477,-11.92904,329.58,1.37,1.16,2026-04-16,1546,82,31.26
9.05026,-12.47684,325.65,1.49,1.21,2026-04-16,1546,78,23.25
9.18541,-12.85576,340.96,1.58,1.24,2026-04-16,1546,90,69.67
9.22865,-12.72251,324.04,1.54,1.22,2026-04-16,1546,75,22.81
9.24996,-12.7261,339.11,1.54,1.22,2026-04-16,1546,89,59.32
9.25421,-12.73346,329.0,1.54,1.22,2026-04-16,1546,80,34.32
9.28351,-12.89288,341.65,1.58,1.24,2026-04-16,1546,90,75.47
9.29208,-12.90864,322.24,1.59,1.24,2026-04-16,1546,72,24.86
9.2943,-12.89468,325.4,1.58,1.24,2026-04-16,1546,76,30.79
9.3052,-12.10354,325.51,1.39,1.17,2026-04-16,1546,77,24.2
9.31611,-12.68835,335.21,1.53,1.22,2026-04-16,1546,86,51.51
9.32662,-12.55433,321.43,1.49,1.21,2026-04-16,1546,71,17.03
9.3287,-12.54127,328.41,1.49,1.21,2026-04-16,1546,80,31.18
9.33674,-12.72466,324.13,1.54,1.22,2026-04-16,1546,75,27.9
9.34373,-12.72061,323.12,1.54,1.22,2026-04-16,1546,74,25.75
9.35614,-13.08354,331.55,1.63,1.26,2026-04-16,1546,83,49.05
9.36296,-13.04077,348.2,1.62,1.25,2026-04-16,1546,94,104.81
9.37068,-12.54825,321.12,1.49,1.21,2026-04-16,1546,71,14.98
9.37384,-13.04268,337.25,1.62,1.25,2026-04-16,1546,87,63.94
9.38082,-12.92847,338.58,1.59,1.24,2026-04-16,1546,88,67.58
9.38176,-12.58206,322.69,1.5,1.21,2026-04-16,1546,73,18.94
9.38389,-12.56896,323.15,1.49,1.21,2026-04-16,1546,73,18.54
9.38543,-12.9936,366.6,1.6,1.25,2026-04-16,1546,100,195.04
9.38774,-12.9796,365.33,1.6,1.25,2026-04-16,1546,100,186.15
9.39142,-13.00206,328.91,1.61,1.25,2026-04-16,1546,80,38.26
9.39363,-12.98804,410.87,1.6,1.25,2026-04-16,1546,100,633.31
9.39583,-12.97406,321.68,1.6,1.25,2026-04-16,1546,71,22.6
9.39629,-12.99536,345.98,1.6,1.25,2026-04-16,1546,93,92.77
9.39859,-12.9814,345.43,1.6,1.25,2026-04-16,1546,92,90.31
9.39868,-12.10054,361.25,1.39,1.17,2026-04-16,1546,100,132.19
9.43848,-12.56454,325.9,1.49,1.21,2026-04-16,1546,77,25.66
9.44898,-12.56624,325.65,1.49,1.21,2026-04-16,1546,77,24.45
9.45278,-12.99046,353.9,1.6,1.25,2026-04-16,1546,97,126.64
9.47588,-12.19384,339.19,1.4,1.17,2026-04-16,1546,89,50.71
9.4861,-12.19544,372.13,1.4,1.17,2026-04-16,1546,100,183.52
9.48802,-12.18325,344.98,1.4,1.17,2026-04-16,1546,92,66.63
9.52782,-11.4682,320.59,1.26,1.11,2026-04-16,1546,70,14.69
9.54595,-11.41478,338.95,1.25,1.11,2026-04-16,1546,88,47.03
9.54789,-11.42052,332.09,1.25,1.11,2026-04-16,1546,83,32.75
9.54963,-11.40958,326.02,1.24,1.11,2026-04-16,1546,73,23.01
9.60735,-11.75756,339.39,1.31,1.13,2026-04-16,1546,89,53.22
9.62679,-11.89197,325.5,1.33,1.14,2026-04-16,1546,72,24.37
9.84984,-4.18172,331.3,1.57,1.23,2026-04-16,1546,74,29.49
9.8534,-4.88364,328.16,1.4,1.17,2026-04-16,1546,70,18.32
9.8588,-8.64964,323.22,1.0,1.0,2026-04-16,1546,70,7.95
9.905,-8.39557,324.3,1.0,1.0,2026-04-16,1546,72,11.03
10.00294,-8.44062,325.76,1.0,1.0,2026-04-16,1546,71,11.28
9.5204,-12.93479,330.95,1.58,1.24,2026-04-16,1548,82,44.83
9.54998,-13.25357,322.14,1.67,1.27,2026-04-16,1548,71,21.45
9.58744,-12.65487,326.35,1.5,1.21,2026-04-16,1548,78,20.51
9.62111,-12.64703,325.64,1.5,1.21,2026-04-16,1548,77,17.51
9.62856,-12.64156,327.96,1.5,1.21,2026-04-16,1548,79,21.84
9.63163,-12.64883,327.01,1.5,1.21,2026-04-16,1548,78,20.43
9.63587,-13.15427,323.77,1.63,1.26,2026-04-16,1548,73,27.59
9.72766,-12.73092,323.94,1.51,1.21,2026-04-16,1548,73,16.39
9.78238,-11.10914,326.97,1.19,1.08,2026-04-16,1548,79,23.94
9.78374,-11.8118,330.35,1.31,1.13,2026-04-16,1548,81,32.81
9.79182,-11.11068,342.47,1.19,1.08,2026-04-16,1548,91,53.72
9.89252,-11.83404,323.77,1.31,1.13,2026-04-16,1548,73,19.24
9.95362,-13.25527,329.78,1.64,1.26,2026-04-16,1548,79,31.38
9.98472,-12.22266,329.94,1.38,1.16,2026-04-16,1548,80,30.75
9.98671,-12.21037,365.57,1.38,1.16,2026-04-16,1548,100,147.99
10.04995,-12.27057,377.17,1.39,1.17,2026-04-16,1548,100,216.24
10.05822,-12.27925,357.51,1.39,1.17,2026-04-16,1548,98,114.09
10.06005,-12.27261,388.37,1.39,1.17,2026-04-16,1548,100,294.13
10.0603,-12.26654,377.96,1.39,1.17,2026-04-16,1548,100,219.87
10.062,-12.26004,337.46,1.39,1.17,2026-04-16,1548,87,48.2
10.06822,-11.62602,346.29,1.26,1.12,2026-04-16,1548,93,63.86
10.06966,-11.63164,328.84,1.26,1.12,2026-04-16,1548,79,24.88
10.06995,-11.6148,322.63,1.26,1.12,2026-04-16,1548,71,15.39
10.07144,-11.62052,336.91,1.26,1.12,2026-04-16,1548,86,40.62
10.19707,-8.92408,333.61,1.0,1.0,2026-04-16,1548,81,18.4
10.21591,-11.67369,335.03,1.26,1.12,2026-04-16,1548,85,39.06
10.24748,-13.28912,328.76,1.63,1.26,2026-04-16,1548,78,38.25
10.26118,-8.36575,366.93,1.0,1.0,2026-04-16,1548,100,90.97
10.26248,-8.35691,345.12,1.0,1.0,2026-04-16,1548,91,36.82
10.26992,-8.36707,334.76,1.0,1.0,2026-04-16,1548,81,20.07
10.2876,-12.07016,359.26,1.34,1.15,2026-04-16,1548,99,117.3
10.2976,-12.07162,328.16,1.34,1.15,2026-04-16,1548,78,27.57
10.31616,-11.9558,326.44,1.31,1.14,2026-04-16,1548,75,25.25
10.33052,-8.52728,333.47,1.0,1.0,2026-04-16,1548,79,17.73
10.33337,-11.78513,323.31,1.28,1.12,2026-04-16,1548,71,18.88
10.3621,-8.18851,334.12,1.01,1.0,2026-04-16,1548,79,19.66
10.4362,-13.33532,387.35,1.63,1.26,2026-04-16,1548,100,360.4
10.44032,-12.59701,327.44,1.44,1.19,2026-04-16,1548,76,20.47
10.44056,-13.32832,332.18,1.63,1.26,2026-04-16,1548,81,43.64
10.4486,-12.61169,336.22,1.45,1.19,2026-04-16,1548,85,40.61
10.45061,-12.59902,340.07,1.44,1.19,2026-04-16,1548,88,51.3
10.45916,-13.76468,325.59,1.76,1.3,2026-04-16,1548,73,26.0
10.49433,-11.79264,336.13,1.28,1.12,2026-04-16,1548,85,42.59
10.52005,-12.28346,328.47,1.37,1.16,2026-04-16,1548,77,28.94
10.52197,-12.27805,332.76,1.37,1.16,2026-04-16,1548,82,37.27
10.55209,-11.76276,329.58,1.27,1.12,2026-04-16,1548,78,26.47
10.62761,-12.95406,324.58,1.52,1.22,2026-04-16,1548,72,14.67
10.7051,-10.9047,330.35,1.13,1.06,2026-04-16,1548,71,16.0
10.71937,-13.02876,329.89,1.53,1.22,2026-04-16,1548,79,35.03
10.71946,-13.31844,327.77,1.61,1.25,2026-04-16,1548,75,25.31
10.72617,-13.32912,326.21,1.61,1.25,2026-04-16,1548,71,21.22
10.72995,-8.07723,333.37,1.01,1.01,2026-04-16,1548,76,15.32
10.73206,-12.95068,323.77,1.51,1.21,2026-04-16,1548,71,17.94
10.81749,-13.26306,327.6,1.59,1.24,2026-04-16,1548,76,26.43
10.82294,-13.25647,325.95,1.58,1.24,2026-04-16,1548,73,21.27
10.82376,-12.69052,340.5,1.44,1.19,2026-04-16,1548,88,58.74
10.826,-12.69841,330.95,1.45,1.19,2026-04-16,1548,80,33.14
10.82793,-12.68619,341.65,1.44,1.19,2026-04-16,1548,89,62.1
10.89363,-12.65144,335.43,1.43,1.18,2026-04-16,1548,84,45.01
10.92242,-13.18824,323.94,1.56,1.23,2026-04-16,1548,70,20.62
10.95227,-12.53897,327.16,1.4,1.17,2026-04-16,1548,75,26.71
10.96271,-12.53918,328.88,1.4,1.17,2026-04-16,1548,77,29.45
10.97123,-13.38775,327.63,1.61,1.25,2026-04-16,1548,76,29.74
10.98777,-13.14903,325.27,1.55,1.23,2026-04-16,1548,72,21.47
10.98958,-12.56733,336.48,1.41,1.17,2026-04-16,1548,85,47.45
11.03938,-10.71414,330.6,1.1,1.05,2026-04-16,1548,79,13.91
11.04086,-10.70442,337.71,1.1,1.05,2026-04-16,1548,86,25.44
11.06614,-12.7296,325.81,1.44,1.19,2026-04-16,1548,73,20.93
11.0866,-13.40447,330.3,1.61,1.25,2026-04-16,1548,79,38.04
11.13232,-13.12973,333.0,1.53,1.22,2026-04-16,1548,82,38.44
11.13704,-13.10131,333.37,1.53,1.22,2026-04-16,1548,82,40.41
11.15731,-3.77762,330.4,1.76,1.3,2026-04-16,1548,70,26.15
11.22418,-13.13734,358.3,1.53,1.22,2026-04-16,1548,99,130.44
11.30463,-13.11092,328.23,1.52,1.22,2026-04-16,1548,77,25.27
11.30677,-13.0975,327.49,1.51,1.21,2026-04-16,1548,76,24.06
11.31102,-13.10333,330.3,1.51,1.21,2026-04-16,1548,78,29.35
11.33782,-13.20491,327.62,1.54,1.22,2026-04-16,1548,75,26.03
11.34039,-13.12272,330.09,1.52,1.22,2026-04-16,1548,78,30.9
11.35647,-13.29271,328.16,1.56,1.23,2026-04-16,1548,76,26.3
11.37251,-13.05866,328.2,1.5,1.21,2026-04-16,1548,76,28.16
11.37471,-13.04507,358.91,1.5,1.21,2026-04-16,1548,99,131.64
11.39548,-13.18584,326.14,1.53,1.22,2026-04-16,1548,73,23.6
11.44514,-12.73951,341.11,1.42,1.18,2026-04-16,1548,88,55.91
11.44909,-10.45106,331.3,1.07,1.03,2026-04-16,1548,76,17.28
11.45052,-10.44162,344.78,1.07,1.03,2026-04-16,1548,90,40.45
11.48899,-13.14688,338.09,1.51,1.21,2026-04-16,1548,85,49.71
11.49985,-6.61629,331.55,1.15,1.07,2026-04-16,1548,71,13.35
11.50013,-12.91083,331.65,1.46,1.19,2026-04-16,1548,79,31.37
11.50214,-12.89837,328.45,1.46,1.19,2026-04-16,1548,75,24.57
11.55988,-12.78368,328.62,1.42,1.18,2026-04-16,1548,74,22.96
11.70319,-7.46335,337.75,1.06,1.03,2026-04-16,1548,81,24.21
11.74085,-15.3642,327.01,2.22,1.44,2026-04-16,1548,71,44.74
11.75434,-12.72755,328.1,1.4,1.17,2026-04-16,1548,72,18.94
11.78895,-15.39972,331.2,2.23,1.45,2026-04-16,1548,72,50.64
11.80516,-11.09341,345.95,1.12,1.06,2026-04-16,1548,91,50.81
11.85481,-5.28824,333.75,1.4,1.17,2026-04-16,1548,74,23.53
11.85801,-12.7913,335.52,1.41,1.18,2026-04-16,1548,82,34.23
11.85964,-13.5441,351.08,1.6,1.24,2026-04-16,1548,95,103.41
11.86686,-11.45831,339.99,1.17,1.08,2026-04-16,1548,74,39.46
11.87052,-13.54551,366.26,1.6,1.24,2026-04-16,1548,100,182.89
11.87614,-11.4604,342.69,1.17,1.08,2026-04-16,1548,88,46.2
11.90591,-10.91389,368.13,1.1,1.05,2026-04-16,1548,100,112.77
11.92014,-10.33663,350.93,1.05,1.02,2026-04-16,1548,94,51.57
11.9343,-10.7892,331.15,1.09,1.04,2026-04-16,1548,74,16.59
11.95504,-12.82539,333.04,1.41,1.18,2026-04-16,1548,80,29.8
11.95728,-11.9905,334.94,1.25,1.11,2026-04-16,1548,81,26.47
11.96294,-13.15006,338.74,1.49,1.2,2026-04-16,1548,86,47.61
11.96514,-13.13683,336.44,1.48,1.2,2026-04-16,1548,84,41.0
11.98535,-12.06355,331.35,1.26,1.12,2026-04-16,1548,76,21.92
12.00051,-8.23531,331.94,1.02,1.01,2026-04-16,1548,70,13.25
12.00921,-10.05492,341.23,1.03,1.01,2026-04-16,1548,86,28.41
12.01059,-10.0458,336.91,1.03,1.01,2026-04-16,1548,81,21.71
12.02808,-15.16055,332.95,2.11,1.41,2026-04-16,1548,81,56.84
12.08423,-10.05477,335.78,1.03,1.01,2026-04-16,1548,79,18.29
12.08593,-7.57063,333.33,1.06,1.03,2026-04-16,1548,73,15.22
12.12303,-10.70448,331.7,1.08,1.04,2026-04-16,1548,73,13.74
12.13961,-10.71694,346.52,1.08,1.04,2026-04-16,1548,91,40.14
12.17059,-10.27134,345.43,1.04,1.02,2026-04-16,1548,89,36.06
12.17199,-10.2621,333.79,1.04,1.02,2026-04-16,1548,76,15.23
12.17947,-10.27277,347.45,1.04,1.02,2026-04-16,1548,91,40.32
12.195,-10.05003,334.21,1.03,1.01,2026-04-16,1548,76,14.05
12.19654,-9.66598,337.88,1.01,1.0,2026-04-16,1548,81,21.37
12.2303,-12.65243,346.02,1.36,1.16,2026-04-16,1548,91,62.21
12.23031,-9.69536,354.9,1.01,1.0,2026-04-16,1548,96,53.89
12.23167,-9.68633,347.9,1.01,1.0,2026-04-16,1548,91,38.08
12.23227,-12.64037,327.46,1.36,1.15,2026-04-16,1548,72,17.64
12.24035,-12.65417,334.53,1.36,1.16,2026-04-16,1548,82,32.49
12.31509,-11.02214,330.7,1.1,1.05,2026-04-16,1548,72,16.69
12.31661,-11.01241,335.83,1.1,1.05,2026-04-16,1548,80,25.0
12.3443,-10.58719,362.19,1.06,1.03,2026-04-16,1548,100,77.97
12.34571,-10.57785,366.68,1.06,1.03,2026-04-16,1548,100,92.75
12.36757,-10.19251,342.4,1.03,1.02,2026-04-16,1548,86,25.95
12.44757,-9.65925,342.99,1.01,1.0,2026-04-16,1548,86,28.02
12.45224,-11.6356,346.89,1.18,1.08,2026-04-16,1548,91,48.0
12.47797,-16.28767,330.4,2.54,1.53,2026-04-16,1548,83,69.81
12.4819,-16.26552,331.2,2.53,1.53,2026-04-16,1548,84,73.11
12.49811,-15.35803,327.21,2.14,1.42,2026-04-16,1548,80,36.13
12.50451,-15.37148,326.49,2.15,1.42,2026-04-16,1548,80,35.18
12.50476,-10.56788,344.88,1.06,1.03,2026-04-16,1548,89,34.46
12.5077,-15.35263,322.34,2.14,1.42,2026-04-16,1548,75,20.67
12.51081,-9.41368,334.21,1.0,1.0,2026-04-16,1548,71,11.26
12.59635,-10.93618,333.04,1.09,1.04,2026-04-16,1548,73,14.86
12.60036,-9.13414,344.63,1.0,1.0,2026-04-16,1548,87,30.22
12.60442,-9.90774,340.38,1.02,1.01,2026-04-16,1548,83,23.13
12.6054,-10.93774,350.81,1.09,1.04,2026-04-16,1548,94,49.61
12.60576,-9.89873,338.58,1.01,1.01,2026-04-16,1548,81,19.72
12.6464,-9.9485,352.15,1.02,1.01,2026-04-16,1548,94,46.86
12.64776,-9.93947,410.45,1.02,1.01,2026-04-16,1548,100,306.54
12.64912,-9.93045,343.13,1.02,1.01,2026-04-16,1548,86,26.54
12.65048,-9.92142,350.02,1.02,1.01,2026-04-16,1548,92,40.33
12.65184,-9.91241,358.12,1.01,1.01,2026-04-16,1548,98,60.47
12.65654,-9.94086,336.82,1.02,1.01,2026-04-16,1548,78,17.03
12.74486,-9.46902,341.46,1.0,1.0,2026-04-16,1548,83,24.42
12.74516,-9.58762,339.75,1.0,1.0,2026-04-16,1548,81,20.55
12.75359,-9.47039,337.33,1.0,1.0,2026-04-16,1548,77,18.1
12.75389,-9.589,339.59,1.0,1.0,2026-04-16,1548,81,20.24
12.79716,-16.4172,325.92,2.56,1.54,2026-04-16,1548,77,58.3
12.80228,-16.41351,326.1,2.56,1.54,2026-04-16,1548,72,58.3
12.80746,-4.22885,333.7,1.73,1.29,2026-04-16,1548,72,29.1
12.93842,-9.71253,340.14,1.01,1.0,2026-04-16,1548,81,22.91
12.96304,-9.60666,334.26,1.0,1.0,2026-04-16,1548,70,12.54
12.995,-3.31974,333.98,2.04,1.39,2026-04-16,1548,73,38.92
13.01936,-8.08287,337.25,1.04,1.02,2026-04-16,1548,71,17.5
13.49211,-10.65166,333.79,1.05,1.02,2026-04-16,1548,72,11.69
13.49353,-10.64235,335.16,1.04,1.02,2026-04-16,1548,76,13.72
13.54334,-14.41401,342.91,1.73,1.29,2026-04-16,1548,88,61.86
13.69385,-9.60606,333.84,1.0,1.0,2026-04-16,1548,70,14.75
13.90584,-8.78315,336.13,1.01,1.01,2026-04-16,1548,77,15.19
14.02371,-7.10384,343.06,1.16,1.07,2026-04-16,1548,86,34.08
14.3551,-9.13845,358.12,1.01,1.0,2026-04-16,1548,98,59.77
14.75117,-10.2764,342.21,1.01,1.0,2026-04-16,1548,88,25.25
14.75253,-10.26734,341.91,1.01,1.0,2026-04-16,1548,88,24.6
14.75389,-10.25828,340.14,1.01,1.0,2026-04-16,1548,80,22.12
14.99216,-4.54329,329.94,1.77,1.3,2026-04-16,1548,70,36.71
15.01735,-12.02884,349.9,1.15,1.07,2026-04-16,1548,89,64.24
15.01899,-12.01855,402.05,1.15,1.07,2026-04-16,1548,94,311.22
15.02063,-12.00826,409.96,1.14,1.07,2026-04-16,1548,100,373.33
15.02827,-12.02016,339.51,1.15,1.07,2026-04-16,1548,70,35.43
15.0299,-12.00989,364.79,1.14,1.07,2026-04-16,1548,100,103.29
15.03153,-11.99964,361.77,1.14,1.07,2026-04-16,1548,100,95.37
41.40794,-94.98692,316.51,1.53,1.22,2026-04-16,1605,72,17.23
41.41124,-95.00423,317.17,1.53,1.22,2026-04-16,1605,73,18.5
41.41144,-94.9798,319.59,1.53,1.22,2026-04-16,1605,76,23.32
41.41483,-94.99711,355.34,1.53,1.22,2026-04-16,1605,98,129.65
42.59054,-94.52566,327.12,1.52,1.22,2026-04-16,1605,82,33.95
42.95074,-94.07674,317.19,1.58,1.24,2026-04-16,1605,71,15.33
43.37679,-93.84856,322.4,1.58,1.24,2026-04-16,1605,78,30.17
43.86105,-92.1366,313.78,1.91,1.35,2026-04-16,1605,70,23.16
44.47098,-92.95543,319.23,1.66,1.27,2026-04-16,1605,76,28.82
45.51807,-93.69888,320.58,1.44,1.19,2026-04-16,1605,73,23.88
37.15388,-100.16111,330.97,1.06,1.03,2026-04-16,1607,82,24.44
37.161,-100.14741,324.95,1.06,1.03,2026-04-16,1607,76,17.44
37.1628,-100.1589,326.75,1.06,1.03,2026-04-16,1607,78,19.8
37.30698,-98.81682,331.91,1.18,1.08,2026-04-16,1607,85,30.81
37.30913,-98.82958,337.04,1.17,1.08,2026-04-16,1607,88,40.43
37.53276,-99.22806,322.27,1.12,1.06,2026-04-16,1607,75,13.87
37.54193,-99.22572,343.8,1.12,1.06,2026-04-16,1607,92,49.29
37.5908,-98.58273,337.08,1.19,1.09,2026-04-16,1607,88,41.92
37.59303,-98.5957,408.97,1.19,1.09,2026-04-16,1607,100,394.05
37.60242,-98.59316,327.42,1.19,1.09,2026-04-16,1607,81,25.33
37.67962,-96.70098,316.79,1.48,1.2,2026-04-16,1607,71,17.0
37.68256,-96.71689,318.86,1.47,1.2,2026-04-16,1607,74,20.33
37.68996,-96.69789,364.59,1.48,1.2,2026-04-16,1607,100,164.75
37.6929,-96.71383,373.83,1.47,1.2,2026-04-16,1607,100,218.05
38.04757,-96.66793,340.83,1.46,1.19,2026-04-16,1607,91,69.28
38.11558,-96.47198,319.33,1.49,1.21,2026-04-16,1607,71,19.5
38.18475,-96.96481,332.7,1.4,1.17,2026-04-16,1607,85,44.35
38.19199,-96.72897,323.3,1.44,1.19,2026-04-16,1607,77,27.98
38.19489,-96.74447,318.14,1.43,1.18,2026-04-16,1607,71,19.14
38.37276,-95.90778,319.6,1.58,1.24,2026-04-16,1607,74,24.55
38.39113,-95.09757,321.49,1.77,1.3,2026-04-16,1607,78,36.93
38.55245,-95.98489,326.07,1.55,1.23,2026-04-16,1607,81,37.34
38.5557,-96.00188,339.18,1.55,1.23,2026-04-16,1607,90,71.3
38.55946,-97.54658,321.6,1.28,1.12,2026-04-16,1607,75,19.74
38.60575,-96.43947,318.75,1.46,1.19,2026-04-16,1607,72,18.6
38.6908,-96.66407,317.95,1.42,1.18,2026-04-16,1607,71,17.49
38.75475,-97.53697,320.36,1.28,1.12,2026-04-16,1607,73,18.46
38.75721,-97.55093,318.4,1.27,1.12,2026-04-16,1607,70,16.03
38.82683,-96.67634,324.25,1.4,1.17,2026-04-16,1607,78,26.22
38.86245,-97.20784,325.25,1.32,1.14,2026-04-16,1607,79,25.37
38.89302,-95.97989,328.72,1.53,1.22,2026-04-16,1607,83,41.16
38.94437,-96.91316,319.1,1.36,1.15,2026-04-16,1607,72,16.1
38.956,-96.13632,318.08,1.49,1.21,2026-04-16,1607,72,18.73
39.06987,-96.30108,322.13,1.46,1.19,2026-04-16,1607,76,23.64
39.09757,-96.1832,338.07,1.47,1.2,2026-04-16,1607,89,58.57
39.1007,-96.19957,354.29,1.47,1.2,2026-04-16,1607,97,113.94
39.1032,-96.18797,354.06,1.47,1.2,2026-04-16,1607,97,113.09
39.10622,-96.20433,338.55,1.47,1.2,2026-04-16,1607,89,59.16
39.10789,-96.18001,318.01,1.47,1.2,2026-04-16,1607,71,17.46
39.111,-96.1963,318.41,1.47,1.2,2026-04-16,1607,72,18.21
39.11248,-96.35532,334.64,1.44,1.19,2026-04-16,1607,87,49.15
39.23454,-95.03056,334.02,1.7,1.28,2026-04-16,1607,87,66.1
39.62758,-96.49686,317.3,1.39,1.17,2026-04-16,1607,71,14.38
40.36378,-96.42974,316.73,1.35,1.15,2026-04-16,1607,70,16.98
40.3649,-96.43975,326.1,1.35,1.15,2026-04-16,1607,81,30.6
40.48926,-95.70149,316.93,1.46,1.2,2026-04-16,1607,71,19.22
23.09196,-98.76402,319.52,2.21,1.44,2026-04-16,1609,72,34.86
24.2264,-107.04937,332.91,1.07,1.03,2026-04-16,1609,84,20.45
24.49584,-104.73724,324.77,1.01,1.0,2026-04-16,1609,74,12.0
24.67562,-106.61606,322.17,1.05,1.02,2026-04-16,1609,72,10.68
30.78765,-100.28365,324.52,1.25,1.11,2026-04-16,1609,81,24.9
31.93472,-100.40983,321.46,1.19,1.08,2026-04-16,1609,75,19.34
32.35777,-99.98777,332.87,1.23,1.1,2026-04-16,1609,85,38.55
32.35988,-100.00026,324.57,1.22,1.1,2026-04-16,1609,78,24.32
32.93987,-100.24843,320.85,1.17,1.08,2026-04-16,1609,70,12.23
16.85207,-99.28583,319.71,2.73,1.58,2026-04-16,1611,73,42.55
17.22852,-99.16557,319.54,2.74,1.58,2026-04-16,1611,77,59.13
17.23459,-99.16034,315.48,2.74,1.58,2026-04-16,1611,73,43.62
18.34786,-101.10217,319.79,1.85,1.33,2026-04-16,1611,70,23.13
18.43366,-100.31451,323.08,2.11,1.41,2026-04-16,1611,75,30.66
18.84139,-101.34728,340.58,1.73,1.29,2026-04-16,1611,90,72.88
18.8617,-101.2619,330.6,1.76,1.3,2026-04-16,1611,82,45.25
18.86429,-101.27714,330.83,1.75,1.3,2026-04-16,1611,83,44.38
19.33714,-102.95645,320.92,1.32,1.14,2026-04-16,1611,72,13.14
19.36078,-100.86242,324.8,1.84,1.33,2026-04-16,1611,80,33.55
19.40457,-103.56772,323.99,1.21,1.1,2026-04-16,1611,76,17.62
19.8182,-104.25439,335.09,1.11,1.05,2026-04-16,1611,86,30.59
19.81978,-104.26469,323.69,1.11,1.05,2026-04-16,1611,75,13.77
20.27078,-104.86018,334.15,1.05,1.02,2026-04-16,1611,85,32.98
20.27969,-104.85854,331.73,1.05,1.02,2026-04-16,1611,83,28.49
20.52345,-102.9757,323.02,1.26,1.12,2026-04-16,1611,71,15.09
20.53338,-103.86378,332.17,1.14,1.06,2026-04-16,1611,83,24.73
20.6227,-102.31966,324.2,1.38,1.16,2026-04-16,1611,73,19.11
23.09271,-106.15684,339.33,1.01,1.0,2026-04-16,1611,83,30.64
22.52858,54.05308,307.09,1.08,1.04,2026-04-16,1711,70,9.57
22.53909,53.91703,324.65,1.07,1.03,2026-04-16,1711,100,25.69
22.78066,54.73078,310.98,1.16,1.07,2026-04-16,1711,81,15.01
23.27313,54.25904,373.03,1.12,1.05,2026-04-16,1713,100,151.81
23.27447,54.26965,339.07,1.12,1.05,2026-04-16,1713,100,52.02
23.27943,54.2523,320.67,1.12,1.05,2026-04-16,1713,100,23.2
23.28073,54.26291,343.54,1.12,1.05,2026-04-16,1713,100,60.43
23.52604,53.28481,324.46,1.04,1.02,2026-04-16,1713,100,24.06
23.52731,53.2947,312.3,1.04,1.02,2026-04-16,1713,85,12.15
23.53495,53.28342,311.41,1.04,1.02,2026-04-16,1713,82,11.87
23.54898,53.32161,339.73,1.04,1.02,2026-04-16,1713,100,46.48
23.55026,53.33152,313.52,1.04,1.02,2026-04-16,1713,87,13.67
23.82705,53.62489,341.18,1.07,1.03,2026-04-16,1713,100,49.72
23.8361,53.62354,342.98,1.07,1.03,2026-04-16,1713,100,52.69
23.84267,53.6746,310.0,1.07,1.03,2026-04-16,1713,79,10.31
25.16681,52.87546,331.82,1.04,1.02,2026-04-16,1713,100,31.64
25.17573,52.87404,341.87,1.04,1.02,2026-04-16,1713,100,47.75
25.17702,52.88403,320.25,1.04,1.02,2026-04-16,1713,100,17.49
25.24929,48.10229,358.66,1.3,1.13,2026-04-16,1713,100,123.77
25.25911,48.10029,316.03,1.3,1.13,2026-04-16,1713,87,21.98
25.43027,50.11873,317.33,1.05,1.02,2026-04-16,1713,95,18.11
25.90317,51.55271,309.51,1.0,1.0,2026-04-16,1713,76,7.57
27.68275,52.25293,325.58,1.03,1.02,2026-04-16,1713,100,23.48
27.71982,52.17813,321.25,1.03,1.01,2026-04-16,1713,100,18.41
27.76419,52.17045,318.65,1.03,1.01,2026-04-16,1713,97,16.04
30.68726,47.33057,309.08,1.19,1.08,2026-04-16,1715,76,11.32
30.7517,48.27627,342.31,1.08,1.04,2026-04-16,1715,100,55.32
30.75336,48.28719,315.45,1.08,1.04,2026-04-16,1715,91,16.94
30.99903,48.13793,319.0,1.09,1.04,2026-04-16,1715,98,22.18
31.0081,48.136,308.32,1.09,1.04,2026-04-16,1715,74,12.89
31.09151,47.78283,312.6,1.12,1.06,2026-04-16,1715,85,14.41
31.09329,47.79416,318.28,1.12,1.05,2026-04-16,1715,97,19.96
31.12864,49.31308,310.73,1.02,1.01,2026-04-16,1715,81,11.74
31.13013,49.32336,334.48,1.01,1.01,2026-04-16,1715,100,37.34
31.13891,49.32161,309.28,1.01,1.01,2026-04-16,1715,77,11.95
31.23187,47.96664,310.21,1.1,1.05,2026-04-16,1715,79,11.39
31.24097,47.96468,307.66,1.1,1.05,2026-04-16,1715,72,9.9
31.27218,48.10669,311.75,1.09,1.04,2026-04-16,1715,83,12.43
31.27387,48.1177,336.53,1.09,1.04,2026-04-16,1715,100,43.19
31.29797,47.79603,311.67,1.11,1.05,2026-04-16,1715,83,13.25
31.30732,48.76518,314.13,1.04,1.02,2026-04-16,1715,89,14.76
31.3089,48.77572,310.37,1.04,1.02,2026-04-16,1715,80,11.58
31.43301,47.83604,313.45,1.11,1.05,2026-04-16,1715,87,14.67
32.06687,49.09508,343.44,1.01,1.01,2026-04-16,1715,100,51.29
34.89756,43.79658,328.81,1.57,1.23,2026-04-16,1717,100,56.36
34.90057,43.813,317.03,1.57,1.23,2026-04-16,1717,94,32.15
35.67934,43.86934,318.4,1.5,1.21,2026-04-16,1717,97,34.58
35.68219,43.88519,312.92,1.49,1.21,2026-04-16,1717,84,26.05
35.68671,43.87769,328.91,1.49,1.21,2026-04-16,1717,100,55.85
35.72049,44.03861,317.59,1.46,1.19,2026-04-16,1717,95,32.1
35.72587,44.03091,311.52,1.46,1.19,2026-04-16,1717,83,24.05
35.72871,44.04642,309.01,1.46,1.19,2026-04-16,1717,76,20.5
44.0994,39.10566,318.19,1.79,1.31,2026-04-16,1720,96,47.26
51.60473,52.93891,310.3,2.06,1.4,2026-04-16,1720,80,41.96
51.60744,52.93283,314.81,2.06,1.4,2026-04-16,1720,90,52.66
52.08683,34.06433,326.8,1.9,1.35,2026-04-16,1722,100,73.68
65.56355,22.22396,329.48,1.67,1.27,2026-04-16,1724,100,67.92
65.56396,22.22831,338.44,1.67,1.27,2026-04-16,1724,100,96.47
37.71823,-121.52053,311.18,1.44,1.19,2026-04-16,1745,70,10.98
