latitude,longitude,fire_occurred,temperature_c,humidity_percent
15.72708,101.18056,1,34.29195606133025,21.33870642539099
17.90134,-93.18772,1,42.06707785204275,42.867179490351035
69.9043373443152,26.033642729536638,0,5.285279172013649,32.80843339798943
22.24296,-83.88832,1,33.788051527637805,25.49115378055017
6.64839,12.2096,1,39.874735443674396,17.734096067563424
52.76422154875772,101.81041248486343,0,20.125251789106184,51.57269048678832
3.877775079690892,-125.88731128253852,0,42.45305306599553,63.1337479268917
-79.29773285294965,126.80163319962975,0,16.969859435016705,27.174213915126536
9.047497600344201,-48.70710829869651,0,10.075208136452225,65.71422693828754
-60.616267658927285,50.711153781512195,0,9.264944513394202,62.3332717908721
23.490240479444935,-67.25753949251607,0,6.692431204635232,60.915048367840775
6.35184,9.59204,1,30.032253824482723,10.745963237418065
45.19096,123.2476,1,31.42621021227818,31.342800557715265
13.42935,-89.00615,1,34.16695494739049,26.27079341677097
17.24368,105.82366,1,33.22806257340431,18.368732657260306
43.08972220650003,-52.338143621239695,0,42.59150628212025,59.28648694691305
73.02679929889109,-103.58696108365098,0,24.179639844812232,34.54651707805769
1.84466,104.08765,1,34.51764020970089,21.79535999737361
5.353921130739238,147.1221877007299,0,13.169143086306159,27.766324781250603
47.06128,123.92571,1,27.432140246805105,23.128779835421273
42.88465,123.76517,1,24.379421501691407,36.406772111442166
32.619018033285315,-178.0328676446395,0,20.789034961992215,60.88605001183679
67.27061060700927,69.86564106342374,0,28.931600107371523,79.36902316948168
0.9069949713058065,51.54792274338158,0,25.656718928137447,36.34112614714525
45.49581,126.62547,1,41.61928106181447,16.519993645794308
55.22441355959697,66.04805576143471,0,16.84388472697871,67.681239515537
27.68562,-99.46302,1,20.487409956843514,18.700306046352726
-47.6571631035361,38.15947908718795,0,9.825443025668708,52.775037382705015
17.913887916214875,4.0502391352313225,0,12.784484042967996,78.63219421946614
20.05022,80.19206,1,37.505130332230124,21.43670097992996
-28.766810118360176,4.329762281178773,0,16.66022577425885,96.59520364076567
19.58056,81.10695,1,38.93355402730947,26.8535101834139
-19.282209714514096,160.3161499741093,0,25.04464703076195,32.522261752442255
29.460365434357428,-116.90146213337027,0,25.90240560702218,66.51862103505493
-33.05156047079771,84.88920566552497,0,19.773872493475263,125.13644440315208
67.4120212357405,74.74531668179688,0,40.92697922513277,110.38614185731262
4.136276999441975,30.727265614338904,0,18.90788001213611,66.8170306743713
-43.42596831780215,3.5674614911430353,0,10.249758892195075,33.84242890749845
18.60435,104.43988,1,36.44544907603748,27.87358098337984
16.58316,-94.46103,1,27.212481394974052,32.03632070435467
9.98215,-66.21246,1,51.0440121375661,27.326853837188626
16.0766536168845,16.168125636265387,0,22.24332336904666,47.5584305501317
18.76128,103.08925,1,27.584609662917728,15.168797070919139
-33.77359771188957,-2.3361437025110376,0,10.752365854517016,72.58582103696493
10.80999,-68.45707,1,31.608417586559185,27.445755037981765
-12.84490339696643,96.44198589825896,0,33.90013573663859,79.60567038857536
-80.21607872680374,-174.1275085129757,0,6.365565336082241,79.90829566950505
12.17861,-15.1247,1,31.067469360018592,27.09871703768765
-61.22386778525656,-75.44282707945284,0,-1.1274469132462919,63.8076634480642
-44.80658590452974,-133.89724916692035,0,28.386748254504653,10.767044871210771
28.475137096932215,93.81926007790798,0,23.725171021477063,60.77061763574588
22.499007788362746,147.58050745589327,0,33.6580661991772,69.13127839316199
64.58577922992538,-15.408970445906448,0,24.805491381717474,48.93504716738636
-22.87125917165048,-108.03345903436548,0,5.247910920719704,98.30327129671483
-19.83547,138.54317,1,38.574595116828064,16.059742930672954
19.094593847266395,27.344867564786682,0,17.50182356908481,90.64096608892109
31.743211025304333,156.24069896790428,0,14.311061222163078,97.0741139135379
-56.45398313692117,138.64915736747128,0,12.10704883717598,57.47424376324108
11.57765,6.02377,1,30.650776430746113,22.04539297519382
-88.75487793835552,68.82012861523742,0,11.00955598805269,60.82900798360978
70.42779371734221,103.2659450869694,0,18.164650764256407,98.91191908570431
4.24574,7.79313,1,29.409462019004764,22.52840186960705
-11.018556345693511,-100.57166174300626,0,28.83472965933385,74.52678553948883
16.44374,104.61298,1,31.692375353036653,29.908612365648825
54.16403,37.71829,1,34.6682063545614,10.596004442043949
-2.5207363571553145,49.76103466477096,0,27.33379747239918,46.283992778641874
45.55132,74.36423,1,43.4486745399461,12.491878690073516
36.47528,-96.61493,1,45.75644547121635,19.063683162176147
52.90343415631756,-169.75369171275136,0,3.5164351638322913,62.46572623301607
10.26683,-68.84446,1,38.34127577262143,13.619456342726249
-10.956285796219362,-66.41501720123556,0,8.551157555439099,54.76655037955235
33.22696,-90.06162,1,26.819281935756244,20.451205323690836
10.06882,-68.71664,1,40.463743154147394,32.47088707887294
1.3859,101.69268,1,33.12491603726892,47.629050355480906
5.22348,6.84966,1,30.474791301533273,3.152301145616402
89.62348168484414,-52.107049189198946,0,19.111609287343192,56.8174987983011
16.57689,98.52815,1,27.465910174328545,19.704352627981066
49.591014533911505,101.88082105309172,0,26.804869663910733,41.30272566599065
-3.4146788938421935,-70.8467678092109,0,-1.4804485434692793,39.53990774533086
-38.50724,146.79579,1,32.45340728427444,17.468127221728185
22.10801,80.22717,1,35.52211081359559,24.05542588618811
-83.29787869514054,96.51686973793466,0,12.154665805423619,75.65288471778653
86.94824650741771,48.51713247274208,0,19.83191369815729,62.993817755071575
18.68834,103.39004,1,36.11909133514228,31.187810691358806
45.44339,74.90181,1,37.57919720430911,24.41054158418355
45.2218,126.82226,1,37.088614580771484,11.326745306068824
-41.4943796077351,-167.15251220690857,0,27.073944246692676,70.7433618023546
9.87615,-68.63958,1,33.088764006881746,27.184461047927094
9.530019950640067,-61.406848546738715,0,16.17313607179922,71.97643083478202
44.79998,125.32996,1,39.87073083936228,31.486070592301466
-74.84919430687215,147.5855218494766,0,40.02539478022591,44.275383581198916
0.30357,31.42094,1,37.14013403911458,26.12745641782951
73.04164117044184,-29.369364090916775,0,21.558067028536957,53.30964956835064
46.49004,123.34723,1,25.022184368846176,16.109194740691862
37.19800953063225,-94.13679093198182,0,25.27304754014114,3.2341896072956047
-10.419368143307793,33.09216424585628,0,4.142028043512955,61.218132125617345
10.36867,-63.58685,1,26.598675797632687,25.813684499479436
-8.598882029624107,14.137038965810234,0,19.3380840312276,63.976803097022255
62.514222843679505,24.022174120902832,0,24.48049915097628,65.2574132730335
-65.52359946585861,109.48808590916298,0,19.76571480281553,64.47121188390973
1.20808,-59.97379,1,29.419930567325288,8.64436924395987
10.5813,-69.0089,1,36.81894536268535,27.716376279895663
-38.14576948616158,-142.70570273519942,0,16.400186579856705,35.9377214136875
62.53607664782595,-69.73222209789415,0,34.8280296481641,42.2492872388606
42.73041618633795,158.98208379458856,0,-0.08942134768096821,63.416925209552915
9.01318,-68.97717,1,40.368191854365676,34.487363090060214
46.74986,123.07113,1,43.072048041770586,32.54960523879792
20.726339947039563,72.58273645760485,0,21.24801528846008,87.86272627027556
-57.804708084594026,-138.35789512979258,0,16.57641850961657,123.30522130922247
83.07949806128647,-31.425322877605538,0,7.539271147042381,52.37590106185739
-72.77509892242615,-25.374197343053368,0,24.69868523621407,109.83494271116786
20.90995,99.99875,1,36.11354784293239,29.6962244065789
-85.84533501341916,-9.432240182179584,0,17.771049308236705,48.37235397868252
63.35280064426152,108.57563071432105,0,23.539823299387585,101.28872039118869
21.27496,101.1283,1,25.14005367139827,26.739932581710363
18.09391,-94.04457,1,42.48092840065564,16.936912737263775
47.1797,123.84467,1,36.62118251092877,26.707074813139535
45.61581,122.62065,1,37.43429003486037,40.347196547193064
58.0252630942945,-125.64017134044087,0,13.233053552754562,76.02653947364892
-77.94096304240549,-19.364842416538806,0,11.044765443020935,89.09344215250249
43.9601,46.91751,1,36.40739274279801,24.942964670235536
9.96978,-68.8456,1,35.90253606125688,23.701859139443165
7.3213619027226144,144.24798083400702,0,32.44025104548322,30.11684740220492
8.55259,-63.43031,1,36.20165064700754,18.110827138883074
7.666104782422934,-68.51751206787381,0,13.713264524828006,75.5216569023624
10.7599,-70.45167,1,41.759510378050656,20.33481921378735
-74.82400872597496,47.83864436304029,0,13.586770326274433,108.86938633910546
8.82741,32.5905,1,37.169740506243414,14.106160298476375
22.60432,76.77531,1,37.939642022179974,29.19023255214302
18.425531715350473,-94.0906425457617,0,26.843608664348704,77.20017208258682
-0.25815,109.49419,1,32.495213354415824,16.240828757432155
47.57028,123.19982,1,41.649269016982515,18.814772981711744
19.5346,102.46184,1,38.71481229887948,10.054386523760408
46.37288,122.6727,1,38.39789939552624,23.203359664449422
89.15380440858857,-73.09953981776732,0,12.046735579225572,55.76542301186395
-44.48703993528586,-64.56731760906618,0,33.77329574125215,90.92941747359842
21.74042,83.83811,1,35.4166067946752,18.641562421791907
19.58162,73.35582,1,43.27673858219493,26.174666315911736
0.99461,-59.37442,1,37.910092334245405,19.47776008528182
39.83975,113.25265,1,32.27928882326481,17.528706971312644
18.69121,103.96133,1,26.460478570569883,33.274016992162586
45.26171,-121.31712,1,42.258794621489194,35.16114420839072
21.24705,100.41194,1,42.03501362835063,20.48905706807762
8.50275,5.70884,1,33.96206868180505,31.49928529870389
-24.734353373565554,161.27249001653541,0,19.474063274583653,74.08429672050563
72.24192417201135,148.53669247992292,0,13.014163258815916,36.388650270011894
12.20672,-86.50083,1,36.48616875876179,16.777825772538556
45.98601,126.25971,1,37.188674621859114,18.595550587988914
45.56794,74.36191,1,31.795968735521363,14.522313665397627
45.55752,74.45155,1,37.54120413876587,9.940391108110662
45.36413,122.27733,1,37.8166885801618,13.489724376831301
-57.97551792773069,-70.40930118736176,0,3.7865224301692635,63.55275444739162
-52.218382906269696,-34.723325157714214,0,10.255780401014537,58.364022732526756
83.17359258346178,-2.55590495565923,0,36.108038815444864,28.254615208466724
43.84857,79.4826,1,29.182356394246398,9.47793558762477
63.82306621994795,57.92644705211583,0,35.55184598054291,80.62768478919143
18.87457,103.27905,1,33.63876538231851,12.90237866297585
10.68723,5.62635,1,41.77572037570789,16.77394284114639
-35.4097,139.73633,1,36.189557208715385,18.800053703090764
51.936877415363426,178.31579793125826,0,18.71639916542772,86.90916167957647
89.67821099723454,163.78060998548432,0,13.078996307983449,61.09400063323668
46.74085,123.02003,1,35.150596222498855,30.658536742803236
10.852447328020034,-15.919250675624312,0,22.924681285353927,43.14692645377254
46.38896,122.50919,1,39.41027339860587,47.03135395789812
20.45048,100.59739,1,34.85751046285063,27.205350830869627
-40.663112547883436,141.52965075369121,0,29.96982838824958,70.05434189203059
9.83425,33.48619,1,36.45152519880711,25.14360040928656
11.00803,-69.554,1,30.218129328139938,20.695053951702562
-11.88146863213801,80.14112167879534,0,29.47920532717859,56.32089209464124
86.01419759062244,89.53484296323154,0,11.650153476071894,84.0729451382085
27.5024,52.63842,1,34.00033532255982,20.465781780045127
87.2169637214455,17.220415436930523,0,12.653588932980858,47.83350264521047
46.52626,123.15282,1,46.31306780805674,-11.517368051648337
33.00132,-87.47379,1,37.3149438088853,24.24595793034322
10.95625,-68.39972,1,26.209106359871605,18.10349647404738
-1.36851,29.12752,1,34.01281399393197,24.27824754832752
-28.018515572108647,57.309794685052225,0,14.832588753858413,61.551598986967065
46.20926,126.05499,1,34.54606856994456,15.73017393987416
-48.56374112273636,26.62695763763375,0,23.769899642440066,86.53261550109283
19.57876,101.47138,1,37.63279489757229,10.315398768529944
70.82261802371318,10.51645388239018,0,25.829944237557758,76.65287419601648
58.354293688784,-175.5766159678337,0,23.295866767106368,86.6072335165102
8.44526,33.95908,1,29.050927312764117,25.841885340950714
2.6486,-61.30397,1,31.238314089555313,23.865616619699335
10.95734,-68.51463,1,40.538464535363424,25.00429965487502
10.15885,-68.1263,1,32.99311729855742,27.15064626169177
4.058871229449849,36.79450686961667,0,22.549115119712642,51.84126029493291
-11.84131,-37.93591,1,36.79379646725447,7.528579895158101
-0.3881762647913405,-143.0928790176269,0,33.815276159990454,48.17324293875434
11.919130539000719,154.5118441145313,0,8.65486591692627,60.42484795331613
45.2522,126.74102,1,28.43038970722754,25.90432192261186
18.4954,104.56647,1,37.702413982594535,27.717876914276047
-49.85369777781511,-177.0493256179571,0,19.35406440368304,70.45228548518442
47.6696,124.88017,1,29.56420891972283,14.183754003760729
-39.768567096552175,157.3635406383674,0,35.9984790974351,26.472060937950694
45.973416794486354,-174.99308183297285,0,20.174498934924326,36.99239367471087
9.95839,-68.85484,1,47.791782321879744,29.4156738728233
1.85243,101.66201,1,30.051080831804693,4.943748230583001
50.58628,24.71022,1,36.196810534607515,16.81297455716647
45.50819,74.46169,1,34.770874761854074,8.602661834706804
47.48758,123.20118,1,26.331459324355087,17.86469596830547
-19.670522823888135,5.669173523553127,0,37.43642316240758,34.91123826912789
21.289813139702133,148.7742684829317,0,23.010180998662616,61.72624645828147
19.44316,78.2833,1,36.33164675737408,26.5152726926379
17.37464,97.32833,1,36.66231300749216,7.0913607424705205
-61.970716419943834,116.6869361862324,0,20.736636167245866,68.04232266201434
45.64432,122.70754,1,40.144205935900985,-0.08329495067673776
43.59682,73.67841,1,30.076373495408774,9.068086653832847
64.83948958833241,-41.10695723214417,0,3.4473755175965373,48.96788858146276
-73.77458622582435,107.55179447108202,0,23.486277019024644,80.59747686834856
-23.336492515502044,-8.320146022028666,0,19.872164287736894,35.79879666337333
23.06894,-98.99953,1,34.57209417732241,21.768824877836778
21.27922,78.49287,1,37.45759927335655,24.266559976375746
72.39906321296542,-26.123050760463258,0,28.728304398049175,55.66987335125663
55.521470535300125,41.39992916030022,0,38.70516941724672,68.48699869189001
-53.92865837093872,91.3006613948346,0,38.420054037884725,70.37769865852583
10.06917,-68.2149,1,38.42927500976996,20.507461790610385
10.41558,-68.30579,1,38.69920210281563,21.288504575576155
10.41716,-68.29574,1,38.909933418387645,20.033957267661616
88.87882541201054,154.52451554431218,0,14.93220052380472,83.48069261516731
57.60628909956887,-96.17005318304263,0,5.5103145452603375,89.26502163478581
4.40136,6.64907,1,31.450267152484916,26.126895749762916
-43.68970886791613,51.25705485975317,0,23.473867923763144,53.053259242979145
-41.42069057460861,-167.19087208704147,0,27.837934165129575,89.81623491201233
29.821392938498192,-55.62518638469638,0,17.958297254888805,99.12139122132987
9.45508,-67.76542,1,33.439872505113804,32.92960094906796
-6.56972,-51.09879,1,36.76051159458191,11.960804323809956
17.89421,-92.49319,1,34.077098775596546,27.467889214581334
21.25698,98.91593,1,36.11537215728669,20.360835833775457
-6.85738,12.3846,1,35.39300746585914,18.612381784828283
52.64279,13.70116,1,42.711757824728664,25.703819887469066
-64.61982830962428,-133.40924684023585,0,13.082868084215546,35.500334203989325
-44.65313354893441,-42.173632496599794,0,27.694636106753613,90.54452673813086
22.7153,71.43966,1,32.90218568256426,2.4312889313058506
-46.054720886034595,-122.97478477692096,0,6.878483821760899,57.899852563954695
11.02398,-68.61518,1,38.13935967602188,14.545263598360096
-42.969271557567374,160.66427380728197,0,17.855376544278883,61.068907404312014
15.61437,98.15801,1,28.50585560378839,37.476534362787916
8.03125,9.27023,1,43.333468126512045,20.15579120465904
-82.20233241917288,-60.68842093676055,0,6.591455060914434,80.0922611397119
9.99614,-66.81882,1,40.60979042256746,27.639345733781536
-18.257012730194035,-178.46160855577972,0,22.052195247128534,75.42950178881317
-41.16642766810431,9.519331362993853,0,21.602299912347437,53.79135160540595
45.62146,122.73959,1,38.728927070141474,14.577726717702951
-53.04927178134,78.91170715407969,0,15.504499998505366,41.17979487684046
62.10543648541574,-9.137083593928196,0,15.28677817172018,58.935701393093446
18.36165,101.85559,1,29.059456394506753,6.598901505023868
85.55517018670872,-106.38590874990344,0,13.902944833552354,85.60745479263826
19.76133,79.84399,1,35.86677200491468,31.115422297064548
1.82003,104.11016,1,35.662993325761164,14.041328677382694
44.79073,124.49427,1,37.56672704329756,27.3932008045327
-10.67052954475463,171.67626852971614,0,21.67066463237877,53.141060055321915
-73.17309774262594,53.773285889716504,0,16.97307364684989,50.600793425687854
80.10510937494786,-22.43271269067847,0,23.697589144335485,57.05051270736425
11.227123588111354,-144.86411328921284,0,7.164441515652722,43.84199963517418
36.087696258582355,137.07117278993536,0,24.833033040660418,66.87574942698606
-87.69834656056456,-107.38481674927874,0,30.040495502453595,90.16930250822816
35.42683163444174,-71.7867051337029,0,9.15852307103814,65.75103556334173
10.08444,-68.36297,1,33.382022332631344,22.652577050169267
18.97261758786874,83.29678543796786,0,6.876986193238558,42.50022523445603
43.6825712412944,58.97487024741167,0,11.55665970517596,58.49473631736755
71.26789824920814,-46.05610796715925,0,14.675439052195308,67.7896794753895
45.07797,124.42485,1,33.925337330051164,17.863757408297438
9.31225,-68.90315,1,41.389310290653754,28.904623470833705
-29.77714921401909,162.00762162893233,0,21.013534013379033,87.2198338710568
-14.704903987226317,15.90470732741312,0,31.193246207308768,24.194232392738108
-86.57150010929684,-22.612937592130834,0,27.553442376377216,50.25330606803388
-6.85556,12.39675,1,39.74661513441286,14.12747390339985
67.01568911499805,71.29629444299727,0,-3.3516036577356516,32.491761685556696
2.8820358955577063,-85.37254878239071,0,24.303898365054557,53.15873900561776
47.13222,123.84262,1,28.239636303743453,30.21682001685272
67.0662379339957,-82.61440789562002,0,22.089502414033202,24.175491030794582
2.78211,102.88222,1,34.37925788692959,10.136935830870895
-36.89447,142.83191,1,33.79315680119822,18.044182590190236
41.32617932811152,-84.86082439026723,0,10.989043297797705,72.74427491734784
-61.96796578562805,12.592239177031985,0,9.644805023053335,46.36512480817046
32.64652648327376,159.15134726990226,0,14.13293308887921,86.40975228506804
-44.136823308995794,158.4964033736229,0,14.058949169066254,43.823078887543595
-0.7148154410388372,103.41195455578196,0,21.3869637439633,54.34860207288818
14.30539,-88.93657,1,43.233474406144204,9.405648401328977
44.96176,45.40166,1,38.484069637710164,2.663786527311487
14.17498,108.02972,1,29.821762169067707,22.972373587831584
-78.05822566620233,19.444205002720764,0,23.124088569314274,76.7782443778477
-34.43365699535146,1.6477502862781819,0,11.91056417555982,44.51821849124605
19.07257671399013,-30.72767170689781,0,20.775496879197178,27.21341397404263
9.33874,-68.73636,1,41.49483934279324,24.55030830326645
49.2041,24.18477,1,30.349792306719138,21.31133644174225
45.58725,74.44653,1,20.306647952402695,34.47321297742359
-1.087046621675583,30.583289901517958,0,20.043568044356274,97.40028006762994
10.37066,-68.36507,1,41.55450477297317,29.03697814221869
-36.27255,144.67934,1,38.63665263881124,17.281367537935303
8.60374,27.55002,1,39.5985103677284,35.225219165550044
43.02659046153619,-4.19765996175812,0,39.660375688261155,66.78270347344328
-24.183640640832778,42.78735638139608,0,25.380087245976583,48.84734795622869
33.26214,-89.00526,1,39.33849954870883,14.679791370855668
64.9799179460527,-41.176456174933435,0,8.084923186687085,42.303460746136416
-59.84401547504679,-25.594835512570228,0,18.469579674377798,59.360391797586296
8.34567,-11.95294,1,29.744956715929213,19.199436360889045
-11.418188585762707,-127.57093209165379,0,26.14341306408746,47.84812047162374
16.725044281701486,97.49510465978227,0,19.888009769734992,67.5485535977839
-78.75157796177918,-174.33516333850187,0,23.399665902860832,91.67344569973213
24.93629,51.56461,1,36.83493638315104,22.63776852708753
47.64839,123.38889,1,34.053782390192794,18.400654578292894
9.20158,104.90179,1,36.201991400974215,27.071488975658085
10.05126,-64.86284,1,32.947427284827114,22.121688588642556
19.6529,78.26426,1,34.61421562803273,21.561361913838418
45.40353,74.76685,1,25.3646420308092,28.152175434709104
18.37384,102.05363,1,32.096605938989086,17.44864141146268
26.38716262406264,63.35511013159123,0,35.06645820253013,51.34743539790427
46.87086,125.38828,1,36.95264694293261,17.848025501419343
36.377787097652856,-130.31477425306804,0,21.685295820902923,23.948521745168136
14.797208648225094,10.31831855748672,0,6.377662534118683,58.70820749042991
46.18653,124.08507,1,46.517502483773,12.62794309602781
11.30521749923642,155.7212870883141,0,12.639034100633339,76.82024909895736
46.11026,127.38207,1,31.26002998538356,18.158686613899064
-55.71316207120746,-148.6574846061274,0,22.12918224838328,75.28380822986868
-5.066119375440124,-72.80988406526652,0,-1.1438301496631809,50.49605049610172
42.27992,119.66056,1,39.160421705899914,11.469947200252943
-46.011775700753915,165.67545473763812,0,18.175899792776736,79.3921728193987
11.7455,5.70271,1,34.34813020584783,32.27312072039041
-33.377936772388416,-76.47205175387629,0,13.314718555985209,51.08574238145852
-61.04373106806583,135.4378632992105,0,24.181278345842024,71.08710862523505
18.33237,101.5602,1,34.04385956834771,18.20611602031031
10.02726,-66.7317,1,40.54918398953362,26.6052305264954
10.61741,-69.22286,1,29.06389962974393,21.16132355154832
32.42840217474969,150.40711708497128,0,25.35845348391611,66.04257412472458
45.38717,125.72378,1,34.68415845274356,33.5248106764728
74.57883495739014,165.94287219690307,0,14.488318213448565,65.76203726623821
-87.60554820993609,-172.83787403401553,0,20.77902084881502,84.76601413299582
-21.564340626381707,-82.73993304913043,0,21.216876622911023,11.652578670472153
54.01051930330604,29.315695228575862,0,21.307575114086745,62.97186932634486
83.83420161931073,-15.374909319829442,0,16.148653163668033,33.382497984999006
-4.281952486000321,50.210335213062905,0,36.5058171495354,66.10960920138035
87.2822423338541,-130.07636094945633,0,24.383844981980367,45.49414232170055
34.15123,-90.00235,1,25.25500385729412,4.422457351872245
45.55558,74.33805,1,24.34975867322227,-1.6742651220092029
66.55254505352954,-0.23420419837714235,0,16.456779116530583,42.35345574542465
10.13043,-67.39442,1,27.756201912247555,24.324005591333844
-73.3196520846249,-173.26414357406554,0,30.456609520437894,18.439193478018694
-42.2262148404046,162.5454621278244,0,22.01512481952613,71.6191830446967
19.67442,80.42841,1,37.41345750056407,13.410753570283307
-7.81903,-36.93927,1,41.32883209677356,14.144398987015602
2.59146,11.43584,1,36.66513843803816,34.54280180237832
7.52862,-62.50217,1,46.81885846259493,19.044990011575834
-66.49996535623792,34.80756295414028,0,11.371896553443992,83.94697013845237
47.58404,123.76422,1,28.510359839993995,27.015346318725413
14.09465,107.12163,1,36.93181720217333,10.809051091816134
-21.774547233383103,80.96238153682043,0,20.99159791360395,76.65099768024784
60.65171827017463,166.88125467876296,0,18.077450090054526,105.00866034116859
20.27643,102.58677,1,36.893802002539886,41.71628073113925
-21.362466290593872,-75.48941688747915,0,22.287629911214076,61.74211589556982
-41.133211123023074,-63.71516029678642,0,19.08841307688995,54.72661706838583
18.89257,76.15881,1,33.68804758126821,9.258531871108332
51.54771,13.20809,1,36.91595081857592,27.3628676261505
45.61607,40.16731,1,27.921271772617352,27.039951254934138
27.43947467359459,-119.67796602296025,0,16.455388796232924,43.70166497818144
14.92357587947565,51.310650814799345,0,1.2601685339164774,67.83960961627942
47.59309,123.23998,1,37.36195433421348,8.9996044749485
20.67355,-103.11676,1,33.523150126137885,21.825419940534957
22.63333068358027,-67.00432194310524,0,14.39830529312017,38.86009961894478
20.48907,83.17219,1,38.28174788998598,38.286851008425856
4.97656,7.11661,1,33.06140158250158,23.854302572403256
42.44469,119.27305,1,35.935914032392844,16.660948992518318
45.3286,74.08879,1,35.65438568122611,27.320913532677068
43.84793,79.48982,1,31.89547051222698,30.46187004975227
16.41559,106.10328,1,32.74450091347597,-4.699806455548881
-6.254914785100155,131.16898789117568,0,13.210660370300358,55.14940294016158
31.8054,-90.5501,1,27.580005474860414,1.7404973589524673
-30.7416,117.56943,1,32.93865404682771,13.39852381854648
44.05714,46.88053,1,33.69215761163418,7.078078657967632
-40.450448384774255,109.39877462706892,0,23.20555461152674,62.74080735953484
51.50940409638105,-101.76596948441433,0,24.03634534278995,109.53833318872371
60.15203352014072,177.96665863678834,0,26.890638915009227,22.20350963120788
-63.400781030615036,93.0849688937962,0,12.953783473264625,38.12027590285939
-86.66827239735792,-42.50341007857398,0,10.322076295769982,77.46153078070526
9.53854,-66.5309,1,37.592983909880644,21.69846133490435
-30.06358146126165,49.68749979398768,0,7.663098603837524,39.13553480908795
-38.741846952709786,-83.18549760728905,0,22.307943067351662,70.18753998697758
17.36996,97.30374,1,37.9904283906578,24.119023388393074
-74.00916468824025,90.01259847312855,0,21.50125573338263,63.684383835736
15.41469,101.00072,1,39.89733772734222,22.495266296673414
5.50809,8.25406,1,35.30659800042464,33.93697835381492
-23.63816104938597,78.60065608147687,0,34.148743573227335,43.46703318530794
70.79190492506197,-145.82082527589148,0,41.737824362192875,65.83561832217302
83.67564328267497,-114.67819383091455,0,13.85510978123985,41.1649006526221
18.33048,101.5487,1,29.605193054496105,14.789798340854048
-43.14568538895499,90.5241583860589,0,22.415193830528672,60.60193238943459
26.85585,-80.55989,1,35.46651664320259,16.421133080890126
6.52862,6.79542,1,33.064196456795166,13.971308049635
42.64602,58.80687,1,40.829779584243,29.65152047597398
2.8963681837664694,29.659805409835997,0,14.821488981557183,76.30538806028665
1.39238,101.69878,1,37.852506132418895,6.850305030168947
29.47641,-95.72501,1,35.12440701537269,19.350902669338986
13.60531,105.89679,1,42.351469182012906,23.45993529163758
35.21802,-84.23827,1,31.0368279547414,13.543235795526565
53.276921961686384,179.10972030256414,0,21.20188604324094,81.77625816177292
-65.74545355107807,-97.04544917421893,0,8.038787683639125,83.14981287096785
8.28724,-82.04601,1,26.564935579148433,17.506464004871937
2.9562488118328787,-147.10293554166728,0,22.299163943485777,30.95844521898249
18.71958,96.66301,1,26.712550020975605,18.393796353058367
-33.21411688997345,163.15027559199723,0,10.965920827169771,65.57050265759969
83.63154232409869,-122.66173117201376,0,23.711362163382308,74.57513607957165
-5.666875654420664,122.05683002692348,0,29.35681951500125,64.87596571203791
58.06111232972947,-45.39388420970536,0,9.423280513979652,56.34483494844613
58.4298730129664,-32.31258324121865,0,25.581186264775944,53.78165850455658
81.14326477352847,-4.603123789536028,0,17.101025950113822,44.5671902491437
23.42129,-97.82764,1,32.54254087549339,31.249805721199046
-13.913447464351648,34.234767852872295,0,17.052183973051378,65.31808297740066
47.3104,122.83405,1,29.49678463212398,6.171399860449709
10.02958,-68.65358,1,40.762811525835616,21.419410358251877
50.762129996796006,-89.65015452148111,0,7.3002299210097945,55.105041608556
15.22731,100.78969,1,36.285766351423334,20.30604302101979
-5.116779971621014,78.08675567544697,0,22.982886133938706,94.66404451491584
30.89853,49.67456,1,33.44687431942953,29.93580433064563
-9.312327505651396,-51.3388136452036,0,30.86044785733282,66.957975139115
44.65791,125.30914,1,27.74518465423555,31.974455869116166
11.48155,105.72952,1,36.788183159846795,19.264822423553102
-4.86134,12.02361,1,24.031155660865302,22.87374774648423
83.24600317096821,175.08070334140365,0,11.667508811638202,57.717177213589636
39.90352698231388,-12.278193530450551,0,34.783780607955705,69.19685642113167
16.20828,98.65078,1,40.21034055510549,37.03366894976784
20.2024,81.33454,1,33.937631674445385,20.669690589189074
53.20880977359249,16.427168219295595,0,37.75140649406964,103.0061702067002
12.6984,-87.31969,1,35.02452447117383,10.268182728096631
12.74032,-9.93407,1,31.206576858366578,28.06650031239556
1.39461,101.70534,1,34.76836652246161,31.541464831669817
-78.06189930425775,24.05084318555066,0,34.26019389454402,42.645262244799454
43.25404141985274,161.38619673803117,0,7.654185899409441,56.495154685325055
-2.6937530792562683,30.679312306826034,0,35.11739104153147,66.07716451530179
5.81547,11.32568,1,34.55516102580656,8.526315856073023
11.45177,-6.74203,1,24.664010974127258,14.206534572734892
15.62438,100.35069,1,39.33220781238971,19.979738602687405
-10.01061781297959,-62.01925313517836,0,40.579340165986565,51.54937752378694
-86.25059983425508,161.71519537973097,0,29.767712783465733,92.85562134006025
25.68671367627401,-7.291832363197926,0,24.282183965073784,43.63960807421229
16.60687,106.41302,1,37.85331865699884,1.8954159504891734
-48.259956407645106,-10.759905261298343,0,19.229676884862112,89.96869693787917
-40.796744806140936,167.13401986702956,0,6.799926016882994,51.75020520564449
9.97182,-63.46595,1,35.673840261124,29.03390411557666
85.37181697314932,13.908843747038787,0,11.883696778473581,60.7042263227024
-5.118136913779523,-145.25686756589377,0,7.972130407719103,84.23431710145258
-21.387511012229297,126.37347062055335,0,14.77487718644494,69.97199156588806
10.04975,-85.22182,1,40.34630532564145,20.73803440372303
16.6834512204765,-116.07659076154525,0,30.456258532884238,55.189897268791135
-35.610252119062345,179.52182432157184,0,11.173808713920598,44.63656798235626
-48.98840019147167,-2.934692449049379,0,20.638014148631097,77.87575120110088
42.63763,58.83856,1,37.02388161626902,15.737137345670973
16.06536,98.29188,1,36.976129605887685,31.81671555412901
10.44688,-63.57679,1,21.08334168294179,16.384748182163435
41.589469355965434,-46.76776905113195,0,18.696529085609768,93.13676185065844
18.85431663425021,3.4446846695942384,0,21.99626488971866,56.04844306940716
45.9981,125.52378,1,40.62698914929625,15.301294398263801
22.48374,77.08047,1,34.554867221156606,16.458001025905634
43.73922,44.21992,1,30.311125278147085,27.185575583988435
-44.420438122840046,46.246214770691324,0,20.198345513939657,47.811012417045525
15.31564,100.69743,1,39.39364749257094,15.365842258232117
19.00995,99.1459,1,33.974752484305554,6.766093785021605
54.92118,22.26954,1,32.15100137481611,16.89003971075522
-83.13302673760369,-103.47236190526112,0,22.888332452593094,48.71782916783516
20.9714,97.68973,1,35.89080399461737,24.587036757106876
67.48219348359771,132.18033507151694,0,16.4403977399667,51.81590914915239
-54.37126296829802,132.7963456192922,0,17.770517796187765,45.37652591833587
-76.01396247041257,-83.31708563607617,0,11.70399006198579,74.22384560419225
-37.81617,143.09431,1,32.168303271355995,13.15686780595798
45.40617,74.8084,1,32.679316406159614,6.289959421730815
6.74065,-68.02184,1,28.048587148709764,4.253520079899772
58.06890235914926,-95.81762512408847,0,18.410827352662757,57.06279263783652
-9.286054352969487,-106.58153306758807,0,29.72408747364988,67.39727999775283
-3.1011395552392145,149.82952542674417,0,6.675957439829377,84.30792951197164
51.69312,5.18614,1,32.27307184107391,23.411530659628234
8.88153,-64.35324,1,34.866896874500945,25.634273007451768
34.31149,-90.79707,1,30.665583977037656,13.468321707354697
15.34323561242752,17.850841246138828,0,22.861687177996174,27.27758094775357
-19.879018874895237,-122.26792010388688,0,20.545579525651235,46.224899233133755
19.23417,78.13161,1,25.64308394332906,33.480515429812534
23.73516,120.54121,1,35.41118094254242,8.934771947334214
19.98572,79.41919,1,37.98445579902351,7.895840577063144
58.42247287612764,-161.98482855530372,0,19.18715616488784,77.2729884956814
5.50941,8.26292,1,40.10991556347441,15.132742105924066
88.93432424362555,-159.35358967813784,0,22.09126879428977,74.58002362120645
12.20629,106.8941,1,41.74595891982024,28.08635574763958
17.01089,73.94318,1,31.755755300983655,23.96524112860103
23.29649073553591,-23.392381767517293,0,14.625122804737826,61.74930199081661
-55.20242613374658,87.89868494538746,0,15.979967243042683,81.72425489367481
-38.22003959951707,10.572284638746197,0,16.32178059539739,37.56672136201168
31.81409,-87.00049,1,39.49341070083351,12.463809064854582
5.083998064781355,-12.929558316404268,0,36.88857373442329,57.918604606275885
80.42314986145755,171.19087663838332,0,13.667705504569405,81.72489533715625
8.23979561663991,-28.528785907855195,0,25.90558041697821,77.61819518793472
10.02294,-68.4482,1,35.21238768206207,17.83231977515996
-18.45680301054034,-51.16486345353337,0,25.706141875827132,79.20320826453909
31.26635824751075,118.38753696342081,0,27.413437523011826,65.4018723975654
-12.967862748100842,102.67425039203187,0,7.434588717061988,66.53507364138245
-62.34722433300779,-114.86272680727944,0,21.742332987233326,59.4183854711858
14.26974,108.24238,1,34.52965506860746,28.72609132457996
-29.954622577127942,111.93469150583763,0,12.905853146231134,59.58336867176743
-15.371067731155904,-53.408768988083054,0,-5.8840998035798435,58.385712220632364
-24.824,147.70947,1,33.54290915030593,-1.6047575971646957
18.05481396946155,48.168182612439864,0,7.193481657475651,57.76025886579724
6.79653,10.7723,1,29.05138599682023,23.91812880043885
-81.63652065016322,-26.44088552417159,0,26.637914406452524,38.5047296413681
46.06192,122.56801,1,43.528840888153304,36.934565513150865
83.38567800872724,-4.933924692027176,0,26.42436100527221,92.88404037330436
47.07857614738336,-84.4916757152356,0,24.995653861445916,55.67136564925932
35.60975,-89.94901,1,27.779053146298462,17.860127655098907
87.54777427299803,109.7806193340412,0,25.480925418164848,69.85875182568483
-0.5700600479440965,179.3093080552037,0,4.713845698953314,77.19720815110307
-58.089334572276556,9.653132753147759,0,20.40735105420344,72.47793074319927
13.30699,104.89027,1,38.100867241676035,10.661364885672421
19.55576,97.74395,1,35.56386755280375,20.343886584220886
-73.66598550533963,-4.250546419121349,0,16.869314548089,48.211142664600146
-79.07419702165454,-53.89139324227419,0,11.187692299666756,46.65692367416443
14.55713,-89.93321,1,31.15739589130068,28.298795147290733
-0.30380242857501116,72.43093420777518,0,14.951696322398403,39.28194765354795
11.659600106902275,-43.55091065439538,0,23.417826703023355,71.31765476694338
82.8901549197472,165.9171986543564,0,34.65113630421142,38.22800974879381
30.18231,-84.90398,1,31.541320966379388,9.348984004664707
-18.45948719663238,67.9800967282024,0,10.131883619340956,78.75063347676779
-40.756659368937726,29.26810763798349,0,22.160766707916093,50.807467118349194
-84.5924451456416,-114.00118968684855,0,10.718105068904569,44.95291986341152
45.53174,74.43948,1,26.241091672192923,22.604135634442745
43.60572,119.0809,1,30.073357267877334,19.017231629637607
-30.208248346516847,28.86720037947063,0,34.98537043446865,77.94803532846674
-60.45862419992178,-133.4936004395032,0,31.72495910067036,61.14489170648453
-11.191048250065961,60.47002605055715,0,51.16863552166013,34.61837784239037
-45.25059569909094,-66.05524393474013,0,17.21917371982778,89.12013731579509
18.08373,-94.04634,1,33.46922356207615,25.1575172686508
19.66909,79.90269,1,29.805487444868422,11.595617469000594
40.2925212809312,54.563489083226244,0,35.99627112492709,74.99696466958245
-23.786224100024143,-133.49248733931705,0,19.799341659120845,68.29355768369129
18.76483,80.37305,1,22.946509688799964,19.37815935811223
19.44676,102.91006,1,29.708501609578292,32.86507475253132
9.50594,-63.89708,1,31.396681514265037,30.548428015054693
31.24036,47.96613,1,27.202881414699995,26.64566523669737
62.432906451712086,-63.55322360715431,0,23.719752834248197,50.63114318022145
84.6833385478563,153.24765124762519,0,25.718408334090853,37.06662353873952
64.95506163086264,-98.13272171552478,0,15.262834600076527,83.56174672413522
45.30833,126.48887,1,35.65812648107795,11.41161042894741
-67.89863531127388,-38.029521503770184,0,3.157297601980101,70.47946652117369
-60.19933113482377,-53.66377588073634,0,37.31232667072122,51.804837242193145
7.30616,-67.21564,1,41.60407095733845,12.691608970126499
11.49905,5.02212,1,32.32035682358009,20.205918308013498
47.19801,124.59894,1,34.24530784744304,-13.322346862603304
3.66498,9.92928,1,32.28119273436893,26.52220517394113
20.47967,79.63758,1,33.51240049591494,21.4560139990859
52.191418812857535,-162.87585586054416,0,17.45180260926331,56.240892022142575
-53.11461253988527,-20.810327140463386,0,13.76965642302694,80.00320145183962
-67.25071082758392,18.715811147718057,0,30.47000453948086,79.2040128618164
-88.76750584906108,8.873095464225088,0,30.933264142448884,24.544760433795318
14.0266,-89.17148,1,21.010234518979246,26.609710986994692
2.64859,-61.28642,1,37.595612412458536,11.886894685375296
-49.337732715380625,-59.16314689502924,0,24.411111474281007,52.89955555374605
9.01078,-68.98211,1,32.693361214717385,19.689845093715864
37.910742630586796,72.8502982865119,0,23.840301168393843,54.98901956246187
-9.752317928703675,38.17184097417024,0,14.835916817921774,38.60657382930003
47.78862867591582,-156.7964685475528,0,14.197537871515394,54.77169683447299
6.34105,6.04291,1,36.65338181387059,32.08479044662154
-56.971480120415215,-25.82510233213759,0,20.298220115785007,74.40633713555007
15.74172,-91.66033,1,35.23727292142733,16.192720075346408
8.25046,6.68903,1,38.38251612551121,26.89979438278953
21.19269,98.37576,1,40.96691614180981,20.972651433290356
17.53824880561504,106.22639965513838,0,23.023539629514346,68.75061495794435
45.72904,125.76508,1,32.66806378557675,21.72760011379909
2.64475,-61.3031,1,30.149495608382068,24.184153546801838
-71.46331449277095,-88.1476109049141,0,20.860888803393003,49.99850468884026
-37.16976507778438,-30.34217521742434,0,15.272451801145476,40.57786310725943
48.471382395041246,70.08132064307861,0,11.063251563517738,64.50188849743749
-21.874210216382238,17.04244395973467,0,27.115484456159237,37.266808408540136
51.46663108880307,61.44488251063461,0,23.149024505942332,56.69849550354174
34.54927785458851,29.674643395837194,0,24.882440356706265,59.46586224282652
25.48862,50.1416,1,37.95914513904417,25.20432415379269
19.475659393036963,-135.9886587107038,0,31.043106712829392,55.591227805801495
45.54965,74.43476,1,28.0163548689097,28.91365352928582
6.34145,11.63474,1,27.958303324384303,36.47511397584485
-5.9940244526065385,-134.00868066583595,0,29.13263079081715,54.08884148159242
46.18481,124.07119,1,34.17355662876951,19.008990686009124
37.441295403831816,-32.44809752611911,0,15.962252715432161,48.27618518687916
45.62275,126.85656,1,35.61315350834591,28.690209606966782
-27.6412238314514,-1.0427079587896912,0,18.56430429155734,23.58187570236779
-68.03464725615638,-156.06415961051925,0,12.484382443984998,71.92263398424379
0.58978,109.01283,1,40.67106134773326,37.24570248970852
20.40623,78.0463,1,38.90683307230155,23.08954643400398
-57.193143963335,-117.74867292372198,0,34.44973693586863,67.27116215930226
86.7977571705037,-140.95144154761564,0,35.54861681750076,64.93575552214546
38.796262715663175,51.31664788455399,0,24.773220456031417,73.6846039685196
59.67223022182671,24.510279218525625,0,11.639764997244367,61.81574460166323
18.39063,-92.82729,1,45.26409525364197,21.49288026163165
-0.27305,110.07973,1,41.23637432016847,31.986536498462332
-32.38279004489665,-92.85318320203253,0,13.865352424391716,62.07187950665317
-21.64426195568217,-7.582967632210625,0,10.411874577419178,78.89698612185124
16.92459,-91.3487,1,33.798358618883306,24.379361807165452
65.76941847790772,31.791570422407176,0,28.795590556076718,36.446418553118974
-41.2412458044095,16.886130452894548,0,18.614011854924705,57.669452902297884
-83.02052916092303,-132.30638509922443,0,-1.1054012841097673,29.55383932939123
7.28723,10.84198,1,34.406706252808206,15.76138626315568
15.73303,-91.65889,1,33.59688580286149,15.764868345518018
19.28687,78.6473,1,40.35729892081703,33.27463355160709
82.18184920812035,104.45274967207882,0,22.281408522277644,71.32587925297001
9.67769556385953,18.607072181174715,0,3.779958889691887,67.97624600610467
-60.94212885911121,63.069385175436224,0,15.466326557433051,59.49453880735411
13.18056,105.96549,1,32.02410425726265,12.669884486074945
15.22287,78.47629,1,39.91399501361795,12.895331362754197
11.494601680188694,100.84722258134184,0,14.383962284236851,52.798076405658165
-61.426746471293214,85.99059785124831,0,13.952629315160992,31.841042731178497
45.79968,125.2234,1,34.50623843388897,26.07805526297085
-74.1424911069763,-114.02680304596609,0,28.512777485809806,62.598650168214704
0.47952,108.97102,1,31.506318675419863,44.02549483629606
45.31405,126.93929,1,28.71940197739601,30.441064731970815
8.64586,-62.77452,1,33.589800519480754,23.506119378751617
73.33166418192107,-86.00577067397272,0,15.082525353558655,55.883603574081185
45.73991,125.5081,1,36.746404801555244,17.268015445596816
12.17722,-15.13459,1,31.492257866330046,6.844165056626538
13.78682,106.90808,1,28.37196582225979,-2.1960911128220495
27.72215,102.20887,1,42.60472815038372,26.356500554352145
10.18724,-65.8322,1,21.0309305376133,32.37761988445534
47.15229,125.09199,1,38.93040893113526,11.636971507020148
24.598767596789045,-62.19164091683548,0,17.044481223416675,54.34552824231796
32.31046967248976,-60.66423845000101,0,20.97858322957847,49.593367268039074
42.36052281145501,14.17537455777736,0,26.687117969184666,45.50509388255158
26.00421226355209,-59.35150660857158,0,11.1978427148326,73.8658872671258
44.03819,73.52768,1,36.20978121831977,10.882377106332505
49.05845959172791,160.1227654387593,0,26.13321195890031,58.7072956527224
-71.575966770355,41.80623015445818,0,14.19183389387209,51.87920855208725
13.35853,-88.39082,1,39.713220050130666,33.457711971664764
33.56186674121862,42.846553926473035,0,39.137336191414235,69.29244977886228
36.62377,128.78888,1,31.704855551507464,21.808279760164787
9.9496,105.43959,1,41.07475987896555,14.13952211606324
2.043021444924136,94.71711461530276,0,11.043039537222736,46.06520271505036
-44.177497740295806,-24.18004873803247,0,16.480095170925722,51.435803911295665
45.20172052744837,152.45382607928894,0,20.00620021288595,55.94819939208801
57.86908249757789,-85.67507546987379,0,19.603904007039386,46.87704103013129
2.9139,103.30056,1,36.85906849165633,5.477986915663301
-42.86198905165815,-95.07488756109241,0,6.192083712868268,77.08446124821523
-0.821004781150819,142.3524850032273,0,20.84178752837012,72.85866316323508
26.473629586463773,159.64284282536738,0,2.005379725324012,45.546288397677024
-43.47672749327107,111.61243582446588,0,15.44849848568169,74.76409046344536
-72.24537013671215,126.7587947697599,0,13.809090205708761,73.08466117484761
2.5735069134970843,31.961600225013854,0,37.48944917242366,38.65088335597035
26.267440974328608,-8.789982860684063,0,26.461988061139994,71.75085891202596
-6.17448,18.2672,1,25.60378293858283,14.499432244021701
46.32033,122.48774,1,32.35675465225588,37.705068055194204
68.89947035393007,-123.0060478709371,0,34.3317290373042,62.72060668058081
-73.1708045915407,124.62024667715724,0,20.67926586171451,46.66666876015591
-81.2553565107403,96.37272363661248,0,19.976865369238467,41.05117593613822
39.87825,113.26455,1,37.69666665507995,28.878066549996618
15.93025,106.65589,1,37.910285731558965,17.58221819342412
45.73816,125.49281,1,36.58487566574324,36.22927882976843
8.89604,-69.19143,1,36.848878467966344,5.057394469396495
-70.54057028981319,-163.22039623983318,0,43.03689854507046,25.820912145053683
0.98478,-59.37481,1,36.145711186191726,37.81359404935483
-70.6663157369129,-89.85529519328146,0,7.530880658265719,30.947694734358766
-10.659707402270229,121.41313444689331,0,20.389701882268692,76.99968335400538
0.4808,108.97974,1,24.587922725564113,36.017424160622795
47.81339,123.63877,1,33.584307123546324,12.976879844570739
47.52658,124.85614,1,28.814821109658567,20.277975255839294
61.53629475651837,18.02863936411586,0,28.839945506808043,95.84972756716833
47.04979,123.14008,1,35.150492902727315,28.34192766355138
11.04172,6.06212,1,35.185439006840646,26.925081846126666
7.498028095673888,-60.35493402237471,0,26.279836317215732,51.97199204426727
-78.81278800756185,143.40117713013473,0,19.882667047362855,19.508755370680426
31.27631,48.12489,1,32.14774835921384,27.569313956310864
20.10622,102.44971,1,36.31510060422572,11.473523402240314
31.579180736226007,-143.820528400956,0,19.76377382772868,17.907580932016096
9.03917,-12.50368,1,33.43157413158624,18.474872825353387
86.05738432359777,-9.561312989794658,0,27.113434762027516,33.52056435000425
64.61871326259188,47.58101059789888,0,21.298397962716727,57.26891964160176
15.54484,98.16243,1,41.37848470041801,13.730587904699828
47.21043,123.18912,1,35.462885969842525,24.811008792878308
45.47865,125.98421,1,39.22640149096542,23.627708292008855
-4.113743634330561,100.86740237448015,0,10.839444625486465,61.58314821694738
12.84729,105.5894,1,29.207740409420065,29.50973392163196
16.04144,101.56796,1,38.14555199495676,2.564806885115651
-85.4884699009627,96.43246951406172,0,6.194398877050627,65.23657630170955
37.23239177397163,-17.050588416287127,0,27.40589869978808,19.726881517321615
3.90715,-60.93909,1,25.87710115713242,21.62842811078444
22.67419,71.35329,1,32.48164037396804,12.685974462061608
-38.10421,142.40294,1,32.64658287644209,25.159850396062318
-6.6428,13.81673,1,25.854000837011306,14.07471937293558
-29.57611,116.27042,1,30.220185967711934,28.08896140117887
-20.761149243161725,82.29756904923141,0,32.7346351446671,75.96644794516116
57.208544588159896,-118.47265911304218,0,17.63964363614128,53.7637568369432
21.2508,80.18464,1,30.085311018892895,7.904119623035072
-41.26199697953058,-129.58676587683112,0,29.40300948059243,74.04549763387122
10.26936,-85.69586,1,36.36383643809103,29.729122517363876
47.14756,123.85176,1,37.62875791333536,22.96905346439663
4.14356,7.97167,1,36.25580346923584,18.196871716126655
19.096102541219082,-84.10826978341642,0,41.037640262339636,51.2006902071894
6.88209,10.65345,1,30.328392685491274,8.108354040904413
9.87451,-68.65022,1,37.08160802204754,46.97846291978374
-14.65915569267166,-11.816892836871261,0,41.78062074170248,76.49778980968853
20.1166,80.06984,1,34.811744643223285,-5.791551862219446
-36.27462,144.66714,1,31.063781755773977,33.67150489530521
9.59648,78.40537,1,33.37579605565962,10.880015574973902
14.61541,106.82249,1,26.939666868235943,4.1762519065155175
-19.461406654411462,154.05096722728723,0,11.661374027372132,36.24531253959079
46.25221,123.87759,1,41.17406556908628,14.261549807582774
-64.36538998062376,88.43708675202686,0,3.5462366884495893,22.170473076756103
46.50335,123.24143,1,34.367668582367465,25.130678270654485
9.00098,-70.09541,1,32.10591516347883,20.050054284137424
-31.091574298464288,156.25461945303636,0,25.09530696282154,86.33716374560788
-8.209983167064166,-153.29563619805563,0,14.087820662765765,63.517804455825605
46.04873,48.75589,1,36.331969155296335,12.692038121749238
21.02478,103.42325,1,43.726892941387376,11.905235515899115
-50.66932271768908,-16.723558931415624,0,4.081154896329526,51.97308008027566
-61.45703837740769,13.182258104884681,0,31.419568316798287,79.03151475788651
-3.49886,12.42363,1,38.448398445985035,29.931852662297338
-83.11434870327972,150.27620606992684,0,29.6744772106245,77.94681828547624
30.84231367640615,-177.80125365472605,0,9.86102821446446,63.7042026250708
20.66323,-103.89697,1,40.63853869295898,19.225678996869334
9.57769,7.5156,1,28.29770305276145,10.128313168331275
14.4078,-89.87906,1,42.82611929615496,21.627481875810552
30.75882,48.28592,1,29.16855383598166,20.05524080156701
-41.08380669541612,55.27326054691795,0,5.104204444136007,37.09161261849219
-83.35866219248022,151.78721898612343,0,7.262066361036785,63.94648410217455
-65.25510334087932,-97.63960722301871,0,11.377842207119462,56.51168404150109
-7.64171,14.59658,1,34.22442653878477,38.63500308676932
-21.06648746428999,-77.46296551827217,0,36.604213123989666,54.04246385874853
45.42426,74.10089,1,32.91418008886109,35.04257469803907
48.64217,52.88605,1,31.369224162692067,26.94400325779787
-35.92310050037459,67.79326622021387,0,20.763676381621696,60.667815172531576
31.3226,49.27966,1,45.892469262370184,17.635490548968065
12.907685318117501,-122.73976498081913,0,17.686209309875853,90.33980788483635
59.77294567080628,-5.829624165473291,0,17.22659328270392,74.06698575306292
-21.2537,55.73744,1,42.8900007746267,32.66364158266919
-85.78036229935307,20.344888266691385,0,31.231117164928634,80.97259919409447
47.3007,123.33658,1,43.28003170106215,15.359135071016452
80.15030504988016,15.55500130089905,0,17.34817344630907,55.374376473921224
82.12183875104736,159.14117990781972,0,12.717575384801654,49.656534204436305
19.59711,81.09471,1,39.626146568864456,17.304892390754006
-55.95594753209859,90.93782312794724,0,7.559548474757429,66.71188429010182
42.45502,119.44925,1,37.903341504754614,14.701193361802373
63.86668543806675,-120.750318563648,0,21.680461742119775,82.24125860804133
37.39310230187405,23.79302721499417,0,23.421460835620305,38.50200117523205
2.6780288856162997,-143.96535469163433,0,34.90663456564579,82.23621724763079
16.33235,98.19135,1,33.468008804980975,6.047539096699651
-69.93738878536539,-15.239414938416417,0,25.048732747110037,15.205864022628184
33.38394,-89.96098,1,43.70292784188392,11.094738075012332
21.26847,75.44556,1,36.76887501868255,7.67140892184033
-29.490704621656114,100.45880121400296,0,21.80522688616571,65.10505633737634
6.72068,11.98893,1,27.909556808096617,-2.247178692558208
60.769512736181895,59.277079144303144,0,11.963360798806299,47.42425736361285
6.54564,9.40632,1,34.60821468367968,23.423300695849754
34.54607,-93.31111,1,40.6416622669488,27.675166794719203
77.07778856817458,-9.646622711326415,0,1.607853821441548,79.82147661528724
18.551290112798156,-118.93999165090923,0,21.24978580493548,49.78281991802532
-10.489403949891553,126.42069999457243,0,16.787695120190744,39.67707222475361
20.075645281256044,29.272151956743556,0,14.174275677772929,66.44385399817827
48.09286045451495,77.62359805936842,0,12.266653805679194,49.1535395743838
-61.43390377601369,-50.43479450622445,0,19.610105245603865,55.6366311376505
16.00327205523216,-98.3305191333938,0,30.601420824365153,56.27333782633511
8.44397,33.95004,1,27.525177543939268,25.691809708632334
26.710499906657375,140.39911065593958,0,24.242812873578444,63.092688383407925
-11.526428138433161,148.8410272522363,0,27.387262799691747,83.6175238474081
66.25287564246594,148.74243188669993,0,1.7097994948502624,78.88303260302717
-37.40063,143.21039,1,36.58993694192786,32.3276513837587
52.63874,13.68183,1,39.08885042669206,10.949890975055972
8.30575313478721,-95.7617106285001,0,29.103735867298624,25.217438900099538
75.14234321800257,107.59784397396442,0,14.307408277820983,87.78547342251537
18.24032,101.50004,1,33.75262803086981,-0.9383315021415299
-15.593122117364942,153.13923924276725,0,3.7347902941562303,81.63752789746762
8.55903,-64.13784,1,34.596657078080284,11.542676415376741
20.10381,98.77125,1,35.0728579252302,17.76947674518591
4.90783,8.56653,1,31.77802199839331,10.643040993034917
79.3392160239666,112.33880611843779,0,12.785710601511319,71.3210533079924
16.79739,-93.20497,1,37.49140504904324,32.141609168887676
8.37135,33.26165,1,29.016175107507163,21.958288808883424
23.293132998276434,-106.76785052824165,0,20.70811738794669,66.33489484816322
47.12307,123.84505,1,37.45902877960933,23.283585167472438
76.96011775066785,87.53863600366884,0,25.686810428570602,56.283439754814914
13.24498,108.05001,1,22.439323208331878,20.19132298541374
26.91492039176275,149.06557094971896,0,16.00517753280253,68.70398341290377
42.91424,75.04613,1,40.485300617789186,11.895422831140115
-24.024911095289667,-113.9044254592177,0,31.395649040401644,60.08858785983749
21.76621,99.43478,1,36.15642711759787,26.1597060187671
45.26206,126.63528,1,38.438528535418904,27.936535701666486
38.06781,-77.27304,1,32.312713939324425,9.197794411975833
21.28922,-89.45805,1,32.16798430743986,17.769550645750062
15.71806,101.18199,1,37.95070976077116,32.12676360614477
13.9943,106.23078,1,37.01975329291317,25.97808960613795
21.79693,102.12569,1,29.36065237236541,24.52681702118382
41.74397555833772,-11.816757627277156,0,13.371406725903636,99.07982024584919
11.811340672210434,121.13843999324916,0,21.837699807762462,49.77657219262191
75.77442775971556,-21.879260001364372,0,14.39823883232481,73.69068963791233
50.814032562624504,-64.96566487465763,0,30.5378625704433,61.79983352848555
49.77986,27.75016,1,36.95002874563754,25.90426418616061
62.508484571710966,-102.06379526311984,0,15.733710747711797,71.75247009691469
77.07947726478903,146.95644182554372,0,3.767478103686841,79.17222917109419
25.475143756570347,172.07320241426606,0,19.704904987485495,61.202890790217786
36.76733619639619,125.04390083778372,0,18.633196890812382,73.96693172054341
33.168180458095634,-91.7829781650763,0,26.968545413751578,34.52779780999176
7.94222,-63.35464,1,31.223202819931934,20.43596418500325
-70.10000877607374,-106.35775797487602,0,16.125969889982432,47.62771001019236
44.2934977296959,-172.46937947850557,0,35.50140562002406,46.00449318071318
-61.67111911494189,24.176545884471068,0,26.534283933384902,47.59259790221841
21.98276,100.21146,1,32.373006311466504,24.75279279544897
44.886698586620554,-131.7820065149653,0,20.703581240871685,57.89278040550868
9.94797,-67.68312,1,34.36490304935345,33.86420294600085
87.4474814698745,150.6107401021137,0,-3.1320186194293527,35.044911131774384
18.23282,101.81593,1,32.839637682912986,50.9238380328718
26.815264870865278,111.74501600547285,0,11.425767375004508,85.244658854755
10.4879,-68.49226,1,39.2802059205384,15.520830381297106
47.07885,123.00317,1,30.968318448717227,19.709971232489288
-10.160376870464603,-177.2128521272822,0,22.71178728550887,34.90338876754545
19.08363,79.01926,1,31.021954039933863,18.40390413131557
-78.7132167046734,-81.43811917122511,0,23.885019528916224,48.22123675896026
33.38046,-89.96217,1,34.47402425620864,16.13835326709254
45.40752,126.64928,1,34.23560327609728,13.320052342770168
-30.87796301313164,42.19501411211016,0,19.752001422695468,77.22691974459205
46.418297358866255,-88.76357031260758,0,34.888145197642096,58.73374466000565
5.73587579691943,9.484579858980737,0,25.59559232697773,35.03872502425163
10.24259,-67.93275,1,40.81287990283374,17.36196351182003
26.64987,-81.47351,1,27.464071835402525,18.5959784285884
18.60476,104.26143,1,29.821534539179154,14.600610616465037
-1.9729117049297145,-150.9164756348976,0,-2.33153201172259,43.78202081165129
-36.65314,145.28192,1,30.94657231792776,18.689365826202955
-61.48851831088661,-51.669088678748324,0,22.247781915585744,88.50299636021595
84.96929959773405,3.1505809167646532,0,18.014765889432972,60.959712575176376
59.78404678952779,39.128086666159504,0,12.162396747404497,53.92570654915806
46.82173,74.92532,1,37.635503585985404,16.59097308810236
-82.67321659926745,64.34252296303089,0,22.100342307883054,61.61031293871183
2.0691122947335003,53.29381001806661,0,11.748423180804954,90.0381250317141
39.63040542284293,92.53343985669244,0,17.11317250826739,88.07478067460073
34.18089,-95.76613,1,32.44541604130426,-2.0151607276538357
45.46583,126.73639,1,23.746014901778974,27.003890526126153
64.20650466232911,127.8174249887735,0,29.230995432088527,27.024347688349273
56.51304930410083,138.37452620130477,0,15.44113823174474,48.684333183518746
31.13436,49.3181,1,36.911341887680805,17.999028526215014
61.708389449217464,48.844611892846785,0,19.06279148938129,13.33445800677012
14.561539654384731,72.02327874673068,0,18.711806872298098,56.15488267467412
10.10898,-66.68701,1,31.761101231906835,34.4948728311838
-4.93558,12.09024,1,36.2761809051085,24.599480593595022
6.55145,-63.38972,1,35.652619608574405,14.791615310521532
20.96541,99.23431,1,32.46823882154651,30.489811917711684
-11.060031778556734,170.49881860199395,0,32.82195560101647,60.476464377955196
-73.55430576990517,-27.39687455079843,0,22.27381794359464,66.9451851730545
10.41553,-68.13462,1,29.214790027803566,15.623990396479076
-21.25652,55.75595,1,40.6603547065763,14.850980058923813
-15.488928052059507,-68.54472597428997,0,45.70459106173907,41.73941155709796
39.61156,-92.86826,1,31.39159092790073,30.109939139745357
13.42984,107.64429,1,41.11719580608059,21.108993734782274
-46.469848940384225,-158.70789060521705,0,26.605607900879438,52.77799707186715
29.770648116811188,-136.42103681134705,0,3.9300658510457467,41.29089089573163
9.97423,-68.88007,1,32.90052116365444,8.806406457276307
-88.34918360825536,3.680108991143186,0,21.08716526842628,81.51179005041368
9.78241,16.63026,1,37.0438640969071,36.74905438473374
-46.24293234567579,71.76993089326555,0,26.600061418915,84.17268972734036
-53.41939012935588,6.715172570909203,0,19.142279194032355,79.77297225639283
-38.51963,146.78461,1,40.0291543869979,20.192740002942113
45.37999,126.7905,1,36.25829704043752,37.072963992712914
-12.911429881979444,173.09107494967105,0,24.151318979609812,99.08191141896069
57.802828939057264,-54.04685202234083,0,-6.262972064575042,48.47246789474683
71.60115638987341,-58.57549068138917,0,24.810600418233026,48.920167350060844
20.05728,83.62363,1,31.923413689883677,8.775713705260607
7.09761,-61.67318,1,34.56815176252019,20.733507079645594
0.33819,109.08453,1,34.57923797544962,23.160009382407694
81.39862995116746,-178.0335151614441,0,18.11660409697751,60.5131570342536
85.00289563241927,158.89638488556153,0,14.973166392279728,79.36839512375482
9.25345,-66.89657,1,40.823668171954395,32.43239249779704
-88.66054429242662,-110.91802332680356,0,30.986626189622534,54.98573037443486
88.18889368276888,-141.9002195681642,0,22.61036274107341,67.06291075003423
-80.7247886099039,-40.78064444071066,0,16.39188695508569,30.80914465252497
-69.82554833512253,120.14135825066717,0,26.49982893105436,14.17358608931066
39.16212127094616,-156.88467798824928,0,18.233667442030043,72.70178331761886
25.449410138882115,-78.72427758996808,0,12.815780990734464,45.25072195991018
28.364352902018794,17.74918815857896,0,25.171082615238717,52.821482104147265
-16.857119961493638,135.53954016604376,0,4.615825137349155,57.478677110246515
-18.113714508796292,-22.476972166463895,0,34.627537797239476,43.138946461420815
53.897592743723834,163.168089813653,0,14.642545605982075,58.53572592632379
20.70415,79.66383,1,37.73948488511836,7.614961063273016
44.30407,122.92511,1,45.97549998782056,15.905832452547179
45.02161297077416,-176.20360708821912,0,20.06598574032172,59.237822090260586
-17.541909011336784,111.66749059670815,0,14.05325514406739,66.29260989995994
17.582469170946794,109.01525236409628,0,24.41754132855362,44.01329225520209
9.84785,-65.7473,1,40.7985292542421,36.291266929451
21.57855,82.18966,1,33.68822358731962,27.633026653284514
-16.530263714838142,-47.29764560765736,0,0.5410912818837943,40.49244063017582
76.98758365060394,78.7302707991505,0,25.922910808816127,75.16777551189661
51.60303,52.9404,1,30.47137685237474,15.242470279339132
-54.39209064907804,58.15003498260762,0,19.84453541959208,42.85777801674189
5.759870254627174,173.76431480026315,0,18.522330999771917,41.85686328634156
51.6972,14.48566,1,29.131752173649268,27.646506192451167
22.969078588731236,-49.401019901446915,0,20.747742225840543,108.34071225810294
20.50605925975752,62.55297462818129,0,45.48406472030183,69.89493487946096
47.58578,123.7786,1,27.531488394405876,6.162279768315592
-51.60249320501044,-143.96465042191704,0,24.855281164383552,59.53959687522149
42.88085,59.14221,1,46.43213245763886,23.43849130468687
45.52032,123.21272,1,38.31499623516227,16.27549740142505
-34.356196744119686,-35.7658719029622,0,25.301156726491254,78.13796799069985
44.85408,125.41496,1,33.24279485464041,15.983717900704498
21.39985,-104.82997,1,37.57741403040745,16.32629357728522
33.24102871964347,-0.7076949849282812,0,22.74071470557548,75.53827380272027
11.68573,-14.41094,1,44.966381735774256,4.599239129069691
9.95572,-68.84797,1,42.82269875507164,19.24802218159022
-6.85851,12.39073,1,36.70341176538034,26.994080819024944
9.77904,-68.8812,1,39.15517081234199,6.491148121172374
-13.180537525000247,27.251129236649007,0,16.309713131518922,68.1353152080012
10.19062,-67.96523,1,36.38845260730333,9.843050590875922
25.98011,-98.02575,1,34.94457180268629,41.378461538340574
45.66962,47.80159,1,27.770859174016223,12.171521745416635
33.23849,-90.06331,1,39.13741950916477,23.7038458080633
18.40439,-90.52831,1,42.260080347520805,31.208376747063056
42.55589,119.66769,1,36.52666995758337,10.669016011902318
-34.503271271756354,96.82030978116228,0,26.669303997972182,81.73306908040242
-88.99469784445613,87.36130426372654,0,4.351524048164858,39.129481751064944
8.61603,13.47408,1,36.34775641894961,14.652835418920251
-23.441262328468483,-122.32608912750432,0,16.262323333122097,58.184130370134994
-76.97801943159553,-83.09997166993574,0,30.334816630919228,52.43433010269411
3.5076906138747006,-113.60988735714176,0,24.875446040329418,71.13137554915993
61.20070111215696,100.65462786427952,0,30.833303485235096,42.47796030726264
51.89202596923167,-173.670647253028,0,12.202703451374333,31.61502942724583
45.21626,125.20099,1,32.86395178175909,23.38016908574954
45.30779,126.09934,1,30.641883635150766,28.001849319763778
15.29195,98.08684,1,35.69160524636929,21.355666861740076
21.719909615594702,80.571903545211,0,26.028131195734154,85.54272433441687
9.2233,-68.1991,1,25.409647774783778,11.912286384666906
-23.97259702791004,-107.33575898627409,0,0.08205508479773016,72.84927798589017
17.64289,96.97409,1,32.63518577484921,17.380871251416607
49.05270898776698,-31.66386116670381,0,12.296410593840065,20.772127470495036
44.60756485073779,100.69262919909272,0,22.914391800620006,51.32124935249108
6.77401,-67.95677,1,40.316904442124354,17.02565388677921
33.55042,-89.87782,1,39.26397831877362,30.13185621762782
5.56925,7.91907,1,38.323681826885775,11.190490860485344
-75.75881962269034,126.25355498314059,0,28.524492568829373,59.60057918040004
43.19365,-4.28241,1,36.19557418000251,31.593052363989322
53.62599613784147,-111.88764269521535,0,5.201744786546891,48.40298295723106
26.86459,-80.55838,1,34.59884256621066,15.373335402821727
0.01717,17.449,1,43.11268634190316,-1.8420422299865926
-56.832143337813115,-119.18243744960675,0,25.857442795981385,34.859459647491235
9.433932626698578,144.1399041618377,0,15.744164704619475,23.065520345833747
19.42953,98.11163,1,33.71192033150146,2.6284150569531732
42.91587,75.05856,1,35.06373790229501,21.14350834065909
7.46231,-12.43044,1,23.899420192584017,33.34438727537527
15.94022,101.05975,1,35.099512628357104,-1.4851984863296437
9.94456,-12.53327,1,34.72037216170493,13.37920112394491
-49.56077279582213,-29.77817764816794,0,16.907585014175638,77.00653299145763
66.16198818674061,70.3772439158245,0,7.286265338011933,56.70431311361741
28.56068565899929,113.68542332267941,0,11.199204423716733,65.86771347892225
13.93487,-90.61096,1,29.120534497015516,19.284892708922957
46.58509,123.22582,1,38.11646447699862,10.491260281918919
13.15827,105.99632,1,35.82139996064957,17.31061065038076
21.21536,98.1048,1,29.593171901565253,10.28505125157286
45.65032,47.81428,1,37.08845326136086,24.087178961779014
-67.12412372908062,167.3717477809002,0,18.7772160187652,59.885450414627265
9.96009,-68.84415,1,42.641845287950524,24.23409056719551
20.44525,79.72485,1,33.614613423946174,25.29521674289185
-30.245135541471207,-28.95475921763827,0,13.784549649090449,58.700826076098394
18.99816,80.12781,1,38.772491886642115,30.626361503803306
72.38792647693754,73.32689678927008,0,28.033552467237584,85.63142724162293
14.74854,-86.91549,1,26.858130964601948,14.788895712891632
11.532829804794687,72.23840750266882,0,23.90566825614143,46.64081612449174
43.10187,74.65561,1,34.43961896340706,31.712193911600465
-67.45187632012734,94.60896874206327,0,25.361761401237203,71.287375796274
51.43428,14.60173,1,39.39329736801601,16.659929089971577
10.07761,-68.74586,1,45.81307413484289,23.25627869254168
47.26242,123.01897,1,33.93562504617695,21.772799509418835
50.52198378884651,-96.01589369149225,0,31.034131312136115,94.02265852217207
-62.68963374711056,74.10352724205663,0,14.263031039018383,41.291624254815005
6.72399,-68.01902,1,25.309963623038044,15.816830937383138
19.75185,93.92815,1,37.73815232810857,32.76623633249322
63.9512082405472,122.1263208852912,0,20.92951866244608,34.50215944520377
45.82014,122.82661,1,38.19155950003729,32.28651816008954
-14.57113319442442,-174.24247217230698,0,16.400051444542587,38.227271091048635
51.9983055214127,62.19676617352249,0,22.81357599933862,121.37612486370264
-23.182744583220966,81.34988137555672,0,24.31630311792917,53.596296437897045
28.41652,-106.72235,1,35.33662020869242,16.494850546305265
9.9442,-66.28799,1,28.97729460518218,13.065796683312739
-46.30059736337113,77.16554654160558,0,29.07338003441509,81.88435172977742
-84.13551837373292,-124.80347359891914,0,11.92394215546545,61.667461698967095
-58.50635083635122,-73.60211125195421,0,2.3872591343904617,97.27698951213281
46.968498377959975,39.12876633173062,0,17.060434193071508,62.90927314042055
12.12963,108.59386,1,29.904561788494515,30.415497437785028
42.20579886249379,118.57776509668128,0,18.085358977501507,70.22734045142994
45.60216,39.16447,1,38.287297059458005,15.310265988044183
-2.0966660533303525,-7.233538366641454,0,16.880484394742858,95.12878866857099
19.23651,80.43615,1,39.321718234900494,26.10522318610853
-24.110336173934073,115.33462448468799,0,24.750671112992833,95.94544655183938
7.9308086560797335,15.030051648544116,0,26.426937456125884,50.328622746894624
52.38181,14.08497,1,37.84825413527683,11.127401735318113
-32.09395180760391,110.74529943447635,0,10.391931624103876,89.4848587074602
6.51759029014201,107.42185218013026,0,21.91478218690507,68.40315109211359
14.0252,-89.18173,1,42.02422351519643,31.169658850369977
30.50232,-109.62877,1,31.385734701246953,31.81054485073051
47.95699663998795,-68.4063785887251,0,23.2830391628955,68.48894626113835
-36.227287191223084,176.0096770762314,0,28.828935797823412,106.03566413844621
18.75107,95.7483,1,40.573286896502495,25.139609145990207
-57.105129182847286,-49.765689496913296,0,36.9593096867015,47.02909816231347
-58.939639206986755,97.78122579337088,0,22.148664561842136,61.311776993648294
44.74421,124.42271,1,32.994894542618184,3.879815314354314
47.46337,123.89803,1,35.8079864882173,13.471447879189125
44.6339858669748,0.5268555846591028,0,15.603949256434914,63.28669086136432
-41.14346975163702,-94.73139026520317,0,8.878388377457203,59.37949251741393
13.33084,101.39721,1,37.11575936479442,19.23695261746831
9.80459,-65.29169,1,33.83861044044091,21.17107151462591
-29.736288949265074,67.30694794921106,0,15.448037186496558,87.36371471631045
20.490915165567955,38.235641359586054,0,6.722574446038902,53.760399569882246
-9.680857775384553,-78.38218804996575,0,10.77402584195043,81.63481908313565
67.05460667485357,-118.60185573729873,0,36.45182014918659,46.090639939624985
-13.854373829626908,94.21776493573049,0,30.09871802102382,73.45076966962355
40.81395450247092,-76.80084216998469,0,7.870334740302795,58.19660579176671
9.89944,-63.534,1,37.19924484573992,11.75895189415585
10.0659,-66.77441,1,35.31618949917121,8.230440171062686
42.3261,119.66481,1,41.86702627039695,28.18108195841458
48.83795047744937,164.2843230816477,0,2.158465507465081,90.54528092109501
-16.065057746350973,-18.85958372242783,0,17.03928419169499,63.06993051498352
13.73349,35.25965,1,34.26631633193519,18.900434645182184
8.24902,6.67954,1,33.806780609033744,28.95376267136426
4.646280473034778,-55.978749123282256,0,34.14532477196275,53.40453158383659
21.38418,100.03107,1,38.59510174836488,28.359955411602403
-26.271571229243108,-87.05964613586445,0,29.158043220932733,59.86771429781941
39.60966,-92.88038,1,33.38402566876491,13.466520877623624
88.22046737455156,-103.01540251931473,0,20.85259570425956,86.16907251133047
8.852446522474295,84.50613582521464,0,9.339920491401205,85.79099747704177
42.83515,118.78846,1,30.180730809595875,42.988216350001956
-71.18882988728774,-74.42369289683714,0,9.415124715918887,46.06069057009101
-64.21004572958176,108.85502959630247,0,26.014296227909384,60.68590878864314
44.4776,41.47709,1,35.50356565564339,12.652741220216033
50.53997,42.57211,1,34.594877269553365,19.50093517092297
-18.431351569248278,-57.75219161951074,0,8.137593099491907,44.60851643870661
15.99891186991755,-172.8476246071044,0,30.562796587779722,39.80514191838981
12.62427,31.38668,1,41.68758189418101,18.486613866347238
-6.67431,13.92438,1,34.799242819804924,18.46828456667251
31.24807,-89.87788,1,27.158516136745096,17.797077124590686
12.50715,107.51627,1,34.306350617382655,14.6413363010779
41.12967863757703,-40.9264364081524,0,19.61925914336922,46.85266350304421
13.19012,33.14553,1,39.05176518971872,19.76072538801547
-22.641791957258803,-114.16765943773207,0,19.15989698088517,68.11101290907595
49.79071,27.92285,1,32.05832100035392,1.580431345490286
19.90863,98.71725,1,28.976920633574128,7.64233127498666
51.54435711500423,-10.962919976462189,0,7.571265319648685,80.00972673308844
16.33022,98.17775,1,31.538450032153253,28.139691596396844
7.26485,-11.86443,1,46.60991081327232,27.162215293751355
24.840168850218788,128.88208384120196,0,3.080884436380657,64.96371789858992
46.04595,125.49158,1,31.4797413978837,11.249781103047425
19.20431,78.96355,1,35.85407529425745,15.899068175206724
-9.094005308044373,-77.13115302162888,0,31.108579406535032,86.37056639690525
6.32159,10.737,1,28.138291622547342,19.50073247634611
-30.78709957965821,121.22247811605183,0,31.200165641502267,53.493346346610004
39.560055976326396,0.32296005881306655,0,21.558558345554367,54.25342695872584
7.18554,13.00122,1,29.9787431711465,10.681390166778083
16.37834,105.09275,1,36.67539622911253,18.756857400490567
14.44405,5.80893,1,36.25632937959167,28.78933203962599
52.79770013676614,-56.037692881162656,0,5.3057363180518475,43.344154741842445
10.1874,-68.35379,1,41.950750750481646,24.79073929540052
86.25963964238042,-153.21496557299093,0,25.845015178755162,79.36032226470067
16.33623,98.18425,1,33.70684342481029,4.631745030519758
41.45576089965658,135.1078801110147,0,22.9913026376821,62.516330827936684
-24.928694915053043,67.63356844342178,0,28.180341398980563,79.69329392629797
45.44049,74.80519,1,37.98295530610682,18.374376609410756
8.868735356281405,-122.43637239185358,0,21.005133931280305,67.90128488167701
42.546723732318014,-91.29340149820875,0,39.46456297162382,63.652433000768134
73.67709187527313,3.412174328043079,0,12.004462220649462,46.360246546697034
31.13308,49.32587,1,30.728236251213247,-3.473941470643922
87.70318715602002,-125.47296378521133,0,16.13125620530216,31.60113340498206
62.69768902536853,-81.57742759580886,0,19.129884666942026,61.15126011922477
9.01842,-68.48283,1,32.95063546704828,29.06067939817928
31.02116768401291,-24.002120274940864,0,17.99168243269491,56.1214822604094
-68.73960382733695,-165.7101570235781,0,11.783904236536632,72.64736275238985
21.76384,99.42134,1,37.86494482994403,24.14134307558593
10.11185,-66.90824,1,36.70682299136975,0.7970032036587895
47.92958138037511,-157.44873500049957,0,5.251835919789423,74.6725397588615
7.51952,-68.64848,1,36.65898856801221,16.68201115238558
-85.41040371080913,35.927027584549904,0,17.479013822450845,54.87587558571554
16.747453019951834,137.0428238522626,0,6.765221806188173,47.12618759104414
-70.41612024566186,73.73741557276043,0,19.516658536879255,59.239960848753206
6.75665,11.14038,1,34.450770922695725,7.168993289953855
-40.5774376544816,-109.34731389142314,0,14.922377171147073,64.71657225968062
31.88767,75.54259,1,36.56936849890149,15.983336024681812
-48.90590045995546,-21.374063153571342,0,-6.777852326532777,51.62211322817116
7.1013,34.38511,1,37.322977337396615,42.23017412463523
15.06548,101.58596,1,34.703677083094504,13.283343358428908
9.64025,-63.55218,1,27.74017252819259,30.00622212593405
9.56928,-64.93588,1,33.246502443253725,18.448161077537154
16.94575,76.96918,1,46.73254494964661,12.0738400613482
-11.077501972114007,-39.07149323217075,0,15.537824595121528,46.915646596379176
45.37783,126.4668,1,39.472237921429546,11.012442220510232
21.608019651496704,-24.894929306600574,0,23.23187177689305,81.37739405449818
30.3984,50.61293,1,45.5276569688629,23.46244317338314
45.71497,47.81444,1,32.78725266482816,19.068434063410205
32.7015426692238,-39.09029841767182,0,19.07454301196823,44.160682072457604
19.7695172857848,10.877010259952726,0,18.364701910977182,71.85988361893081
88.87794995985621,-99.97170854090557,0,8.75265399272865,40.6277892634569
-86.88430008474246,9.68261642256536,0,22.742491644143897,96.49794336779826
61.30277861108138,-4.285745955479854,0,20.633856143057674,65.84306538523687
70.88974980046768,-134.409871951105,0,-0.08485595717128547,49.03687062411444
-56.22650928771496,117.19449776460465,0,22.01901163625759,93.13558544713084
5.82938,9.24123,1,39.0808813592771,30.296294237981485
-39.94365796823992,125.79632696249956,0,30.171461070679634,89.43166286048589
-7.85041,12.10927,1,38.46248039630646,10.310725477895254
-2.281062169855659,89.90805818016486,0,11.538896564785482,38.673310400693055
-40.484903120715124,133.85414620777317,0,26.382904584804464,58.34881082720318
47.26057,123.0317,1,28.375284637975035,9.083684078649254
-42.71615340023636,-119.26914669749178,0,7.290045882971805,55.95940977607358
-21.2655,55.75448,1,36.0913337686059,31.142022053711486
49.24520312052752,-20.280698686766698,0,27.709493194202537,46.14939165706365
19.34543,80.55583,1,37.803702361272336,11.858846347164437
34.15682,-89.99757,1,40.24279943925769,42.109659292529706
54.58689,21.96737,1,29.841613215791313,28.019436197827364
13.59181,103.25269,1,36.42323230624417,22.53790669441014
7.59446,-11.70756,1,40.69625711881478,33.77219077204019
-52.25163620136289,-36.673154825272036,0,24.867470530301965,83.91011487784021
67.08765594593041,-46.76057647320292,0,23.032328057431588,40.42534841550804
45.58026,122.69572,1,37.664382542335524,32.085764485519135
9.9009,-63.52373,1,34.84860208675913,20.561308480247963
-61.60362772163213,27.097663501019497,0,26.46669009152216,100.0196747649072
45.43315,74.82094,1,38.38241667912646,21.842581672392146
17.16809,-90.33239,1,32.60991759709848,11.03827594796751
-7.34283,13.41157,1,25.937504352709567,32.67871799310617
45.27974,126.91071,1,32.978165210543445,39.59010990427718
39.99538,-77.76743,1,25.974337017802704,21.429485966977325
10.52195,-68.92793,1,48.10555579636468,18.141255560590242
-47.84243620518249,-104.41592422916715,0,25.196260472928603,87.78061985375506
-29.46191100054486,-40.97634816725787,0,16.22363771582214,78.8827377464756
14.67926,-90.38,1,40.60557843012096,12.000147442555168
29.988807352909575,-44.76128991608573,0,29.110602699587602,48.70410234864005
10.19246259433568,86.00638465081124,0,20.36958990228596,58.466864082384575
-34.5313950116402,-166.2983340579131,0,17.153040864915972,3.33002402273587
18.77225,104.32474,1,35.40858447462782,13.213938739961161
60.80801224717243,-5.27003039746657,0,6.3734212184479215,68.44963950505499
-80.18180626515618,34.13965629467418,0,3.369489805864724,75.47600505892477
-7.45167,13.29926,1,28.996944004162646,16.676176306693602
-18.011414999058545,-3.912727015048887,0,-6.105904272389967,81.68353729280994
47.20547269393742,116.64815666340684,0,23.44638169975539,64.79648191312356
17.06894,105.12585,1,30.398756786658108,17.520690015795125
45.2189,122.69242,1,38.80400873092704,12.668041431958848
-61.04213948281372,-76.88990649546768,0,24.677489576352734,78.5280358894797
14.998569417977478,-156.9017511224087,0,31.03429905334621,57.7721992448829
17.73596,98.19639,1,30.02048982896229,7.68738447135126
10.12287,-65.96673,1,34.64207053146424,29.37908222336399
21.7985,102.13573,1,25.38739428821376,27.740482698665467
46.02959,124.70516,1,26.737865289437785,27.02847742591433
16.70528670815672,152.9070906525517,0,26.51357498584581,90.80255699350207
51.68569,14.42941,1,31.38024548130538,16.815011646596577
10.13898,-68.66718,1,36.566381051531685,27.305202801322757
-59.57951806742143,84.5663545233524,0,15.693360187129343,83.60307754114862
15.45393,101.0145,1,28.001706158534837,29.390138916330738
34.72979718111232,-176.54503950405154,0,16.951266806579937,35.18549913444387
-82.82603653492254,-107.99239246817844,0,22.42084179789225,48.12791214439402
62.641716591678886,-73.79872218410824,0,32.61080230365708,37.72165927840207
9.95926,-66.75217,1,36.96638320268531,13.710616835285117
79.01751734763707,8.957146531448785,0,23.29943765425795,67.42971438558794
8.672799704928721,157.12087923954817,0,18.501266207674213,66.71063058416256
19.42575,80.14104,1,28.593767371270637,19.10563364420511
39.72947922697921,-19.62133570352549,0,21.265989804176943,66.26663164072103
23.65391,95.69864,1,43.955325202683255,8.781998354164548
-35.119189745782705,134.9129994809956,0,31.896304232952897,52.63039631984094
-62.247742274462254,-126.33915837287563,0,25.765782872765584,66.09053781367226
81.73418612181902,122.55368947389923,0,16.720863028699974,92.48509368536406
53.5440202711047,17.674464811517197,0,33.40400499097018,48.816921075513775
57.705290100449616,164.84522496750867,0,15.590488051306266,106.78658326484715
60.869839992001715,-73.14584832987036,0,24.30900383187233,43.243869772932065
47.21388381022061,-141.75509640279108,0,24.241234564724863,35.470884305207406
13.17926,105.95657,1,25.296932422980685,14.314806334415005
24.7985,49.34828,1,28.094846180770496,26.57350366142783
46.16751,125.66605,1,35.798057334214576,-0.3985516981576893
87.28493728002877,82.88839247131551,0,16.544177266901105,75.37163439719095
7.90628,-11.95662,1,39.4600478760572,15.756157377770283
-7.4319517377059015,88.68396515844819,0,14.124443563502115,59.24127653614748
19.70249,103.01127,1,26.89416499373506,12.546631247810412
15.11379,107.28749,1,35.8067519088112,10.137449513291438
9.21863,-67.12623,1,26.076246036633428,10.442151208900304
12.97171,107.87341,1,26.395943498147275,35.98671206244356
56.147143052001894,-83.67689431077841,0,42.83868118390073,78.67265328913649
17.0703,105.13683,1,31.5125409518851,6.298076971502585
6.34806,10.02201,1,27.97503262659691,17.107062086860953
-38.84156317717631,-142.4264411963785,0,0.11382832948862642,76.691839069573
-18.83387429174566,21.386076992913132,0,-5.983981434132623,34.0998619605557
23.89701,-98.12713,1,36.79126339630164,8.407170439521266
7.516,-62.51379,1,39.57097659253343,25.139694641029422
41.28214117908087,-85.91249624266052,0,9.313714030569585,43.50332795017418
-13.10077821312349,120.59636737734644,0,17.90607757883855,76.35842130681704
-25.07954,-55.21287,1,27.181015994483946,19.018390576479472
37.89775,-92.94804,1,32.07278400738548,20.083597855532194
20.4413,79.82049,1,40.0526961649076,21.651628769177485
18.14088,102.94206,1,30.672350152380154,12.79728633894856
46.61358,123.23178,1,41.21484611218625,13.205795361621337
12.08513,98.75569,1,35.231739909831205,29.180744246261852
-53.60868427931751,107.5284412811767,0,32.72513208297052,50.67235822062024
-68.62174280470862,-138.89817442930325,0,10.094141416595155,52.291279381990535
45.33905,126.10882,1,36.27797190304989,26.13821273637121
-2.896431276358115,-18.502726706549197,0,25.900468293135134,51.94188884286795
22.035284378992785,-103.74644762615279,0,20.242078190736073,107.03405324097412
46.22916,127.05817,1,38.61154637269408,24.418535224186876
-86.58711123278893,92.18312573550008,0,20.368545558813146,66.15807047622111
-59.52597791773162,-165.70481927980663,0,26.92545013266328,56.01701798846687
22.61415,77.23514,1,35.049697707170736,18.563238371883283
6.99005,10.7026,1,42.28494783589371,7.78050766552383
45.3908,126.68742,1,28.345296806426674,21.027475472512535
42.69049,123.7646,1,27.803959309448388,26.060553375609704
-42.52030861170715,-173.1770740412323,0,33.42298536724006,50.342319248539916
21.9755,-98.55968,1,31.179910211891997,19.781956969196212
-63.41530941178383,-118.46573714950654,0,25.01904098256405,50.6284689441596
52.030818917610105,-156.73901429736839,0,20.852497099045493,36.539456242155126
61.483872385945716,164.12415640897763,0,22.823894636781827,62.685302030885765
6.935,-62.55415,1,32.208639825816356,25.35493449513399
52.07227664271775,-67.25300158397437,0,25.919830140148004,111.43432815127659
-39.66878938573706,40.25747096614174,0,21.61874446906724,82.1862515483572
-30.00009748784089,157.52515112990704,0,12.915688307857597,35.239238062916854
9.00936,-69.5934,1,35.690248055675944,1.1183927274515568
-77.31787241281528,177.33301479732614,0,9.720521512365814,13.144203136217413
-37.24778024514404,-100.74389942053725,0,18.458442516681554,70.46044622605102
8.13932,-12.27624,1,29.866582328583846,13.240839463470213
-40.82300450182495,-172.31958992157735,0,38.79526765160114,79.24346293732293
46.32478,122.06371,1,38.4948676952383,16.788683501990498
46.01735,122.98526,1,37.957395725786604,12.246454990336087
10.02459,-68.43776,1,31.652497080966295,-6.523269017017071
9.59029,-68.75504,1,23.704259083581366,18.460421144355
-77.3444036597588,-24.531640268152785,0,15.184457618630862,40.86108136048147
-6.505402498498185,150.73866609203947,0,-19.33760478461305,70.07657079145147
-23.481599412766613,-46.55393931525401,0,13.125898769898978,105.6801381022602
75.4225348756008,-177.3699196441818,0,20.479344781208834,80.19871115206038
10.06152,-64.86219,1,43.27358292274535,10.270284843841923
46.09728485956907,-152.7719945579426,0,22.879892883637,75.82845009429926
14.99998,107.0611,1,45.821315129813385,29.655923413700744
42.64663,58.80198,1,29.54928826030622,3.9718889236230908
9.97722,-68.39249,1,37.5190668692913,40.49836581259344
-36.99104352324022,6.062839664336138,0,28.24834475022344,89.23931750022983
10.1437,-68.22592,1,34.68257231933048,17.97198648468112
10.21312,-66.96642,1,41.941422566922036,21.288532805724728
-82.83932806537163,-95.66178021995331,0,16.819751949082043,72.68126743038587
-59.983795527593294,-114.37145876010166,0,22.998657899220802,58.54059113105434
-74.68231492561843,-27.898400489284086,0,8.029191046780753,48.49495676140987
-73.63537160521055,-86.39903768155702,0,15.504704183562371,50.943979565500385
-73.42715637249151,-3.9137697613677744,0,-9.039001978689353,77.44803355660673
8.50986,33.067,1,37.215527757963216,6.642600984500325
-50.46144848275654,114.13785774244064,0,26.52072305772151,52.11696378573521
-13.04861772298905,34.62773231980103,0,13.497179162891399,82.75834473032602
28.72955916898438,138.2599954539495,0,40.007347322859474,93.84998346134712
18.00935,-93.51556,1,36.39612896682774,22.888312057738837
79.46303258861883,100.19292238459974,0,18.07740868119712,61.13811308952145
-29.756948684808087,-168.78874105027504,0,21.253963593062718,87.8686223033455
-88.41318389441727,84.16136266534733,0,46.668803876512165,64.19577967369926
38.00961,125.41499,1,29.13236295434258,23.36577036826553
47.48177,123.89315,1,32.44030772958291,31.92270186570313
45.56451,74.33568,1,43.42881789909076,11.20947461176393
40.68619,-95.82938,1,33.79178083770055,4.550042642135965
46.13112,126.38914,1,31.723765295468105,8.080266934349714
11.151657844789753,53.774171995101085,0,36.399487695945886,57.85395731273579
-5.721790997301866,-109.98061334836322,0,24.604836624716953,53.32820718858812
9.192099921529362,-42.415851974669096,0,30.255961297495695,56.60519924717268
44.74588,124.43611,1,35.667898050823645,13.667834018810137
30.86366,47.92432,1,36.2473063148276,16.610189591763554
30.72212,49.82779,1,30.098954623505126,21.822220419883905
42.32768,119.65257,1,26.566030054121583,10.293979321358714
46.07067,122.56551,1,28.58254168636107,25.325281945759382
6.343,11.64554,1,35.15172933268617,22.401059940110223
85.32727944856393,49.800470010722336,0,14.591943219801806,73.4042288852177
17.72413,75.28763,1,30.48494682822298,26.1659680720015
1.4690601961308971,123.7914481975709,0,3.1136980019677516,-0.2957445860650978
46.70158973722138,-36.54146269307179,0,32.46904930932441,46.569965959941676
51.43643,32.39295,1,27.16113554039879,26.428803159064874
-82.75771663498085,-110.59185034492867,0,18.050239356582704,41.953780035759415
-1.5169200327033394,56.061453370338114,0,15.326950417501301,43.58753556532043
21.40226,81.95371,1,27.84817675722352,6.330242267120575
21.707607458218234,-89.33346122717444,0,25.48978227152016,94.33569563665202
35.099001892196426,2.2598999342716013,0,8.03946940175063,31.2062873194101
13.185133763158461,108.87093703012852,0,21.881349476606356,79.55843755211
69.26951261942875,45.87282005528215,0,16.828901510845952,95.14569484085176
18.50143,-96.14301,1,27.792086282781632,22.910520580201414
13.65123,105.63637,1,21.87453614184339,28.12752376041177
15.495305818018934,-127.36423317344182,0,13.425286387170187,42.17401591962964
-41.29989970893709,-159.98366305800621,0,29.011345295276165,55.99222879231182
8.51729,-65.74866,1,33.821045786816434,11.334531120514958
-9.668988579175362,53.229544729670806,0,15.814384916540051,46.722582026950484
63.67883196755537,10.55578814570498,0,10.661104652359787,41.461984032109925
13.25505,104.4253,1,37.81928285267044,25.440210506791505
8.65474,10.59572,1,46.97559200215288,25.180263644581927
4.8379948583085906,-170.00483034806032,0,15.05105202095541,67.85398866033708
-40.6389145059596,-60.56832819391428,0,26.2363899016928,44.36682261318596
7.1984,12.13241,1,46.93519913626571,36.143225650999085
27.68225,52.24501,1,40.659299467452314,19.16701406215288
-20.70501093282462,136.90128162212977,0,26.117687318520613,80.79323122230215
46.36381,126.94843,1,31.30754395903725,25.438047967417486
30.74993,48.28399,1,39.97355666879036,6.4327325373020265
16.78852,-93.2037,1,34.148048234358676,15.118990254301833
-7.64264,14.71893,1,36.47845625867378,8.424598532764854
13.1915,105.91819,1,35.47746109879892,29.02290115043967
18.56146,103.41443,1,38.615803221768346,35.01313482534542
-0.27596932671315244,3.95577289263926,0,23.48668223561333,60.68623791075527
-1.01005,109.59122,1,33.23210433773124,21.111115904159632
-11.422439647219022,157.47888632267973,0,16.68711982802246,64.7523204157971
70.77440471161978,43.978827802494806,0,26.632771616629917,79.58448903572355
43.16864060183008,54.01002467118241,0,28.692925861273388,33.59990276828083
33.01219376416674,-146.3823053816197,0,3.9729016819924894,57.14707438568462
-86.77104672435973,-141.6598018326907,0,16.19420072614859,56.65473518620115
19.378298319099997,-61.1726487258655,0,16.724204055866007,66.22979514663673
-7.09078,14.16644,1,35.255374423131876,24.069648109462314
26.513772299028417,32.04468578447134,0,18.808306240009358,66.95733579928569
80.2459381983077,-15.973910322132895,0,32.88600125377174,75.61832206965303
-57.466954419026884,-11.666085550307656,0,21.289936496575343,66.7324752460622
52.03497738951941,119.35358109188337,0,35.708467332005426,44.02261388853417
-78.27717393251203,150.82953357773067,0,15.26448301693091,62.07829656933676
-0.4053367854589993,-157.3824666005254,0,25.35810049402571,62.62354906720661
66.07684976554953,-105.05067871912433,0,31.449868341819226,61.43540204095104
18.81703,80.61079,1,37.33005286188113,21.224734691518837
73.28260242463614,160.9911242258009,0,17.86614802000664,84.21142105884303
20.10699,98.78913,1,31.379572212816583,17.209930531490233
44.99356,125.66588,1,39.66442761523665,13.334748037738565
-0.5706386402934243,139.07771626634764,0,15.885832353779097,30.71783611733709
8.3247,6.93667,1,31.240353108597166,18.165242349611724
-13.461725945341342,-39.12512588792532,0,37.995391171198634,9.144869232692947
-16.908881693508036,100.90578993500674,0,20.72005305758373,49.894186580617855
-3.1462631897220206,-121.43123319464192,0,7.157932107776883,65.47883435945404
29.28321,78.00562,1,32.81792706241394,31.607203704919748
49.93471090523286,-164.28370369976633,0,40.96925241826865,91.46888581744307
6.31388,10.74465,1,38.17084771028908,22.148663239866085
8.27723,11.80837,1,38.868431038852904,12.49692720838819
4.66419,6.07727,1,26.10219084336663,15.95005585910836
8.61385,13.45814,1,35.968081994756886,3.768463530573218
26.50279,68.30762,1,35.67022889629269,30.749414386053047
11.96131,14.56188,1,25.465429515262194,19.604552951249048
11.00987,-69.5424,1,39.801356040954204,26.228562325963622
23.617017050918378,-100.88466239122495,0,46.35424813406205,38.912988891430395
44.92584,40.57445,1,36.7771039017326,36.71485338110442
-37.18904,141.44579,1,40.434742606629506,24.835445171586805
21.85323,102.06779,1,38.12009083119788,24.337469025047227
45.26628,37.29386,1,38.9130492162126,22.283609283579953
-57.862060409323234,-43.30361622840735,0,25.397577567176217,54.99708622436832
47.41629,123.23911,1,33.53518308647168,15.972942549196784
-19.143103807055,36.03594388325925,0,28.297228797919978,67.33830828718423
19.71511,102.46552,1,35.88988410155485,15.674587935232353
5.64864,7.95639,1,30.729376334630018,4.688953964007794
-64.65480998224048,-143.33064906585184,0,14.604669612036894,81.19211093532809
-76.12824853411124,176.39956402060687,0,29.879796160418586,44.24093512775336
-87.73238061693418,-15.293803341638636,0,2.706326868227414,68.20033041616932
3.81412,9.93098,1,39.22216497501061,33.263630172368465
9.272298173026428,123.04508564814921,0,9.434428930812867,60.35472450432755
59.33993146885376,165.93537260110656,0,25.81974353351527,43.7405901477163
17.42706,97.53242,1,40.67367574109984,28.568358179563916
15.36822,101.25169,1,27.718576238725056,24.022126147168628
3.6243012687286438,93.40787023113495,0,34.40478767783887,47.46459575068269
60.3645356853722,131.1391147248034,0,19.773949843226706,48.61708585293068
-76.47277722656173,105.0995094725738,0,20.26401405752799,38.5683595028839
80.82812303686319,-84.08621897378477,0,11.71946065897094,79.26692449721841
47.22579,123.24937,1,31.778362293774038,-2.8635724622870704
45.60214,47.8288,1,39.79880871138328,9.56808543612924
76.87933744282878,-52.70723036493969,0,24.443337613780784,72.98466422494403
2.482678164882145,-91.22185413773111,0,14.079921571635571,51.9734402971411
75.81201988880815,-119.98229929124284,0,17.063366472045924,70.52784754589278
13.25989,105.31049,1,41.15369438144181,9.189346304516734
10.02455,-64.3997,1,35.904032406054604,25.587733887893055
8.607044964021924,-157.4499285814982,0,7.396781659183798,80.22200916751294
57.75967602776322,45.55390165530636,0,52.67571770474133,49.24441680673485
28.49442,-106.187,1,34.429168009501744,12.428592604306985
30.76015,48.2794,1,42.08151155429915,25.793298854601364
53.99097532208515,149.58854675892326,0,42.100341258081784,51.50009984389482
9.97374,31.65524,1,36.36911029549287,24.511279978408773
9.17358,-12.86493,1,40.4980042519632,31.49997742104709
18.579284204581654,125.73709123920679,0,2.0875079447458553,57.53308088056469
10.19584,-64.1656,1,41.64412815710187,34.965060764279116
45.41066,125.72722,1,30.34448514716565,12.525091652266541
45.97855,124.81413,1,37.862639476278154,21.14749873178656
-79.10307045059224,-56.22059288850018,0,11.656545554626014,75.03616320100755
34.18239,-95.75554,1,33.92441514489512,14.269552835814546
40.85074,72.82359,1,29.208488693717026,23.142954875155837
60.53743706675968,149.76958842971953,0,15.514975203446252,82.12994664575356
33.46653807530335,139.45622120828995,0,10.878197017804434,102.39957575725681
-24.950172640027972,164.96999037800003,0,22.022453978291722,67.50343120130148
-87.1620559618707,-48.70276832737562,0,7.137428057403639,69.963916334566
47.13394,123.85681,1,30.65271642782273,28.160084806080818
14.07549,106.92185,1,32.647944163128486,15.872826648098819
19.09923,80.50289,1,36.62209375199699,14.004939829152889
-79.87083670696572,-178.9351925983683,0,11.08352926073566,86.96078222158582
-4.51961,11.51827,1,34.341948590561564,7.413341025162053
22.17483,79.8579,1,39.188547629089065,24.747740780865648
20.935024942869134,-80.65545119788023,0,25.216188556766998,60.41946889630546
-6.2476865588813695,44.73068601235556,0,15.833134686557763,63.443641143456894
-23.61981639773218,-16.61122764878442,0,19.63162076283556,71.53678134260979
25.671489352202713,-9.988455746569372,0,26.530350288962055,45.99843046285159
49.00643158665173,6.189425819121851,0,15.368696890409627,34.06589898327417
-25.963185854477473,-92.57354554181396,0,6.17175551114711,28.18646296241228
42.66845124820884,53.36135120347433,0,21.54879686466118,61.259322110952624
17.68622,104.72643,1,35.289576006509,28.543939893580937
-47.23584765828088,-1.5214456656725872,0,6.659570628627353,47.700072712107115
73.52965923177928,40.341626506620116,0,21.09047863152109,62.032936336975375
26.801772869241788,-105.06293299181823,0,17.445727883176843,50.440612050333385
18.16917,-91.68741,1,27.838147082862566,16.893633201503178
-21.76318608621203,121.157214696104,0,35.12143328476741,64.84262550720028
46.75225,121.83234,1,28.660439418233516,16.217784343810088
17.79949,104.92532,1,38.85999689872794,18.722314918073675
20.60271,99.34664,1,30.046194127538104,30.802032301593137
80.35835073301035,-65.17475719352092,0,21.321714769135355,56.67671033313685
46.52023134285642,146.13981580538893,0,17.512423152941015,44.40454971789185
-71.69016722116982,60.69119666040601,0,40.256097755660534,74.60785292638012
-15.422308198005652,-167.23079556205408,0,15.920350096755644,63.986295168273685
-26.33783658322993,61.234611361667675,0,39.8794236035624,83.73871227082662
80.5520484221316,122.56740878569764,0,21.235743066039113,65.6522717495709
25.43486,-99.34885,1,34.93771862392777,22.158332858534568
-88.38553719786215,24.607014904049663,0,26.754372694528392,32.450337376653415
-33.76342778805079,22.482949889715314,0,10.861684167796806,82.35776228055735
42.92477,75.05638,1,31.19689134862361,14.918799977593395
45.41031,74.78258,1,40.052331148297625,22.371866781646258
-27.8812949797043,98.78892204289355,0,9.927514690650108,47.19754577326219
9.93755,-12.50537,1,33.09847277733801,13.719927013290345
-38.02801,143.8757,1,37.3971362559584,21.209573437065437
84.73416560061679,179.6323877497917,0,37.33442108625172,41.06242581134714
-71.06971216397682,-88.18540770871749,0,11.205122075069855,68.15364762567522
7.99607,10.70224,1,35.93956852478992,5.33794911802935
18.23492094260908,31.569062174962397,0,19.050729109038347,79.34953980459497
76.68423643641404,-49.324221324003304,0,13.991305098737094,86.95048226959672
-34.2525821690745,-103.09691273876159,0,26.374580771353113,69.64104643683709
8.90611,-69.19305,1,35.909834446406954,3.2286376980405187
51.79832,12.10525,1,46.10799371978828,28.662329306785374
46.38455,48.66685,1,45.57044625591132,19.68636708729949
17.94938,73.71304,1,35.55300992921457,10.791954568638404
22.62316,77.23344,1,36.144699068453555,11.852702777572139
-37.77748,142.91632,1,34.4076810148819,27.95025572590459
69.10441276185833,-104.57661940928735,0,14.063056158668395,74.13227850656392
57.42834083572677,60.71027292638226,0,22.30576967146333,46.14132540232414
45.55549,123.13093,1,29.86658000773702,29.52136253338468
15.20849,100.59623,1,37.57130053309122,29.64217619123392
44.00578,46.67649,1,35.29102885788923,7.72238051578082
-16.774607312236412,19.56612626813839,0,15.320288046870163,75.68599059184677
14.00863,106.97694,1,32.49548537564984,20.240446657579025
-64.81209803865113,170.9077064977663,0,30.233581976832177,36.04212213925452
-9.21492,-36.93639,1,37.81382582460714,7.482731983498665
9.84914,-65.73848,1,35.01556628906088,25.099544384596122
51.56162,13.09954,1,31.84956692016713,16.673060187915844
17.14366,-93.12424,1,33.76272103485797,14.29363379201513
18.20752,96.76099,1,32.45314582267522,12.044585415104107
13.85094,106.13054,1,40.41272765595626,6.5086859408325175
45.66715176062141,-80.55351445811326,0,12.707369042493463,71.37209172669625
73.10806754133853,40.21992447802754,0,26.48791194602881,68.03458030030745
-83.03902274483556,-24.944023493250597,0,15.202167493140902,67.67702274017397
17.881568561292923,54.11919662915176,0,36.34188770712436,63.2185540170033
86.62207085965127,10.877820607480032,0,14.337111732244734,30.952692754255157
18.23102,101.80502,1,29.985764690359893,29.44827053484609
24.49804,56.60537,1,30.5581345370406,18.519864162612663
19.16211,103.34659,1,40.6829973707923,9.628971419537207
-83.34907443401762,-97.60371459671481,0,29.19018729237237,82.92485894212247
14.67711,106.40261,1,36.87816678477259,14.040764516880028
18.84314,95.06126,1,38.23541105268166,27.06528351219005
43.819211568119385,-93.52144948328707,0,21.60860562214227,47.36957928454546
10.03211,-68.28554,1,31.712763736185668,40.82749488678105
83.77009004894805,-50.44541438474465,0,14.973251211908636,70.732499721914
-73.66471807395774,-67.05357873967957,0,28.979592950810584,41.010940811374816
-65.47146704651904,-100.67122717236128,0,12.229772260234549,70.42771392623816
72.96060244275151,-150.91695801817445,0,21.29118812690048,56.24650618390736
32.50688475671588,-10.881212674171735,0,33.485802550168664,61.58192360355826
26.458082762880252,87.59919769816395,0,14.908192722579313,74.94278302395252
89.52666544398514,-143.23423879793125,0,7.119992829828375,56.36241066218616
45.35431,74.65303,1,28.197715345381376,23.18479504019297
51.62578230939988,-21.136904200956877,0,34.08310550394052,58.99332560700599
85.7623651671093,-122.98473612918458,0,16.79756062807376,27.366509699723366
-66.38979435071263,152.54657740617273,0,16.986260191311302,63.53394666911744
-7.45932,11.56737,1,33.551205331208095,13.18535414439642
30.878590681710676,-49.7239469129037,0,34.6783043739527,17.93116093983005
84.75654818463559,110.96110836127298,0,24.700467305562707,65.8173292352719
10.45668,-68.59901,1,30.050424434181537,19.43281953123367
-17.230675458917148,4.636742668870767,0,22.431714536301048,47.02079233193811
18.15956,101.93704,1,30.741154729433145,22.92465681003612
4.5653,9.95154,1,29.61016165288278,19.300340265435636
13.1981780878711,176.7703800612682,0,12.690115980232203,63.79702866500424
18.87113,103.43373,1,35.553834371450634,19.89868267470605
-52.17375076776255,-122.03692804503474,0,31.01179901926341,74.96035002361461
5.93017108538956,3.4461023308137726,0,12.769779321352727,81.39548032106813
20.611774447739293,69.5886857769689,0,21.571632901909933,67.27122770100294
-22.775010119314047,171.11777321257773,0,18.017017217635537,80.76171910805967
-83.80860495035108,111.26772322164084,0,32.82209653465479,63.06560361702655
7.254253013801176,132.67911314664997,0,11.457157891236102,69.2259374724052
5.16362,7.55682,1,42.233226502160406,36.90269266526102
-17.367970439143548,-1.4101691332171526,0,0.09019751952687471,87.59444491263461
15.21051,106.06751,1,43.377756896486574,2.438190414229176
-45.44295237504011,-89.79293528563242,0,4.203304933052605,52.215806364612156
41.75978937518394,55.39203161212674,0,13.401657296798495,38.08113696551816
-43.64445547661977,156.38129576266334,0,24.496625588958906,74.48963970276725
77.87736077558915,-33.60861718259042,0,8.658214893065484,45.291027039074585
-89.91510249468182,123.05755663398008,0,13.677165725538398,55.09415654714124
-7.861068727727371,22.88767471712498,0,15.277681949826322,114.65853560956742
46.44726,123.24127,1,34.25874843069692,24.343267870764716
56.98628872258888,-129.49618176577363,0,22.5099087208988,16.379487674110067
45.23557,126.00914,1,32.22695461269443,19.406584601832403
55.78008423288901,-41.0804742474584,0,14.86940054813008,65.80258735174786
54.47616,22.03757,1,35.09939335772008,31.537764203385876
65.75526703253314,-109.72707953646835,0,32.014465728039504,83.24473655270181
8.68044,30.70831,1,32.16002138654811,18.94327503102056
9.64684,-63.58323,1,23.18841465180779,18.074475863715204
19.60796213052089,54.099853738370484,0,38.46962900079262,83.17053370134006
84.54278750247607,159.9016162422459,0,10.132555217863686,34.77134223178049
-87.61433602809936,-47.39724153761139,0,9.326592379816997,59.953341671418535
71.49748357584863,-104.88519343892447,0,10.82336214509074,74.88676840510942
12.79427,103.59818,1,27.80110622404896,46.45132591213645
-34.83960366730321,-179.52753866951016,0,16.039738158502793,29.456015429739416
10.13281,-68.29765,1,32.70570942550338,9.829595901569013
1.3621287147019103,-85.12018520643352,0,19.981625723383747,57.32230283116516
74.06841026505998,61.16226918321752,0,29.883635122914598,73.07327619632024
-59.378296238158455,-104.68458321491951,0,41.62352713217227,69.33811224030961
33.56281775280152,-35.74515874712054,0,24.93724306703613,69.1787426496343
58.32896881513062,86.32578753811094,0,9.983158397018538,69.18666799200764
-45.95368994236543,164.50047052801506,0,38.67495623585028,52.039721020164535
-22.74399535988833,137.131408343371,0,9.003322647725609,91.10408350679998
-66.61431202532367,-25.62111568609228,0,34.55305272637315,79.15015653374074
9.62473,-63.72561,1,35.87107411454819,23.14223371376962
-9.80582,13.62358,1,40.154660810846586,27.197526017520012
-62.88624700980224,-159.81860497297345,0,1.7516726753186092,59.30680977983522
29.477181108555413,147.54476841230627,0,8.46282245436182,49.862417356402766
13.96201,105.80766,1,29.657138343034177,22.254205717383883
33.07328,-87.78503,1,39.10127790652169,4.620124053471464
25.660617327057167,166.36458283209572,0,17.32123601488536,52.891654238971554
-3.504842628035547,-123.3424093910304,0,30.785852163152736,75.54360028297631
-51.81917396970523,179.66190434155322,0,18.430995527158213,50.18277762694838
10.14852,-68.66871,1,41.00125317545583,17.267304053164146
22.66162,76.43881,1,30.421625426576668,16.146012401276288
-17.930813525169043,-79.2265598663952,0,22.878253760605688,60.79141387193413
-36.89916716176304,146.80051574075094,0,21.31631738812014,34.10564763351044
9.802364580917995,77.54692130432164,0,22.877119643179597,79.41047809040668
71.06080450354801,-141.56180620954427,0,13.110883859637688,78.28308807155491
77.48872320559386,-17.520019852624017,0,18.01932707523239,55.76486163591994
42.5543,119.67989,1,42.49907180116567,8.889759008368019
29.6972,-91.53448,1,30.689499759302887,23.94501328592327
45.6191372276576,117.4149552427873,0,12.620901987002124,47.401515714683605
16.95613,105.4202,1,34.506964579125714,28.66763078460488
18.18856,101.74428,1,26.730761228813193,23.07113440087258
-87.85319334939649,-171.7116063850054,0,-8.00021332756097,93.85583681159979
-29.62374,116.38026,1,29.183064793318298,21.369123801438167
13.748118469766595,-155.15714329507853,0,27.03829265816909,41.905194776521
-8.735841982558341,-18.642074686641905,0,29.457540482428435,63.7031228506795
21.24605,106.9104,1,36.390533731660184,29.276289483449602
-33.069442111246445,-106.00705158188659,0,35.4241363848555,74.75358645342608
47.250512287364415,67.23690314275356,0,17.448983097577802,67.07365068128847
-43.127526094908255,31.70621596963349,0,-7.688702343063561,36.60103284307494
-84.44439560698625,67.8166175421222,0,34.784938003128275,44.01258843449596
18.80133,100.00311,1,24.792971450043314,21.826728174168093
19.99348,-88.89423,1,39.69316333517841,31.627831201556408
26.49249,79.04525,1,46.19730972567168,9.207809026695452
66.52506354196285,95.24954651480022,0,13.08548638905874,62.33708557338256
85.22399279722248,-176.44209324209385,0,8.494933026900322,58.61920132767103
12.64352,-9.3837,1,33.15571042976754,12.434121969948258
37.93568,119.02497,1,32.94201903467197,23.1146075954205
-83.66399952968277,-24.855038889836038,0,7.676245413000695,82.99885226535454
51.707157928207465,119.94670076823076,0,19.206233557818432,57.784071878370774
13.34902,-88.19328,1,35.48140875883006,9.244445751175858
18.72985,103.85987,1,38.258654376778885,15.474700663111985
66.45730461723338,115.29865439727416,0,17.570256426425537,75.35466886185803
43.31167,-6.18262,1,33.144823841960076,22.744846530096257
-88.41592884537212,139.59134217383883,0,23.315249063494075,55.029812810946865
7.557699512764259,-55.532975389521525,0,29.87567469690731,31.90575017886676
-74.11725488005986,31.723859230588346,0,15.120980353395318,61.299471529545706
-62.46159302124953,-135.27818723709686,0,8.555594953069408,12.758106856829833
40.58879,71.51088,1,40.66586676569905,1.9079482076392331
38.707118358982825,151.67711318477967,0,17.906684632527984,38.81764776436678
47.48001,123.87872,1,30.135652255467523,17.46691157670727
-28.73996326933596,-167.68614661575413,0,19.28060642564535,61.405638582999714
-69.3483266027361,-81.59839270277789,0,15.43555369033638,20.20697620578313
52.19016,14.24446,1,37.19590474886251,28.442196401917606
-14.556170222031469,-142.91105618471292,0,18.794355161960986,83.63120519101827
65.563821215932,34.21891467610345,0,18.441011720412188,90.27042249887081
14.9297,106.96064,1,30.241428453748753,30.178212909944847
-34.502335441500406,51.235574748159934,0,20.656743629363973,67.85439760213247
34.18963,-95.76795,1,40.96482427739312,27.413777676619357
46.47772,127.23816,1,37.82380865687902,4.293273911288754
56.85886,59.89022,1,36.24268318491639,16.853202337235302
16.44742,102.76619,1,40.20588619641639,33.861496088357974
-36.08469083270263,142.7147453084267,0,32.23511136547677,69.57071409077125
-41.02867642595643,163.4500462704916,0,20.324611478756143,45.0545904754936
10.77046,-14.50315,1,40.25348345697143,17.593111034280508
-61.3535282920789,7.586411143963005,0,33.27470608121786,71.45543015557432
13.6057,105.96074,1,38.4207746851284,31.992202660186845
51.43046,14.58303,1,33.4737369661988,7.234755020463288
-47.63843744981247,-149.1274237476398,0,27.264657857244956,53.48537361044283
-54.795172314219094,22.01637856964615,0,21.562384850965103,52.856167352135415
45.32530641181481,174.673286613671,0,28.476020658024925,38.21096440905489
-1.4014823932602383,148.24195740925848,0,23.13106959889325,69.04448034187506
18.74973,80.97155,1,37.24778072016424,23.619296251492948
19.29999719949923,-38.42248079563561,0,7.9683176726707305,42.29596691584845
44.71108,125.94868,1,37.11162592645557,10.902393805579116
24.79693,49.3379,1,23.618994414392056,8.394625536749832
46.41825,122.50516,1,37.83726475717127,16.626551827669598
-4.88669612005387,-102.96466217467594,0,15.085396585846262,50.737873385525766
78.1909228295176,50.421532559747874,0,24.80321554730935,65.79765779587964
46.22255,124.83246,1,35.4447156886772,44.133702263658364
44.63415,126.27921,1,31.474769143765265,30.060021837254006
61.7235051929124,-97.89288185030604,0,0.8267542291062036,70.64694380348972
45.4056,74.75397,1,41.811580755067624,30.900399650405074
-10.079733269786956,-134.6110600284578,0,42.01143500847769,60.24612171599062
16.12679,98.26719,1,39.83979397030319,-7.72881258024502
19.76244,93.93285,1,43.147318979934965,33.543778829778276
-42.49866785026577,54.918821171891835,0,9.529409872463741,84.82544156539494
-24.087844761662268,-103.14874310547256,0,18.79953213844766,39.609923516060455
8.526488170862109,-80.77523195549972,0,25.408628681594728,57.60434920827752
63.950254252279905,-90.26155119110643,0,8.842387723784825,89.49154136244938
-64.74509486829919,-21.79063863194864,0,25.455840662526185,27.826341517778836
-40.585928256453236,83.50586872383502,0,23.546590645093406,54.88057016389219
73.45100178008201,124.94087788008494,0,19.651818052525257,101.61494182280806
77.69795427097253,-173.80331615101483,0,32.512442243595466,62.193405953018996
46.95539,123.02568,1,37.4314647082397,4.697288811288612
11.67095,5.64452,1,42.107213311238596,12.937577785729442
3.69606,10.71775,1,29.245309713487245,4.100619521759231
7.03451,34.17406,1,27.63787752491254,18.6668008181042
27.71942,52.17483,1,34.56942109419117,21.14473866628395
4.11942,10.06661,1,41.42000431822841,1.4475131868094095
45.4634729691675,-126.62838659234473,0,18.356079679509353,85.49669271912015
-7.23943,14.27609,1,32.93695185248855,22.67799559565241
13.69048,106.84458,1,30.772501887506124,33.30594387666591
8.65792,-62.76226,1,34.285524426750996,22.384050347598127
19.56155,94.71106,1,39.66447687822564,21.564599826801505
44.405175237526436,57.69736365836576,0,20.51862088329216,59.42858106566184
37.828374603715105,-4.85384543673797,0,8.816002950928644,52.18872176478988
-26.547602749545227,-135.74190631627337,0,16.53828504270775,48.49218094950008
-72.77939241637995,-149.35070093487494,0,14.488076245477407,59.93422306394529
30.72275,49.82027,1,36.09628211991036,34.134570378147515
-31.735113907244624,127.8083974128873,0,30.18329012969232,94.82577963409216
-74.56408196373641,143.4706250282648,0,7.016496513729143,62.28311135136734
14.3686,-89.63732,1,34.646970016126275,28.138968336785034
22.288181596310523,-106.10044301199189,0,16.428951222551582,55.03228129705383
14.947479989581026,-131.09023585892575,0,25.602675287818535,49.05042642428619
26.240815008773694,-122.83430901461581,0,28.495091349497123,62.092453888135495
-44.98523795272147,28.39236200034412,0,10.851774411421204,32.367953634230894
-44.26884394811973,-131.29066147611633,0,21.949994777002214,73.15192672972434
-84.6911544446028,-28.078299944788654,0,6.270442567333948,30.270285730361724
19.7868,81.13155,1,38.36177705826526,19.656605375871095
36.3037199795351,73.56451994859407,0,23.496233028981003,78.10614267493348
24.801999754449014,33.39574544372215,0,14.491671003170346,53.9845633159681
-17.36179916680821,-168.61981593844854,0,30.1042087396658,60.41733413756858
43.66351,73.75497,1,38.56779870413662,8.514644030049933
10.27649,-68.84583,1,29.54040296989541,22.15907920447154
45.80036,61.65322,1,38.62351643646809,30.764646165257496
61.49423969423026,7.884032508071812,0,16.860682510204462,89.15438745877022
45.67714,125.67011,1,38.88426500448306,16.07091585622155
-55.738295603431396,-174.69990824123494,0,5.557250043217081,46.60944029878456
45.56928,74.44322,1,37.54226138893591,20.285959197738528
71.72581479424827,-8.757605773062238,0,2.6926158050212514,48.86136809604443
28.91318,19.7812,1,36.671125579409235,15.07020280801243
7.55253,10.76532,1,33.198379764171705,30.59920611949494
0.00772143966855765,-167.2460689574999,0,21.420618776388018,34.73346123214182
-56.16661186038055,27.41957606789248,0,33.75646627828505,68.88579677007934
-2.776173692127955,142.14089401092394,0,14.824361529313073,63.991630884192226
2.067335939979003,170.3758748293601,0,17.721932238627765,41.63528392905208
-56.67177316493414,50.25638660938904,0,22.600411102716834,95.7943400870449
43.61452,118.15324,1,34.283436928062734,12.464901530673309
20.22271,100.59624,1,33.895326692271915,26.322873587394444
6.90247,10.73089,1,31.24638510058413,41.74533034951571
-39.59940908829982,136.73289524115057,0,31.143392739620488,67.4570966470276
19.36062,97.61359,1,41.27123859074452,28.020552239006065
13.29695,-86.93548,1,37.52131659183293,15.274128010869127
43.318363968455884,-87.39801662374325,0,17.657253338929596,80.30981036344865
6.54214,-63.40857,1,40.27874489625504,9.08348898170953
47.39983,122.88666,1,36.634859337339584,23.565287779999178
18.86969,103.42438,1,34.96557709655287,27.623269279341187
10.20427,-66.96516,1,26.717715317209766,18.16784818195191
1.64441,-60.2998,1,34.50362272781981,12.852153872208799
52.15839,10.41781,1,40.881114828413004,32.46590384730284
8.28847,-82.03693,1,33.62877667887065,5.096533856367316
8.50787,30.22502,1,38.87324512545299,18.141314738430545
20.73499,84.26157,1,34.21975171351819,24.965094297171934
19.76822,93.92444,1,44.53411292980925,15.652314888611588
-32.8046,-70.95282,1,32.18786698125069,18.92605049508555
13.95327,105.80902,1,27.118380697308684,15.416909378624904
15.21927,100.60499,1,34.0943765722874,21.053656890848618
-8.41436820399818,-120.95348116400426,0,2.475258441633766,80.7879119755556
13.575575411211517,-28.616257383394725,0,22.518566754964706,45.55809317121361
14.742457511521948,22.023559678643892,0,22.91090164835694,87.28157114711252
31.27211,48.11474,1,37.06291183261779,16.242677263257953
75.5513590085815,179.64666456527698,0,15.5504701628262,50.87948713122295
45.2638,126.65213,1,40.94033849925329,21.720901066292438
-19.641737334412298,121.43595421393911,0,17.43194580173911,69.60882620410442
5.70527,8.09404,1,43.31541583866306,9.625538748196316
-42.189105304880826,126.44760189729254,0,30.79785560456989,46.94221047213473
14.53139,-83.77452,1,38.50083474088491,-12.510549757562927
45.41444,74.7568,1,38.13557920049108,17.216348798708896
8.47384,13.30234,1,35.97827908554966,7.2902390422707235
6.17897,8.79841,1,28.936085137576242,12.496374215874386
45.65993,122.34195,1,30.257519128410124,20.576122460530904
65.64706662094179,35.529723446419666,0,4.478248932118305,71.41441023324651
6.100533955869139,132.26975358298972,0,41.54805129058811,64.90683653194485
45.33475,121.82362,1,28.932750361672483,13.118582507864787
45.32206,126.81387,1,39.4820234390209,35.82211086306345
-20.05335055588374,138.77879190629722,0,11.449162866875385,72.9866050952457
14.27521,-87.70126,1,35.51365552886685,16.385079026921808
79.35755310142477,-47.9136783744535,0,4.56831360081253,52.521364520259354
-80.97433928679342,-67.4859874831352,0,27.389848867279508,77.41684103172844
25.747477323873596,-132.8592882573792,0,17.017286701065814,45.42915931324104
30.89281887022085,155.0076005122616,0,26.14311765847924,51.46618889768486
-37.11550187772446,139.18027326863165,0,21.771419146498946,81.73727527137372
33.67049067543897,-109.9791596277712,0,23.383309334876188,72.13268688847123
8.64594,-62.76393,1,36.571631155905216,14.856267771187586
45.72731,125.74937,1,40.849909883235235,12.353274676494326
-76.98051298299156,126.19876422447828,0,-0.05613951817739604,51.968233094915846
44.73057,125.51543,1,30.486310410019648,9.103999024883711
31.56884622679962,74.2879196348056,0,13.176081620511724,87.59685923887949
39.43707,118.46755,1,33.03622278274065,11.880560119626928
7.8928668305250795,-132.27639116742787,0,24.798960570621098,82.70170871180439
21.30201,-88.05756,1,36.75804761535516,7.447236955089524
34.5541,-93.32573,1,33.18001691577117,14.613747667209596
53.35054,12.05548,1,38.33435686521321,19.74088707115491
5.84501,11.14928,1,40.92180943771797,19.636940162480894
30.97805,-86.91042,1,32.82661786246125,17.971351793058556
-82.67210250274584,-18.310048497097796,0,12.472855629056555,72.15343902591441
46.31673,122.32973,1,34.24962822651566,14.919073209028605
10.88454,6.00106,1,32.49226351261228,38.973897468781004
9.98346,-66.20364,1,32.75817261323326,14.134955455611756
64.18963830877007,-67.02527982722371,0,19.986833081784162,63.1066421825172
-32.483790725857965,112.48939323819059,0,34.47220985095919,97.18068854791332
-64.17800055177553,-22.21466339455489,0,14.144423422683204,100.27251011154604
-37.194048833849884,-59.64664203137693,0,26.361931174241008,33.14229139435864
73.94185556810316,-164.29678932388384,0,31.467357643860097,45.414152023418005
-13.09392172964202,38.73525733353739,0,18.667830363576424,57.362268274001046
-40.279136909938714,-142.57926281456713,0,34.13526724861424,67.33407327146938
-23.870551994517,-46.86807318856063,0,17.042055388552477,82.02096909400304
14.2712,108.25299,1,16.04713978351053,31.270311580340504
-86.31233381999846,-43.4921786421441,0,22.823569324359546,72.62538092549708
-6.4625919338202635,176.1958039015011,0,29.04857475004653,86.25714926256663
5.71297,-69.76758,1,26.037041976278367,35.662279331202
-55.972565612659224,102.3752011291009,0,5.392190419766074,48.45292795604353
13.19741,105.90771,1,41.38569129257627,29.278938203496654
27.351911745860832,-44.033343306763186,0,24.189425378777145,57.344043426911206
-21.384275101555716,77.25667052068883,0,29.294418940554014,45.52022709242148
-40.501189248533464,-39.72713330050087,0,27.77678659765887,29.375119458010563
10.00944,-68.90913,1,38.737078329345835,18.969417348855764
-52.633699163723044,-166.8611936113299,0,27.034227647942558,64.94475728697206
53.74105268514717,161.1346684476489,0,22.04363514236361,38.147354801458974
-58.55757150968966,-144.88410360720457,0,17.182118325015416,74.55936106705022
79.95048092472882,-133.99165481257378,0,31.882150745675272,82.54480167175802
66.39490549476199,67.5648595263115,0,19.964067059590313,87.03226026096496
27.78309,69.37959,1,28.680246770518647,4.121566834294828
0.7069036174104042,-48.577095575234125,0,11.417789654425592,37.169591335379586
-1.37688,29.14036,1,31.421862532784772,36.59152063710804
35.14487255098223,162.5637729075076,0,39.32386747669415,40.8680032382115
-14.23862470933095,101.79386580176578,0,2.8292521900423395,72.28527929607125
69.12050450491972,140.77025766917933,0,25.176318876422012,96.08638840283584
-5.459736456567256,-172.4575808949571,0,11.509322102473794,61.560451654219776
9.58113,-66.9287,1,33.25841411804778,18.2725663503098
-49.80142462935737,-75.6212015907122,0,21.162369194100073,81.82354307435685
45.70063,47.7664,1,29.64887924040549,24.243657944954755
-8.925648263098651,77.50275272102755,0,12.551669084809658,63.23147060647018
-2.8209620234753316,35.00355375106054,0,36.272191848535655,94.09517468325888
43.634809106542235,-122.26018916882177,0,12.718763764758897,51.69073904800765
45.55386,74.32495,1,27.313259586583193,28.71554593925041
27.50108,52.62784,1,36.792784243539074,6.96349176269295
10.19551,-64.2344,1,37.755101643471974,26.136945538873896
18.40139,104.43873,1,31.9468432717822,2.6749675567114153
44.60518,125.91674,1,38.356820776145995,14.636443864500315
-44.49310616171945,-67.6383529907547,0,1.2113445134437768,40.89813108830051
72.04249371120054,-44.09900828341961,0,24.72379920670852,94.19158992048843
28.49937,-106.19221,1,36.113600932916306,18.131314846200187
9.85869,-63.88631,1,33.425051138880804,23.7159555710966
65.98627994195056,151.21462429970876,0,19.313012703836936,73.44243759919215
-68.74268719068294,19.689997163691913,0,9.730260926797152,87.63239128593335
15.92894,106.64653,1,36.08446614856145,11.408397828131934
7.33708,11.50605,1,31.053044718909057,25.844953353807895
14.54578,106.85832,1,36.02499552187315,13.929356579379156
72.04464439220561,138.72135728895677,0,12.791249025767614,80.23472202810615
55.85854404028419,-15.47116836333879,0,31.127729462244094,43.60000066966717
44.013330732946116,87.47679692722903,0,27.23816577233589,55.195830327863376
11.69664,7.16624,1,33.109381939472264,31.88725728260875
64.03825664880671,-111.24999974994383,0,21.916507455604492,97.70705520242004
43.11553,71.34657,1,42.837746748967206,22.130704195833648
89.82651699085613,10.35907719229536,0,27.77502115703799,51.00781402894889
87.65038532836144,128.43310109948231,0,26.527173217400474,89.72532754634616
-33.33246656413183,53.64054644328883,0,9.029951359005358,29.229380131494068
-28.325421217259745,115.40580321912779,0,26.648453319975367,82.4437155423383
75.56763915475278,87.44602772214762,0,20.105836674775873,39.49547181230339
66.08027380735342,72.92344988698358,0,22.933614872958906,57.57129806378502
34.87422,-89.00198,1,32.663953077300064,15.5537693233172
40.29128078874902,136.71691148699864,0,11.575807500233298,76.23906871412174
11.21487,105.99072,1,43.356235511178625,14.385531323146601
-0.5653951789618787,-45.22492610069884,0,-2.010011125020604,59.48053661368343
45.56718,122.61507,1,34.04141677501656,17.291340728382245
-66.9357073221858,-171.36298253411027,0,26.099885269728407,70.90168691684411
47.11612,122.01419,1,36.90423662437469,30.314002041798318
6.5954,8.5442,1,22.57942282869455,17.85792318086142
-63.96239975612097,-26.332737899580934,0,21.382732945505563,55.34815303850574
-59.781880381292055,-25.907313127466693,0,12.120873845610124,52.13236745382142
13.60401,105.88786,1,42.38033213238412,13.508035637305454
-41.63763378728397,-43.09981645404923,0,15.656317193249693,30.027832292491627
10.15112,-64.35771,1,39.975388239330954,20.235422010248993
10.03423,-68.37656,1,28.945594851429334,29.83476512316168
-46.312031578875455,125.81511099239543,0,4.132241751173822,77.80290503887721
4.98001,112.98696,1,33.832856153613726,-0.3087079927285039
29.8861,-90.96395,1,36.643083694871194,4.8745726700446
-43.389610923639395,-115.63763382712963,0,4.930840148783277,73.017846098228
71.68109906134731,71.83145688610088,0,21.720067459043296,64.36717356331033
-5.53937,-80.87756,1,35.57832945404787,28.42136046894958
10.37219,-68.35514,1,39.92229613404253,7.191592648415501
38.811389410932605,-151.531136549624,0,23.39045677129512,54.46971809697406
35.5741286930172,-156.83458465376265,0,28.741147082167554,28.295976880629723
87.03783959282654,-61.35995623634341,0,18.595382975310926,98.86882195935377
18.19175,101.96011,1,43.420465152405775,18.381281045546867
33.41158146604063,3.1648553279066505,0,2.8655314825051086,41.87934822841339
29.28584087301101,9.49915654812122,0,25.485353018124528,85.14294073378379
-3.7506201092066505,68.78225754290693,0,14.275422322323841,26.855863878783516
69.06257338186137,140.09871341659573,0,12.45875249756541,71.5697722575827
-1.3960199799218458,126.63405192298325,0,23.79627117659584,70.6444347688201
-42.38747424647384,139.9243116192908,0,34.81876616496369,52.156573684447594
-60.52818588416872,-177.15167287332721,0,28.640181352450426,67.38285097616313
-37.82919,143.48714,1,37.08316563389449,12.923976703876185
18.92248,98.32188,1,30.422175489992547,7.987380619412242
-61.42971645534834,-129.46262177106638,0,23.474660689490406,52.24650556777076
46.43226,123.04747,1,31.229053668671366,-3.2357766144026954
17.10238,105.36338,1,30.767742956677285,6.250493499427485
47.65884,123.83359,1,36.12539150940213,25.124652205239236
15.62212,105.90894,1,28.761997873551408,24.881451032819122
18.81129,103.78236,1,32.11819464948589,13.497351340298223
44.79984,124.49202,1,39.92268710053603,18.293951202354517
33.25274,-89.01183,1,30.03674970733677,18.913571958308104
13.24371,123.68756,1,33.92155908109491,16.870894418311146
13.41631,105.74667,1,43.02552416865365,15.724924181390278
26.659784555981744,22.915800752990435,0,13.406702699666788,62.28372218677755
30.42583930733062,-162.22874416557465,0,21.238249390154774,84.19133079036165
-55.71330111694772,24.17849936517493,0,27.374658941183867,68.23460696006072
86.4381571209253,44.08562942111885,0,20.851896639712695,72.08566300010108
-50.54270532575723,-56.01196337438725,0,24.97029362876701,53.38688438951648
-67.73928766911544,82.03984451092873,0,38.419507701462955,77.2043326965321
17.83747,-93.11356,1,32.4361410307611,7.755714877284168
16.02595,106.48019,1,37.2545623969524,13.612279473341847
48.16689,122.88707,1,39.06029336546167,17.710957505189633
40.771493659470224,-11.194511075100422,0,41.258823047777035,41.679199213581036
-19.136532224858243,48.12416818070233,0,23.1651941356761,50.25823012764601
-11.00371977472389,157.1911578066116,0,30.686865935319332,68.13993703742659
-77.0436691637705,-158.3463639030726,0,-1.3161805585334605,85.93623650199854
16.32317,105.39671,1,44.542372361392616,28.360518538717194
46.62683,125.49752,1,36.35938014611056,10.798083062164508
52.79529073498918,85.63318142015976,0,26.649404710803175,15.330687937763578
51.620553375820265,-69.50871039381573,0,33.80418705606591,89.59421949809456
10.00348,-66.57606,1,35.656231674448655,19.576628956163994
43.17928,124.17304,1,36.3821775234206,17.406396382835535
37.15655,-96.03394,1,30.939825341723843,17.22115955419286
5.65394,11.69161,1,35.29250435647093,28.78984140815185
40.05663537140586,76.52041070844507,0,19.39819046428559,74.77837864090336
-63.40746081952103,-24.96429736107629,0,25.261309823420362,78.09818549780113
7.55739,-12.26071,1,33.43180750080626,16.115805139292974
-34.66229179605168,-49.85931982133053,0,8.552200904707927,54.42728781456423
-7.729355698105451,52.519446452262656,0,16.4871081716973,63.60049829082462
47.77698314533981,85.49619725047677,0,0.09276282891169885,67.91807779513215
-77.96048690311497,-126.23449236661972,0,15.465861430260563,30.01836952307243
37.56502965166669,151.7181501627436,0,31.041961247237555,66.53281659311413
-48.01580767096633,-146.36099974424374,0,27.286946292747338,87.10484800117707
66.63851159107062,-143.97805184365512,0,8.124220046186979,67.64029167175204
46.835515155328835,-51.00173537497082,0,7.147359916152121,67.74276227544308
11.84213767667326,42.9521700013496,0,31.004225241018972,84.57035196635334
40.5050479470797,89.82901729499406,0,23.68514072484831,89.29782264895707
19.25274,78.79559,1,35.66769272707805,11.827414577849554
81.33050688099038,-103.03588854633058,0,24.692660428588294,78.90175745618421
11.291946594634766,43.011906051550795,0,19.778200750775092,32.079428209214434
10.95573,-68.52486,1,42.47341876081976,13.532863353852449
15.904832477081484,12.599390468073011,0,27.676750240811096,59.6400208742831
-52.98751277592333,57.99102913239415,0,26.496620720185593,64.40868091616953
-34.42152306015507,-11.286167258214107,0,36.70141523983425,49.98784063100061
17.09016584084624,177.08479284641248,0,31.054337625139,71.69141269881031
5.9008,11.47553,1,35.1188655464472,22.300869189445482
1.04265,-60.36108,1,28.72626391358394,41.303258657437766
8.7519143406371,-163.40805416169337,0,33.635818591980225,51.30207949045731
19.92284,98.41148,1,44.030125609290735,14.415792168348496
18.80678,80.4542,1,19.489257395405403,21.759736035759584
37.34921091339733,87.61065002870794,0,14.342281970273268,37.52377638616083
9.93702,-68.77682,1,35.18872320445373,4.650401769629402
-78.59380011303138,-2.5460266450774327,0,18.32898294641722,84.00843793279846
45.43707,74.77836,1,36.0784897737204,12.002417459817288
-5.487508102480589,-137.09926656838573,0,30.92866706779018,78.0540936858163
20.99743,81.41468,1,41.15741346837819,23.8055598186469
78.47297763112704,-1.6939246425659746,0,20.185308273639304,29.25785798244817
60.46659052849074,176.13019473212557,0,28.09874692858846,70.71568340753475
37.71414,-76.41824,1,30.005045569657305,25.5068395563254
8.29289,-82.03408,1,32.50141851413924,9.36812912945854
6.55043,-63.39605,1,35.83851287322359,19.87242643861406
45.42581,125.88995,1,33.527615062371886,26.085188158051068
25.47078,50.79157,1,42.1105537858802,20.227346654465006
56.585474653633554,96.42691398853395,0,18.96929059389725,70.8520134770002
-75.62321650099867,-145.122750696012,0,4.226405516787386,47.72999681859951
19.82728,98.15765,1,38.32474386265178,45.74851963105381
-37.88562,143.83852,1,33.315611053423545,36.52176110297241
10.03127,-68.64275,1,28.975930986291356,23.94255851109158
9.95579,-65.39946,1,33.24321660111213,30.760574402029263
30.86216,47.92942,1,34.09760881814293,38.92107561517865
47.993196088220714,-19.036792957884472,0,28.134849450007756,44.505565642565465
9.44117,-66.20595,1,33.77160058950633,20.913458098952518
18.10887,97.4426,1,39.22292076738095,24.703414829497905
-63.13112527518436,-32.17012983877717,0,13.650509587210491,56.89797457270768
62.64020255135071,86.30997869809244,0,26.088101656426403,56.62495246158723
-73.41070532424969,168.9390955132758,0,24.69317396499452,67.51440827825748
26.851255285711773,37.215192845469744,0,18.6074873235078,95.34530189364847
-73.70967708598403,-96.68819578295765,0,27.71687809262793,93.0229759322545
33.25467,-88.98957,1,34.29817161419456,18.103834284776735
69.27803385329173,67.1399787644022,0,26.467494258899478,60.794676844682456
7.70465,-12.38913,1,31.461877760496233,29.79419910756853
27.06179,49.58115,1,39.39371079644048,21.430627612163978
80.2066473888072,-53.957809052140135,0,32.17628109787937,60.1066635131437
45.79612,125.80746,1,39.91437510130834,16.397446119475536
-52.44353725748242,-1.133733339313494,0,12.121340831919206,72.88583479549095
-73.4562658506729,163.076065007774,0,27.903632565544243,77.48339216875769
77.30288390549805,-107.29376032905601,0,22.66153817031398,82.08224522288525
89.25554016625091,102.62487628869167,0,35.73263994747672,61.04757088120302
13.14673,106.18731,1,34.938443973211086,23.238408886907095
72.92387170672225,38.55145005860635,0,30.102318921484834,94.1909299773342
21.8947,76.47203,1,40.391743811938234,24.597198542639752
6.18291,-10.18489,1,40.41936446938101,19.756220597377048
16.75123169746624,-102.63596671127695,0,15.327803841769963,87.23570611628568
42.3274,119.66532,1,47.775775687352926,22.63758331630443
35.11311,-96.14357,1,38.50379294188478,23.823038304600207
10.28168,105.12816,1,37.849127484833524,30.252591686590648
18.63196,-97.98208,1,32.00586497251669,24.77745408203611
9.98216,-64.37418,1,37.81921029463345,7.768010960299774
-9.001503431582677,-118.15490019309274,0,28.358519785806877,112.87180326355903
-80.71375822477549,-42.340274834250835,0,8.386884734726936,50.41965404745019
45.97897,125.35462,1,38.78983618158136,24.3969926738691
7.26172,-62.51133,1,35.326770720282624,19.568793014404264
33.914392758247814,-31.652877709420068,0,24.000214681976267,19.994523313343407
10.657731817139535,-129.58187332610584,0,13.059154207831998,43.15468836380906
-85.40062048641393,73.72095159594983,0,9.31999057436052,98.2956756176868
46.22725,124.82441,1,31.667873608641557,21.903107293312633
-53.57033536715959,149.56603417317802,0,18.09401013251713,68.73791572593183
67.24256670315617,-166.4959314329079,0,24.98645402128495,50.10620809671336
55.33510690896168,-94.94601361826962,0,14.193096648040079,62.85089771593221
18.51448,104.42277,1,32.83513002877742,-9.634287790414781
3.23063,10.1859,1,28.35822270687789,12.617761709029626
37.66389,-95.92241,1,36.41757107038298,8.798745945866028
-19.477890844279443,-81.8101638880175,0,28.224976995884035,81.92469556222949
9.62386,-63.70913,1,33.180285585056474,12.61650038514145
-78.86920729763551,-9.780539753790038,0,22.659665720426215,62.53598220403674
46.34033,122.05187,1,35.968337658858374,11.573482410865893
-33.45732694265461,-103.75726339259518,0,15.116383060713222,56.93908854064669
-81.02402553634113,-169.50186387263798,0,21.299101778588522,94.75357866903994
-73.0477633570952,-83.46643542901953,0,22.48228920608219,55.65718120800878
47.1089,122.26453,1,36.982751708267635,18.39940421954539
17.83735,-93.12466,1,40.176009947759546,22.178631171730544
-45.14947718652179,-39.114541633375836,0,30.553602227658544,69.1034609907436
76.68606220330506,74.74201865775171,0,20.02513041685833,52.62570579112688
-36.33516,145.68932,1,31.942820666974598,5.628892395143675
18.21084,96.73866,1,31.933125946308564,32.11956352815373
80.85839523447765,-83.17894982801843,0,14.080620836074797,78.306219660743
-86.22083648016043,58.31565188816168,0,37.827541747403465,83.53647314489004
5.13115992063895,-144.86407708784623,0,7.204481126798674,42.23583076481343
19.77613,103.73352,1,43.03888192002379,1.8307547759587912
19.49685,80.11333,1,32.55850573655705,22.083821157910855
45.50766,122.32056,1,33.703004890432084,22.20084298957467
-54.107063962577904,54.43829217046937,0,-2.538779425940689,86.99015496758375
-75.50861835452473,-153.97722555786828,0,21.209995745637208,60.629513610624144
9.9592,-68.91207,1,40.06438634404465,28.288687615715965
47.05256,123.92288,1,31.501264339552247,12.95091200303534
46.4883,123.33387,1,39.14033355473192,15.864654701066277
-10.766244527541119,-75.50466711233058,0,13.859226517973763,83.49860658389915
13.99284,107.12383,1,37.12912041544401,21.003107032299788
31.589388568834977,-33.02617900601959,0,5.959785550631908,78.26853234265101
10.5067,-68.4953,1,34.810878216132856,20.993816489673197
8.90449,-63.53995,1,35.75645839669113,15.317175747596774
31.429503933776317,135.1303493366974,0,25.55333363712184,70.41513877157018
-21.771259136838154,-16.847581258341478,0,9.343758141325038,38.363782716920966
57.18930985084333,-18.880840999886914,0,29.992111562039238,50.693126761419485
20.81921,100.21814,1,27.609776046021242,20.688949561602353
46.12056,123.80315,1,26.18942889096218,15.989687353123728
10.27787,-12.94541,1,44.45208340062491,16.682999401561307
75.20359558700633,142.10505464955264,0,1.252428948669305,52.85758223934471
10.15957,-67.50584,1,32.2114953680531,20.004918226348952
13.607,105.96969,1,35.730174254109485,9.680713208406198
60.4253903073419,-88.70341314894007,0,15.425551903669561,48.490121126308686
10.08467,-64.50133,1,29.865211027828614,21.801758053581743
15.886091466708706,131.64109830711539,0,21.09686777523913,61.33564190945135
-37.263662049062624,-61.75644416834385,0,31.476418137349768,63.26047975864251
46.31578,122.23579,1,46.89249197614892,5.460507726166631
-70.76436999571101,146.1045173569775,0,23.564034307986386,89.40096394067258
-79.19321936910634,-29.15894576049513,0,9.944723887067063,43.806677342260386
-14.79704813051903,-132.49274519069226,0,33.590687073585514,55.23528433193684
0.59511,109.0109,1,42.966372476435566,2.6634948744053872
45.47666,125.69664,1,35.61068529076636,3.9246385096437777
40.65917,114.10709,1,33.81836075833881,26.59719163736744
9.62673,-63.73051,1,34.92100378133994,25.22333225920886
8.33655,-11.90308,1,35.003626997769295,40.47697763996174
7.6465276802261,-178.39373428941673,0,21.22082260521431,54.61507542097514
39.235612309071314,-127.35926261400385,0,35.67229119601858,41.505348483001214
47.50814,123.29568,1,33.98100307531759,7.048741592899223
20.89227,100.77507,1,35.938852544212935,15.13986322624464
78.17346997701745,-156.21215686749122,0,0.011086527300022908,72.05065452179508
16.39706,-91.35078,1,33.56234019639254,18.96896608322573
22.20118,79.85356,1,28.062216072858266,25.91996199280016
89.32531996118442,58.58950163278732,0,33.95706084377256,48.63671449541779
-28.495454142332527,-76.25077684737136,0,3.356438334891937,55.617306595587145
-58.4798993533309,-98.2115762699201,0,22.74714446875972,28.715145696179146
29.07393,19.06126,1,41.98298900682052,4.018625948181443
49.04802289880695,83.7641889175091,0,11.842782075152586,44.761077994265044
-73.23787499699151,-119.2302357179723,0,2.512994608174786,42.843376978949564
-61.00816516882226,143.40183047397426,0,18.00706658753372,64.3973646171976
12.37592336376467,97.83558628924027,0,12.30345489105332,56.90269821363819
27.813879628945813,30.344733131464523,0,24.675296291873963,55.430966880526746
17.091328437069578,61.615299335093,0,32.07491012400556,48.4539603876152
8.12985,33.80046,1,39.957074275757215,23.728974935567166
41.83622496905821,9.71928427028044,0,13.63518971852248,64.53275468390132
6.2019,8.56508,1,34.201343102856704,11.576013806706626
19.5917,97.59261,1,41.16225426364838,23.416243975244782
5.12896,30.427,1,31.24100078650447,16.69102264256533
33.979243311385986,-110.81342095964776,0,5.988082060293182,40.974988508920916
75.84176687933024,-149.3269039208356,0,20.27377789019678,39.56611422233976
35.31408897827414,157.3854912720958,0,24.136829491218748,31.629590111383912
15.44149,105.87495,1,35.5533883627331,23.074054486314232
46.63718,123.1539,1,23.053178958133973,26.947882720501386
7.07981,15.09721,1,34.87281785003489,22.306896337502295
82.77763005705205,-51.57683984902525,0,38.143491325329414,26.869598655777594
1.11926,-60.17808,1,35.7743770911607,43.45674565276386
44.506281702297144,-12.924283177355818,0,36.7316346600996,69.09926591768448
-78.47940671879992,-134.2617735969001,0,18.476042392716728,59.6631697409184
10.015632797712698,41.15635700284176,0,16.71949321462713,51.26456829420632
32.102119936689675,-62.4885696525854,0,18.854669030626297,55.63657931983918
48.97383272056416,-43.049627407656345,0,24.01494259635778,54.038116098568054
71.3088876040234,42.907896797519925,0,24.815887666806454,57.6215534376021
-12.969108042913902,-139.51492975637416,0,27.714972537019356,55.83066518846551
17.261453732788198,163.05051110655637,0,26.5727665647208,75.14414994555855
5.3365,30.57879,1,31.208752658580366,35.67475407308372
-87.03446140245975,-114.92270802958669,0,19.747934432839468,89.87582303021465
15.76603,101.51433,1,42.55766149386927,14.864075769386105
57.85949912266938,-128.981593512826,0,29.319341984642225,51.894234637148
62.47268109599767,-121.35787863788252,0,23.33004520619825,87.91243261323206
-51.361123319742724,140.64216317494459,0,20.149059110459834,66.65650881368289
65.45567129233336,51.784281804518486,0,11.130247925144,62.746124159718114
59.41753879531146,-174.6714644527997,0,24.031439583664326,56.61227671497457
-3.6643857552526384,-47.25595925523524,0,27.182355588540112,117.5484515462275
6.99279,34.27842,1,33.764139437648026,21.098073517275914
46.70002,123.11961,1,35.59968518967622,31.13841426520313
18.8951,103.05354,1,39.87924629089984,8.625194331202046
-75.3431660501946,76.97755959645406,0,9.306785816854426,59.33287558425113
19.89709,98.71918,1,30.73639530971258,20.707639257282654
13.88288,106.01794,1,34.60535607878491,26.18767128361822
22.41918,76.93531,1,39.032406998000035,21.723764174431096
46.04367,48.68291,1,31.388985919439683,7.452957689899101
-20.454050868423536,-139.56083926082988,0,19.335387881360216,64.47255159962936
14.67781,-84.43713,1,36.73621160994021,10.94726683675262
37.80142495069073,-99.39817618518694,0,16.636716702819964,56.825947661682335
-81.68577186899485,1.4763139363129483,0,24.222224710302687,49.35437054010998
-19.47872522724228,90.62228641625518,0,21.04137435293336,63.40572415983806
52.63356,14.32773,1,22.396897233850364,27.981287726925665
68.19195205658457,-176.0394049744075,0,12.6855559477879,51.55762572708602
-7.01404,13.80707,1,37.97159064774969,13.283434239958074
19.8873,101.94444,1,42.74896710983776,17.190417744628046
16.88623,97.89117,1,29.240650975374916,10.736337241185247
40.877869821653405,90.10169799891088,0,27.978203068301454,75.89050657729247
-83.35596973439532,-85.82745062901039,0,12.08220246984968,69.28708570059716
-84.95277071666835,147.24482820436697,0,18.45407561868838,45.64617119088507
12.71673,34.26219,1,31.32734605311434,33.645499852017316
61.67469511331953,-153.34442373917983,0,22.71059574258841,54.060839230498004
47.02947,124.73093,1,44.397353024413285,20.55192611023031
-41.44302447658744,-77.67976522543792,0,5.888106384379652,75.93117590406085
33.24428,-90.12109,1,41.26575454779352,28.298775165687715
8.5867,33.22609,1,36.27215935415919,13.08686719311086
18.02131,104.3103,1,38.291766513814125,17.177320342153426
45.72682,125.4798,1,36.644390806286566,21.796637608985787
19.61356999363271,-105.99076853601215,0,31.123020498224154,46.07719518552228
0.58633,109.0122,1,28.846227395417692,21.600037436652258
1.5454681658510623,58.641572001390045,0,36.93919698419875,57.023967756372
45.62082,125.15065,1,27.780148690328275,27.904552506289384
45.27658,126.08991,1,26.114659347252804,14.586801582783107
13.75262,105.70737,1,37.22654738080129,0.9138889797127234
-62.859637615360384,162.40442771582235,0,30.616279646818853,105.22247401540176
3.38446,102.78635,1,33.21668956041171,-5.131454904595927
45.80799,61.68401,1,33.32485822618326,21.734052944080567
1.834377697099825,156.299166499605,0,17.4896551517366,52.88106517854185
65.50964500138258,-37.57553107051052,0,28.16245867376783,45.83917564744635
33.62973800694009,-93.46041504588267,0,11.48314493291905,66.84633848261223
59.66122041354845,142.1324520578097,0,30.711681764347766,72.58724051315137
-40.15357068268631,-48.80886963083631,0,5.549414636454724,50.27506019239456
-35.44517472208581,90.48817095426676,0,-1.022003396390609,47.9043018464288
-59.92224411567387,146.84732753137018,0,5.752016361680196,49.753923535628715
45.39858,125.73692,1,39.36470693665949,44.992468197491576
36.77137441523374,117.74431165463938,0,21.166728723501656,67.07763462776836
31.941656947284798,-136.596548587291,0,37.82591519282201,62.59603706884168
45.34632,74.08401,1,34.94472176192636,0.8080897323356702
14.05618,98.46415,1,39.46476140877865,33.76703679554934
-72.48649186942421,75.97316988911732,0,18.555447894279645,77.07327030614792
10.30897,-64.28593,1,35.866186801425215,26.757997914571895
-42.57181819833568,83.23060679146124,0,14.471894188967797,84.5248332083184
48.58304550998773,109.97569126570454,0,12.603887036067704,57.45870635388361
26.85723,-80.56963,1,39.421617354190154,26.84424034001041
10.18677,-66.70834,1,36.50281226336291,22.12711009192412
13.235830534004364,76.42301107062985,0,36.4272624946899,64.78105799856661
-57.64624531726434,165.80538780609584,0,14.607791437818571,73.05283654432554
75.74380287655325,-34.01656646411337,0,19.369968631028815,60.72711011205411
32.70319,-94.19815,1,38.43708546675523,17.549135005944446
13.74631,98.67789,1,32.925709269005786,12.034885072616074
45.27391,126.65002,1,34.45126241410944,12.262270644993407
51.65651,14.23427,1,38.79816068034184,15.652345621660434
50.93332,14.79889,1,32.73747004893493,32.541230546387595
-78.3893991148597,-130.92140694010723,0,30.324036027116254,50.9771910318033
19.53306,102.45201,1,38.278532287573036,25.822511040548115
-75.3992789347836,-100.35697393962121,0,18.34561051911324,55.03467542746695
6.840685219149009,22.148485723813707,0,19.27445600886482,44.976039003121194
-21.03224,137.63918,1,39.53599688104215,17.608275545130198
81.33518679385196,162.33303822613954,0,7.278372659324974,69.99551623828337
15.915806606433108,3.7025085490404592,0,22.897738516171554,98.48496936950424
1.84374,101.67624,1,30.766467864608067,14.22172130844222
11.577997978386975,-133.19139112062922,0,21.44017604346771,54.03050343551103
-7.984069172347731,2.5980947831085075,0,36.547854475904856,69.14486768439963
34.55107,-93.35107,1,37.76389587706541,35.39701741951773
72.03373671400647,128.16996731515258,0,16.18237936501777,69.13639989972066
73.09619791648612,-85.89452997070228,0,38.22091003851264,50.88803259667563
-84.00243274292237,-102.76851619796884,0,14.65045157699873,19.634754456145345
46.27085,47.85608,1,28.480333326215515,-4.030500483611469
30.94554,49.88469,1,45.33106592329213,30.317591917206514
11.333966150888855,136.02162961531786,0,16.329541842513443,43.51034994538192
38.07491,-77.29044,1,37.75343562312161,25.25713750949405
8.02982,-1.42932,1,32.950294507632016,17.632098855481498
25.215473116307194,-58.73216776697683,0,28.031159359306283,52.54314193906965
-63.448401267065265,65.93364413583103,0,31.00850703236317,61.11908744669923
5.36241,7.83315,1,28.05184306339132,24.41901540247973
-17.188846937995052,146.28360723568704,0,17.8780518309152,90.52515004190465
-49.02314297465699,159.70671808584706,0,25.45038972853552,60.62603394280107
17.84209,-93.13072,1,35.853827851815566,33.70861148987072
45.38457,126.8288,1,40.62545479829729,35.43788465074846
19.44828,102.91983,1,34.371599040805116,19.71957883422866
42.72087,118.97341,1,44.3773552010671,22.20519660225527
89.97795184187837,-158.6656438925564,0,20.628657641239126,54.27228452779355
-52.20791900730137,39.920523714253136,0,13.849494916282334,85.67190847126005
-0.00761796767000078,-121.92694968434137,0,26.697344358469703,68.1210260709334
-4.942458868057415,-90.09535616266203,0,29.353592511814806,89.85228235133243
73.46899186966695,-62.714708018719676,0,8.15395149037828,73.46640500301919
9.91791,-69.17067,1,28.356588999661373,25.077409477737874
8.69881,-12.37873,1,28.461477436042998,15.1538143118054
47.260948610308645,152.1551756601475,0,8.623088627793027,33.395364218954995
21.788,102.12777,1,39.111776208154865,12.088097116355746
-6.32306,11.27668,1,43.007271395071484,21.251236529129365
57.03894175276952,-30.036752492520435,0,19.127562250881418,60.301266420025854
8.74501,-62.29372,1,40.39735549708938,8.899887484341921
19.66894,-89.48568,1,39.67331026634698,9.287900523343138
32.15144447179799,-124.4625286709823,0,10.152883802672774,50.44972945305755
9.30415,-69.34285,1,33.68594487289387,12.961357861020376
44.60684,125.93182,1,38.45295660256305,21.056222012550574
86.63019168039767,-16.032297862883723,0,31.28771874890441,72.44450091285563
26.146037744002626,51.344476570342664,0,22.905245665201544,48.61815563251896
-20.862044354210525,-141.64532488401673,0,5.243048877077499,35.648306192067665
46.41403,123.1891,1,37.346059677637264,15.434877452091314
-84.76843825159816,160.4110048656484,0,12.848188241064278,46.0480367018024
45.62473,47.79637,1,30.90188526988281,17.059252296058293
31.11289,-88.37031,1,37.790505312697334,-0.13008430646243596
20.4977,-103.11289,1,28.830759646856787,11.958528317516116
-33.80061930825437,-67.39817952049144,0,21.841026507290195,65.40433261868617
7.6686,-12.03323,1,39.59772118391373,22.210318538873587
-43.87902870354213,-31.87069212083557,0,15.180796669732956,8.807992197026408
-18.570253321161857,39.77497770359798,0,33.248453634388646,73.60663410144136
-81.12697928819699,40.22559956131937,0,9.144329975879453,79.57084442265284
26.02551074603386,-165.33428796132563,0,13.108164868548847,95.52064251367537
19.00421,80.108,1,41.442132438988146,11.314138976668387
19.44394,-89.42901,1,28.5216049034729,22.661435133697363
3.61948,10.44145,1,33.8059676999096,13.633820170920796
83.96607084769582,72.89143781204064,0,21.57050390577178,65.15385403584493
26.09804150779459,70.04943190091359,0,33.53478591947418,79.68811790255289
15.41727,101.2086,1,32.55460058800396,-1.8809814749884737
21.42875,100.04722,1,31.694543827863306,3.3627307360829697
-74.04198516560896,-22.96390210772165,0,23.84862952019552,95.09087057269046
41.24171236220596,103.52026133813183,0,31.302722108153173,67.43188810006716
62.442994550278115,124.83583716935709,0,25.82704767869604,91.16726052897792
14.260551821743974,-77.26805822197608,0,14.795554329229494,59.2148600013522
10.13732,-68.67789,1,32.361404838901194,35.80862778768842
17.50533,121.71467,1,39.88271496652844,12.977273000134087
44.72201,125.44259,1,41.85824560727166,38.718665381135466
-7.34427,13.40212,1,31.843157820449687,33.87289815430276
16.05978,100.77711,1,39.05995573296652,20.275855521368655
45.31864,74.09866,1,36.653806657420084,8.356050955300232
18.59603,104.26288,1,27.682738254347083,28.2234435589041
-46.251125222242294,-45.55268589408536,0,12.233995983393207,29.92075591249887
-36.651468697671355,-29.063221877037336,0,31.441832481265408,60.557811377181984
-78.63029427408979,-148.27252078400315,0,17.574926871086703,65.98143824750078
-55.28762015946311,-96.21046052457815,0,10.378245169306776,56.7002219372978
19.59559,76.26834,1,27.67640309338675,21.866845083588913
18.32212,101.82216,1,32.78102439258581,27.54029466974935
43.66648659878757,27.629492009282757,0,39.171816872529355,68.34254976194192
81.09516237335558,-48.43085571949163,0,25.798136791333736,104.54054779506201
76.75164661049891,131.4516092599215,0,18.929706466615265,67.91113548954478
-22.24264481806037,149.31516859311387,0,26.961264587877878,78.15530213807895
-5.209967808356794,-154.1155240268458,0,10.989897887782348,84.25657261879194
14.73819,98.10358,1,34.83017293661223,6.178167548626483
74.06218802174592,-135.76440430308236,0,17.181080132442418,47.23193391200511
-21.96561397172134,60.38745718435118,0,27.78313624451719,57.19609740936363
11.59597,5.21009,1,27.85606304513612,17.47326049771251
-1.41979,29.21061,1,35.549030644223514,26.254879320693835
39.37668363511847,-152.4093222749888,0,14.156848347026422,96.73821264322592
21.15224,81.89224,1,32.98641616730199,17.64210608576424
3.742086607418827,-88.62990650498809,0,15.361999318588744,52.47872625171184
14.145468364580765,-82.95441082627221,0,30.079661843809607,76.05941918667841
27.812080663436873,50.063917847509344,0,12.214248637978997,61.10500100495459
22.45433,76.3659,1,42.323940979011546,25.177368195492473
10.08052,-67.42013,1,27.70969687856396,18.010010796848746
19.92445,79.33179,1,40.46476576199598,5.980288044573971
-6.322666068621146,59.27443783049168,0,16.829674382764154,75.04412008022287
44.441594620667956,-19.818509394177084,0,21.37261962790235,13.582655984072673
-20.643320514770807,-44.08208028660616,0,16.251616139268336,92.69421616460583
-4.51832,11.52704,1,37.86063508073643,22.237197987231678
20.82641,98.72526,1,39.116129721921205,13.409713732773541
22.57202,77.11903,1,32.80333980558347,35.058405117894544
-56.35700899391989,-165.2543346215435,0,8.403910802563477,57.17760391943129
8.897233633513864,58.237435955017844,0,23.18505159602923,60.417468949388926
-7.451808780928886,157.78005245183374,0,39.65348326277203,59.92716955661474
84.10283841241895,-51.05518560758759,0,22.987564772625163,60.474040469607914
-65.80174792422116,125.33300536374679,0,15.088869977877014,50.51809018066068
19.30327,94.86488,1,34.83396407865699,38.85768602445418
43.99419,47.07376,1,34.41898478545795,5.137759676639334
-10.112092143776806,122.465390438388,0,41.66263968528226,51.61136601378298
18.50409,-96.14648,1,26.370312996903046,31.881683871516323
6.71879,12.7178,1,37.68012132871908,4.094112624257068
74.49252607219444,168.42888611489377,0,42.55051918089114,51.29267249816554
-10.62731849896754,112.57397468365554,0,30.304245211593436,68.47061357075683
42.62896,118.81564,1,33.77038030388485,11.593824980962891
54.17736693048698,118.27069663093073,0,25.827641804469913,75.83532670228479
9.94548,-68.91464,1,33.56138994741044,14.662035457816383
17.97993,-94.53168,1,32.03518606655526,16.907872638861896
48.187977616626256,-148.22654823086538,0,11.920432795624023,64.77454201191566
33.38074,-85.9063,1,40.285991842353766,7.023606047637962
9.98389,-68.88181,1,36.44036800911966,27.946598736927143
-24.430587385930707,-177.49698771901888,0,22.94649562495844,67.04721644637347
68.97185845355742,125.81294555754158,0,10.969146678548306,66.1105948566563
18.15559,-93.64991,1,28.7426389378885,30.777146910363058
10.797784581397721,38.29868500095918,0,28.43556960202016,53.99827595831256
72.76540472994844,-133.17721413183716,0,16.27780788432183,52.37612405301889
19.38683,80.84708,1,33.6150469233857,14.755527639648875
10.59996,-62.48409,1,40.96228182350326,17.47393417498928
12.488538547387009,121.90258949997593,0,25.98222863345213,61.763603651803756
42.82195,74.97202,1,36.05779422710676,22.329194833442678
-1.00876,109.60004,1,34.08995017193003,20.711764292427077
82.18313031237872,-129.09384715167602,0,16.935877649753323,83.1228324358924
-4.461447732151598,36.21252731325032,0,19.198616460193268,69.0331680261215
48.64266048089968,-118.77939270086036,0,24.024704354520594,47.16246469501305
-31.372616721666162,148.7409355781565,0,25.979834564241095,56.498776652714945
33.26424,-88.98297,1,25.136221947066467,24.676060707156132
10.062058637834,25.31718640090014,0,24.377010967537533,37.22170854041977
5.71061,7.94706,1,21.243638354183837,13.20547249596329
45.40824,74.79548,1,40.490529202555194,28.378946982872673
18.94808,97.23375,1,37.13092573430735,25.088621821287614
-37.79142,143.07664,1,33.023808442323954,16.69730602387884
22.60458,-83.12913,1,28.293035994777178,9.641685475482218
-8.288097601601834,-162.42024485723394,0,-9.763590606491025,56.88739037872759
1.1195,-60.18734,1,36.015279813794166,19.808416939552604
6.74643,-67.98493,1,33.10944231012312,6.02870202903868
6.75146,-67.99062,1,34.574706972420586,13.099582929276803
-6.155774867012028,-137.50687419345545,0,26.342795025721223,63.46358539651675
45.75516,74.896,1,34.91966538553986,17.744319332042217
19.69054,80.63882,1,33.41935036661042,24.330118535722047
-2.75790765907783,-29.829634679429432,0,51.694650510412146,20.504050506375307
-68.19193283295155,52.82809517903081,0,11.072385500558017,42.71319877477621
4.010107367469288,3.965266243709749,0,10.679441756090753,36.07032871550394
43.26829,-4.38638,1,27.836734446720445,14.52887961526108
38.79605307271888,21.189505281207573,0,28.142274292704982,93.9733418132623
45.54369,122.69788,1,29.714585491120275,15.548857615029476
-37.98943,143.76398,1,33.44420798772866,23.14996731934957
-85.69067769793395,100.99429320175739,0,16.39967918989534,51.75596092812626
-80.37526897622908,-167.22234950915103,0,14.390053133591877,54.99673800855746
87.00681701959286,129.6482097345767,0,28.49460038562526,71.06301359723757
72.95544296727232,17.751278766455414,0,28.582197366456857,63.24795011531076
-85.48517112317029,-27.47727452124593,0,29.262557191163324,94.08953490445214
15.20998,100.60646,1,34.32789749095266,14.753857378149037
54.37512,21.6105,1,38.67665891143003,19.58892545047802
32.22115,-94.71098,1,32.83371415650992,3.6300332599423584
9.82726,-63.50236,1,38.46073638150011,-5.59885326735953
-47.64652106947216,109.99740868658938,0,21.151914367633978,76.03021148845684
-61.65740447202902,-146.68753515880906,0,27.175661428991468,80.40800556718182
75.49976557126016,-38.89661349490805,0,27.57374539607908,29.03729469222688
45.54665,74.34042,1,26.127346567470227,34.67619446239902
-25.114329055005683,21.30908087745098,0,17.496454059696863,67.8637464615843
45.2817,126.13772,1,36.87201083857949,17.512538148324534
46.68894,123.60275,1,35.33849372807446,38.4878490963659
38.92645,-111.425,1,37.191712004171116,37.262760023518865
7.27243,-62.51294,1,42.21603362234474,6.83976662456142
58.629412613733706,-90.0171956041149,0,29.0462295943137,54.864833744172365
-6.77266,14.975,1,35.34588986191156,13.942250991132171
5.00954,8.5725,1,26.54611513794353,17.414054782551897
43.06281,118.8624,1,35.85013679095392,25.778478653519567
45.58712,74.44547,1,41.95650837934445,13.115993963936878
49.45781535724575,-36.04196499009021,0,20.935736176614434,60.90005359353824
39.62904,-78.70599,1,38.33720342585377,26.418136762556806
77.96244810828165,3.9006623221921473,0,3.3913867781144518,45.865569342454485
13.29529,-86.94659,1,35.40162761575825,18.37835577447977
-77.53595207727295,52.96646046317673,0,5.5057200666449155,71.70103412300955
-76.92745378229715,159.17115253219453,0,11.967586229110161,76.20309590438876
-59.01792701593464,115.84675355822526,0,20.95851372436971,62.244912627136834
58.13405933038277,-97.56274372971555,0,28.393307641668017,37.712101478606485
37.7824148731078,-153.56499562503856,0,24.84684086978246,117.57852623354785
52.64452,14.17065,1,41.92798281757061,4.2749124455973835
20.98351,101.62138,1,24.87827959827277,18.095066313762697
52.60474,14.34363,1,35.16378486043008,44.50380722968062
2.65041,-61.29117,1,27.465226123173416,23.490276559381662
10.27659,-85.69263,1,38.5828125441637,27.46908217645935
23.628720962378807,5.107246472804093,0,9.900479284401712,42.4580787736991
79.74142102028588,164.03498571180836,0,15.385203750155265,89.71816858976759
18.81268,103.79159,1,44.125817958421386,3.1141676301386703
19.585326486378207,-67.9413387536923,0,7.2977869773355515,90.51382299633823
-51.87636681995409,-33.398329614622156,0,12.378406468105645,43.76992942372341
83.08679883294903,91.37903008150431,0,14.282529909756665,76.19448706229126
12.45498,105.81752,1,38.73069157730638,11.228277188319174
-50.07777556452713,-147.02959121843804,0,18.310539509803963,46.70891911459809
10.97012,32.97029,1,34.381210143837016,30.172512264504935
17.15275,105.90133,1,41.281388498588306,9.409412891188095
-21.981748733596206,111.0629847360367,0,16.015178198213825,58.84037329903158
44.88803,126.36907,1,29.76630936034332,11.49768924342938
10.73123,105.53786,1,35.39072159999126,19.537810425591783
15.62247,101.22295,1,39.44940699478205,25.389735267710122
18.60227,102.81359,1,31.71232102523108,23.379602843155226
-22.407710660397896,-155.74041388804082,0,2.974151765516652,80.315053833146
43.58379,73.90712,1,36.53474149455113,16.666226009175467
0.33872529385197936,-171.52928393306755,0,37.22110916829054,57.30613069574143
10.0571,-67.69296,1,38.443589416806,29.897427778489163
-49.73689023457063,-59.137488025419245,0,12.935885010750347,37.751956854381106
-47.397596697279006,-61.08315268587208,0,33.49586344243761,99.18302987508562
-81.69590229799893,60.57702290249108,0,16.330875012041524,74.21465701176686
26.755306070320373,5.577065426521074,0,10.892331549856728,62.28160051611665
9.98243,-67.82321,1,38.716786512876816,34.42643157908242
74.78328964944458,-91.37670668792744,0,22.55668672119477,55.96995778801398
-67.53040631985318,-50.839725124001404,0,25.940001647470382,60.40820920419846
86.92392163748067,-121.72534953762852,0,14.312990330170269,33.96462080984638
-46.53371065685054,129.28329584419413,0,19.98268776040173,80.66784200347064
20.92162,77.84679,1,25.171690188481293,31.34621504136807
57.120940674894456,125.2604299309283,0,19.85433485466139,66.68919858511116
-22.16504,-51.36774,1,35.52575643611715,26.66580308842905
45.4192,126.10221,1,32.89736845228785,10.823326950667049
1.4206258183820637,111.33971941522844,0,23.42698795284334,74.30379666626624
52.92026050091593,-93.22446475628452,0,17.525805593040083,71.36129891306558
-54.401644959921306,151.7723131907174,0,33.95023583294396,51.44904392612763
74.15272528882582,-26.060644057341847,0,40.10290451964964,82.20777424486987
2.2153973608075006,-126.90909791752719,0,16.29729912437787,85.62594287848475
45.9188,42.19619,1,33.42665130805003,20.238048257861493
9.3273,-68.7458,1,39.37806414872158,26.24759550075548
77.40454528435598,-96.94603898633274,0,22.1047797911567,55.68913988939101
10.00481,-66.56712,1,31.27078889294355,47.21455423526876
-40.437805009806254,4.643977729749963,0,18.870154429029657,56.61618729121098
9.9545,-65.40836,1,32.20778357212642,19.10926818435926
10.2818,-69.14747,1,41.47974879396381,28.10434598522497
25.345708485728125,141.88936822142142,0,12.984210684002953,63.242020422257994
27.116000078155082,39.69600061449589,0,30.48281976211067,54.80309342689763
10.12828,-68.26451,1,32.23975327150884,23.07876455980297
-89.62614057065363,41.83235746445783,0,12.817625266541572,59.121264825847675
49.70343088368014,158.9998482461492,0,24.442890174199718,71.24054968731664
14.64585,106.84109,1,40.62193655746897,18.047489381671166
-45.27819798410022,-140.99242489805098,0,8.561221967225245,58.48732356928146
64.89024677321083,91.63661967021557,0,14.852837064564255,70.34836897691143
44.45761,125.88461,1,33.937111094229664,34.63538424921014
-81.5303409236808,34.09831360464938,0,17.900466654757743,58.502211565612306
65.13925298937434,73.70891443153243,0,24.37428121814823,62.48680926121905
0.99179,-59.39489,1,27.223459088696547,28.70044619225897
-29.884468287152146,-10.94601450129025,0,-4.15707628172694,54.940735422942396
45.91883,124.59734,1,34.83951391088142,13.6923622837943
-69.92084878585591,55.12262051709598,0,17.07764791815854,50.8428425566474
18.46986,78.40132,1,30.455829265703592,-0.7839206325145582
-57.73646053829287,143.79338750813497,0,26.233155842332742,55.9632249592013
10.38385,-68.63012,1,32.39797739522841,20.73051071712265
14.953025088006754,163.53019242187128,0,24.60458894573545,52.55203452323816
8.16604,-12.51707,1,33.49417267670966,13.54985998545083
45.37764,125.91833,1,35.56728304054683,25.47498558463191
21.230226474409633,-97.17605370466093,0,8.551059289902327,61.62286138256344
7.4896607450805135,10.065784747145102,0,18.539409850627944,75.33300951392181
18.36504,101.99979,1,38.54334044301072,6.630784628054165
5.69651,6.24904,1,29.876661701206135,26.31578129002337
40.52251,-92.56235,1,33.5062465244431,17.662952062774508
13.25212,123.67218,1,34.143909830195035,19.053099640000717
52.60157,14.22227,1,29.816058045552754,16.541806481190807
11.60173,2.80949,1,32.61876851644349,31.35353267306499
-33.334822572342354,-85.6685913033745,0,14.107418921894602,48.54672038896194
-82.52195077243697,-2.319801751467054,0,9.846647936871936,58.339058361858385
45.24989,126.99316,1,27.575550353481145,24.44950756642796
13.43106,105.54349,1,39.859524007744014,22.6727670196848
50.16993,24.60318,1,36.22066573775767,17.682255551357436
9.01135,-68.98866,1,35.55428112830603,-12.080966076884032
2.559411721532925,-109.02076519026834,0,7.364653983720226,42.45291574595663
6.38673,13.05897,1,31.79053508617511,18.195909206015056
46.607507880830156,140.2115386128695,0,44.107548526807676,20.483116169433252
-26.324990097304315,121.2535616518175,0,28.742080643681746,72.08505557553909
35.946758101634686,-21.654809075516795,0,21.705577890968854,49.9011842812514
29.43854829024066,-99.78281241198383,0,11.687541793141463,26.76081338868015
86.21795117445558,115.62883659583872,0,13.91251943695357,79.169689835837
46.00139,124.00335,1,21.280949549398013,11.71712427529836
74.04715476000709,106.22338656067183,0,21.303847313695428,73.53884143334236
14.403773735473479,-66.54731329523511,0,27.693591583176246,65.88470228171325
7.752564460776441,-139.49200951871433,0,3.1579877174378588,87.42685499852817
-19.642704962436326,118.4505212144017,0,7.693352504633591,49.02696816051412
5.098621606941052,147.3678495121032,0,13.868393010007622,78.1098653392282
51.38747244332973,-134.88965596764447,0,13.199381291180089,84.08114314610867
22.82015,-99.93247,1,35.14201501018897,15.462412662949745
66.55832193697395,-101.46060373158183,0,21.446068194932817,54.28569071388293
15.676817078874137,-167.59087851950153,0,8.768127626625477,67.1765195003349
46.12937,126.37192,1,38.12861272914081,36.10743900129912
20.98512,100.85529,1,35.83334947534203,22.63625624369996
37.60335366323592,-89.85543491015657,0,7.515101636059038,85.97993361876348
-68.08222082392366,142.742667061902,0,35.93038773955737,45.48851037302343
16.05602,-92.15915,1,36.38794950135241,25.736404447318513
16.990819568629675,0.8839151411110322,0,21.832478083106142,58.66111995686244
21.30023,-88.07325,1,30.047334319009504,8.531316203082662
12.13398,79.03719,1,41.57733809620912,18.96594689060599
6.51391,6.40756,1,37.478662625966294,15.049666148617007
10.196244710428289,-38.023327044920165,0,25.183616990372293,31.6519010534291
45.5533,74.35156,1,21.50897163070301,8.290546329456292
66.18630919865362,84.00898211444343,0,11.75286317176194,53.809146350436144
11.582079127177352,100.67830435336185,0,18.07462586314739,85.51288688584415
8.89421,-63.53277,1,30.057761661810975,21.75830490068479
18.27771,76.73507,1,32.82154549334036,39.97371393309621
45.202971720261985,-72.90694892222345,0,26.49740067809187,62.012246552381974
9.79176,16.63166,1,36.797145476909066,28.4845783207831
-77.69275393090994,9.507706263855482,0,30.712896309439415,94.0557106541678
1.84191,101.6635,1,36.60562828800127,4.318299030139931
10.39263,-69.34704,1,29.787885450011803,13.952850970666558
-31.277861400204593,-94.27194245574516,0,14.584650875120698,54.420917311766495
72.85023489798141,122.77386762083574,0,19.653448076432056,64.99664800573908
-43.35984620923986,148.96200050397255,0,22.297117924632836,38.392285822111084
79.71324150895347,132.81215104220695,0,19.31515185335433,91.42046056234429
-22.74628487249005,-78.83713491165466,0,19.38297428843869,30.29708933049507
-56.9331870098548,168.15334000736812,0,34.46868648817494,43.93695432410436
-39.65640888736379,-34.282172928161344,0,30.493365816191506,62.3504981993334
74.5501644575196,59.25585156613519,0,14.635521916245066,57.8398369259808
27.410686444979746,-48.14754601517731,0,21.67912869297346,40.065005360728065
10.037,-68.92385,1,35.927460601798636,11.672825033704004
21.79729,102.18716,1,37.44854866488165,12.439955075935607
19.43411,-89.42758,1,29.718397247193778,15.951515228903647
14.79673,106.21928,1,31.518107135898518,26.942032634355115
-70.18289355978587,-48.01375143860594,0,16.0768419097738,52.074926644234175
89.06852078654939,-146.41239265949997,0,11.180794228728985,84.52207785200734
43.97517,47.25091,1,43.513137154822815,18.876780781727803
-59.05043644998045,153.11599754067555,0,17.450076642070083,44.49431775051873
9.6514,-63.55375,1,31.595567606108688,27.932025393316174
9.35293,-68.77253,1,32.42103027152002,18.109847496512472
17.6842,104.77338,1,34.27457810346614,19.795888517235166
-66.27210272448607,80.51867773308999,0,20.346462264118717,98.14109752517741
12.45628,105.82642,1,35.148121156306914,22.558616481249008
45.95045052387249,-122.0695924121274,0,18.898789106173826,46.24411235194508
54.43224586340335,-31.869335553282156,0,20.83892418651364,94.26023317413862
72.98570794750802,31.865471613132513,0,33.63202376486606,50.08628291802749
47.31298,123.43357,1,25.971665237287414,24.533712139805925
45.6715,122.89377,1,31.721218597472426,23.60593120443825
19.21234,103.24478,1,29.700902427707465,26.3609135101654
-62.87826860059534,113.53709706124556,0,35.79973007101122,43.584945517129555
13.21764,-83.8644,1,31.785132229862764,17.746202251412242
46.06896,127.17871,1,30.927488063974575,26.931891633319346
-61.91683262718399,84.2912692507723,0,14.893396071232457,54.503724754997315
70.88026693926253,94.89873372759058,0,11.239505904064469,76.15662904869644
-33.55963105734696,-104.90493752139783,0,6.462370523342582,59.587106641993294
9.45988,-66.13887,1,34.90931142265651,6.219804061788601
-69.88608404624539,168.43507252883148,0,32.518907276795915,88.84265768345779
46.96195922533147,119.22944335680353,0,23.952203700414454,88.33264508543718
10.92322,6.07774,1,34.04738619196595,-3.244221842979048
17.141547112788572,116.89746632468336,0,17.918344406671174,40.30389790284474
-35.33803215140511,73.51521543132901,0,24.47409420111486,34.77326426141772
-69.08142612143578,-40.784791458377754,0,14.189491862856734,96.96993064895659
10.13788,-67.40578,1,36.55163076673923,27.56711147614292
44.59778,126.22294,1,41.525456296728784,28.737242512669887
-3.9604494177917076,143.21695936403177,0,36.314254587053604,82.3081895544619
44.98672,125.60587,1,36.76996852785326,21.234772022992722
-49.716333928795095,38.10103208995554,0,17.33244687339873,78.37771601670394
-26.664401823787465,68.83681402197374,0,30.685672953856447,45.91444330285057
9.78391,16.62012,1,29.736296340729172,-1.5641693310040523
-86.3283328803354,67.55496118454025,0,24.877960002904622,63.47228191103421
-18.38612087376346,-156.3498492069761,0,13.991633830877095,74.19527809404333
10.48627,-68.50259,1,37.59124666911925,11.957094844563471
17.69559,-88.6471,1,40.45685387845768,13.176719921619785
86.38164737211554,-101.56222149447413,0,21.43572586825692,58.74888141224947
-80.95822426829385,147.24606191046416,0,3.1373899402478074,71.46712085579864
-14.015501572684599,-169.08242985164912,0,7.445455785933321,18.884396202651708
22.99656,78.70632,1,35.395697897414756,15.886215052566012
61.145021392199055,108.95956502295661,0,29.445491416654825,57.793119840454565
45.88172,125.40001,1,38.773152211575265,28.43017039885347
-28.548636285258773,67.20713807002846,0,34.28250993185531,54.444070905748006
8.17286,-63.13652,1,40.42301000380008,17.842939395159302
44.7533,124.42046,1,37.31376184830473,37.9377332305279
35.80636,-0.25803,1,35.71278918633698,28.59002983264125
59.704894084387405,-145.8195484510014,0,6.4559253910202745,84.14282577357878
-32.237763798986975,-107.30683917166131,0,23.475057711166087,31.58816996161585
-23.911237326421784,-29.26953985243381,0,9.777670497565559,81.30303892583433
-78.40620281101091,80.12596998486919,0,13.378517906022466,87.8899243371196
-44.30948744076346,-155.70808289394463,0,19.282140927098414,103.36285235844501
17.334349238702785,140.79058916204423,0,22.597220691396984,21.832986924487543
10.69884,9.39036,1,24.431229478115497,31.802383231681546
22.53162,77.08644,1,32.4535101349927,13.812588225233336
22.67202,71.34708,1,30.486474744586694,34.795693539430076
20.93497,100.69485,1,29.878349232529555,21.24616065745699
-1.41648,29.20559,1,29.050095059097984,18.477466026663134
10.526747123171063,-152.0163560470118,0,12.582981131643898,38.33358784523922
8.92786,-68.99234,1,30.955453362506276,28.95564265519106
9.64912,-63.56846,1,33.55016210954547,13.29322668880824
19.9674,79.35599,1,37.54489978391705,21.238284505097266
-60.261771760475604,-20.500201495506616,0,24.335738681415336,47.323709466184866
28.71443601027306,97.29574037116811,0,35.402087913946545,81.87993014598356
-21.2523,55.72818,1,29.73076799839027,25.858409687763256
-54.03035233985218,-66.45930709032167,0,26.218239931314486,54.275010395060214
12.18491,-86.49806,1,33.46685208131981,24.908375873444005
35.20754,-84.24186,1,35.25607914945528,16.204210781813813
19.11556,80.94712,1,22.49824742802276,23.2087949905975
10.03849,-68.92952,1,34.75841246066414,43.19613790273092
14.67706,106.48435,1,32.28929226461844,24.042044823346465
-16.33103491644019,-107.68171156594657,0,19.422926801463724,52.03042359247908
0.33928,109.39883,1,38.12665342117736,23.729787211742696
-87.6700526215134,28.108283188593816,0,11.429653261155376,64.79540991191419
2.538708398946781,-165.87956510800288,0,16.494800169664764,29.595317954113945
-6.85714,12.39548,1,37.39393082247371,14.657937641057668
-42.59593703896287,89.35396704112816,0,38.95482114814449,48.40783529384172
-71.53459725348395,-56.38329164872192,0,2.8417859024975485,71.06223742463553
45.28931,126.69863,1,37.55791544331095,26.235977498747182
16.47365,104.92625,1,41.790592317876744,18.07725728768926
8.57283,5.11858,1,35.25013185090174,17.899607425125307
-67.01529062259021,-155.55673616168573,0,26.117727307188837,76.09479501518604
42.32452,119.67706,1,41.14749977653078,27.08091656564195
62.502226112187515,43.4952474583381,0,26.070682241283905,54.41431262308614
9.91274,-67.91664,1,39.66345103768942,41.127787085397664
6.18026,8.80715,1,40.29536637893041,15.340885295363055
46.00509,38.78106,1,35.87797033640068,4.026197567320606
16.31366,98.16365,1,38.68246918032204,20.005064971198745
18.51481,-96.13364,1,32.36858233068205,2.8149120646302777
-5.910473570361475,25.483169786720055,0,26.36957812698941,17.87875444863797
-26.55383591831442,-153.95331252009564,0,25.616556446187108,30.247418599921883
14.53157216279719,57.64824296683969,0,23.893732879883448,53.08068476326802
-83.3909147313259,-6.559976880351456,0,8.784483458410847,74.07959133455869
12.0962,98.75431,1,38.322600812547385,30.663820964901774
-74.05058050789467,123.55505061770117,0,13.66714547156793,23.420309617185772
-71.01304650347477,141.2038880544701,0,8.007450383966123,44.40180629365896
14.6761412900549,56.04013545574119,0,3.3096005506511013,59.26823012918343
11.653024192231001,6.309549910304071,0,18.306417237920677,36.692475846372155
9.54212,-66.53679,1,32.20935499397996,32.285519114755076
19.10349,80.40729,1,40.796738861391646,21.689835136591707
52.10303963250274,60.910713252104216,0,19.20945782256712,64.11294887897189
30.3886,49.85983,1,38.36733927599294,22.10640026957949
45.58556,74.43332,1,32.8582954158949,15.203056113778118
16.694413356778583,-11.237086557490727,0,36.78510400077403,62.68307693027571
33.9273656902098,123.25403399177975,0,10.822817606998472,69.68482175877934
7.81314,-63.65171,1,40.827842804502865,18.541990459276086
-67.14815811645789,84.38809558509706,0,18.415628000831163,68.44214450397506
61.73851755045308,114.12095764991005,0,18.859361260755403,83.63632657914609
51.89017381083394,3.1026768127991033,0,15.34733062756495,55.97137119762307
-74.68668648892842,36.91669458247458,0,14.335371889337909,27.678840989157074
5.233,30.63423,1,34.74429191442947,16.30485298157556
-77.9511314399498,119.22644048088472,0,25.50412799857666,86.38072520937658
38.07219,-77.30488,1,35.56279589658355,14.142505789208384
-26.2948050052743,-7.072472603834143,0,10.6086740624745,87.77331749441036
36.70856,-96.61975,1,39.22260454156679,32.62408297906628
-24.38076424920851,16.505886531672246,0,25.842081373823824,44.18595254787306
67.84757182619077,-12.387146813669062,0,16.42351836944524,31.72753925129767
52.64857,13.67621,1,35.082296248247744,24.48722791299833
-26.678131468741626,39.625079471102225,0,7.80783679032449,57.510695331702145
57.07319038187546,-18.812651224940907,0,21.39553543390431,40.51963228053144
44.60384,125.92253,1,24.455448085782216,30.044446180353077
14.560537589834126,-65.6287456459,0,9.085991703420271,72.82017796987736
40.06824,62.40896,1,30.51317222689932,22.16253894227897
-15.636378614933761,52.016344447192296,0,35.79792687596902,102.97828652104697
45.30952,126.11528,1,37.107590954859106,18.17676594018129
77.20636357458804,178.10325141050492,0,30.072520043164715,33.329782342291175
81.44053057331664,144.52223787540413,0,22.27775043475686,75.37168960788354
7.22552,28.35583,1,33.27109697895995,10.327198889841469
53.22537,13.67558,1,34.36531671209824,33.65083280466326
-83.29736886441692,115.33246364345973,0,24.96806425238632,57.84508203606445
-19.26015555852578,-32.95019409288955,0,28.299894512827663,92.50404777826093
43.190664594308316,73.08486721514288,0,13.644036228269858,79.8201177602304
15.10738,107.30863,1,28.912725151875065,1.296838837746229
25.53452,53.14674,1,35.87384681547516,12.94212003947429
10.96882,32.96137,1,39.24364722543971,30.295017120749378
47.69073,124.09702,1,39.776995829996366,9.273240871501125
23.555160000309513,-83.58211145317553,0,15.946531739360122,84.17274103906608
19.59826,95.04469,1,31.383646161401916,6.310909607427245
22.53034,77.0769,1,32.758760283003475,24.70856717143286
32.74370345176254,-5.706939996538182,0,33.333373724485504,47.28886388882114
14.04829,-89.28902,1,36.046405774915335,33.37418119752655
7.18739,13.01499,1,41.45522855218566,17.91941356052164
6.54435,9.39748,1,29.401962448823543,20.37556203018198
73.07797101376127,-78.3937268898359,0,-0.2874396823572667,71.37598949287116
-83.01731351095465,125.17421242216983,0,21.377470824582492,90.44584879738957
46.26231,122.13476,1,30.602680952221206,34.307013602216614
20.27785,100.60716,1,27.779963863628023,0.33786404738319575
81.93856963657453,-62.88921721227534,0,15.546651384440548,60.428578082807135
-56.888263990186,-17.40180367196379,0,22.5715828384812,68.74247306139478
-37.83804,143.48935,1,43.42246854856251,15.307697468397318
12.468360530885093,-67.08010088987933,0,24.41209088071967,52.50435518006846
12.78754,105.68655,1,28.149585504680843,28.715187154090792
41.848485928371986,65.58813612653432,0,24.25670372195632,58.308526064872204
13.68237,107.40981,1,37.471425650370165,8.58683751007823
18.81484,103.55578,1,23.915791304569822,9.203238514473748
19.92582,79.34103,1,39.86513112383553,22.45057615635924
48.00092044523316,-25.60283893667139,0,24.149259937036472,57.373477191290455
-21.898945189573922,7.946794837919612,0,4.80571480797618,75.008640204825
-21.581422443154906,-175.877176830918,0,20.537270466079683,92.11696259840127
19.41828787698347,-94.5654242198146,0,38.46699156314385,54.63367187588304
-19.03365169027991,98.38990818406933,0,10.768521398999367,75.8349185248008
47.23167,39.29383,1,38.06624650793191,19.365528054641775
13.99561,106.23981,1,38.88691584007265,39.681094610686316
13.91486,105.93046,1,31.376735430418783,28.237271510543962
45.42462,74.75391,1,29.397559978556167,15.300969753103004
15.70238,100.94665,1,36.9302006920618,13.409765545189337
-40.950927826878576,-92.58661767603903,0,29.542517149668694,53.54625674033484
12.41474,-9.57769,1,33.90070349673826,18.54492009471083
19.34989,94.1757,1,29.53643385388401,15.018141451488264
8.07029,10.31257,1,37.35059093398136,30.229503408940943
42.63118,118.8097,1,29.091668878470962,19.498823423721998
20.28595,80.21116,1,35.82600814354454,33.178974197604205
-19.91097243740866,143.0147819106944,0,20.81902232787148,30.45709703188072
10.08198,-66.04502,1,36.00830050291631,11.448526304790134
45.26692,126.58284,1,34.22497683634425,19.933539553314393
-21.2607,55.78347,1,31.488395636482394,25.95707543813448
-6.90566,13.67709,1,31.72843375833105,4.285106876571913
-83.87331329473011,84.02228619692852,0,22.553445269650354,82.45510910795535
5.64998,7.96536,1,35.679580268552684,22.794650079083933
47.2123,123.17639,1,41.36818510332817,14.756166946868142
75.8365389559205,51.12421206007144,0,15.726308370869015,41.71498547044166
14.435809930964822,25.6694590483294,0,29.094986217023642,76.5583599933232
-36.33273,145.70277,1,36.90214108034255,25.536228828898146
15.34127,106.99417,1,32.20419060602864,18.020700697366777
-8.264599302923571,-39.15457354288321,0,19.78177781550897,65.4851556789027
26.519218796368477,32.69096097366034,0,28.465587773949053,72.3519347871158
45.46791,123.09454,1,39.59103782897205,6.988488525042511
72.63766811988856,-18.34037340940361,0,20.48085595550357,71.81888980686116
-42.33122144410439,114.87465236362931,0,22.316833196185463,72.6638937827729
14.551612567678603,-94.58902670134114,0,12.607135487397109,45.76098427324287
9.65113,-63.62944,1,28.224602061696814,32.3516585367148
14.93106,106.97021,1,38.525996239866615,13.610110689744744
31.21012,48.94892,1,42.51098499937525,34.683341319587896
45.928744284696904,-4.10692573179179,0,16.918940875182784,50.284647206727485
46.39919,126.12016,1,30.61053564224572,13.60793441397789
-80.23331380853017,-79.27822435056474,0,33.16235928083297,67.10747091902675
-44.94271145647158,-38.13799677384239,0,18.47874252694183,65.57684197592948
-37.67456,142.05247,1,35.81797514932631,4.859694764438498
66.03433115377939,-11.480577971119658,0,28.608461835022943,85.80982588414025
21.29186,70.15955,1,28.479188947885916,46.260044978953104
63.852080917523125,157.69536259934307,0,-16.194687252339925,61.060001019759284
44.71278,125.96405,1,34.67506149689852,7.6385983067885626
-67.60886695561786,157.7128022691207,0,12.429809921045736,69.82913099766591
-66.13201107489537,-79.79351699909094,0,34.68771748041453,47.03537846744508
87.99350062287317,-31.45698621823672,0,13.071238118519164,54.25952758276312
78.37192832759504,-46.32225244787023,0,40.915728190841854,77.08023574413332
46.69881,121.73267,1,34.366650375140246,11.849537060559992
69.24115200421434,-60.04788938991669,0,1.109740928090087,52.040216916964155
-39.00229995595589,13.83185840570269,0,14.49925291404929,73.299918437501
-55.794568738058096,-12.330960915943024,0,1.2507980217187722,69.122054953043
4.98028163180021,-31.289280810427044,0,20.142495634247386,67.46762299270732
17.43787,101.99152,1,36.07966801161541,19.928753388566612
45.40095,126.68536,1,34.84403210847905,35.848034212533975
79.28353820699473,44.886585237327665,0,20.88639087867178,57.70611067770489
-67.73599797923333,157.0082006695671,0,31.58625574628055,40.8846285802688
20.06339,83.6173,1,38.158299359233496,31.40169433061023
17.83608,-93.12282,1,47.23327328330845,42.22518340072971
0.29181,31.41772,1,33.10061647382156,8.369514707056549
-61.45237234645495,-96.35185260064569,0,21.416359121823096,67.47033267264325
17.50913,-93.82825,1,27.884526135613804,25.725546995603192
18.56621,101.91777,1,35.52015278755261,45.59764858489119
26.74543,-80.49577,1,33.030089295911154,2.442918535160505
12.3573,106.78509,1,26.420468523438128,19.596552194217114
30.794937413003282,-33.47797506293452,0,23.11920168109259,56.7840807424035
-64.91355711945914,75.64097922209015,0,31.41490970284181,52.777933839042326
15.55549,100.21178,1,37.4660921813107,19.27734956313731
22.81895,-98.3234,1,35.43968847491369,15.101920688112877
21.79773465868014,5.406769625310773,0,20.33719303704048,90.58333126954201
45.20779,38.64572,1,33.493625664255156,15.603082986931357
9.94278,-12.54647,1,36.52672433777513,10.00664790008489
47.20566,122.81527,1,33.03817202078551,22.830056387278866
10.1398,-68.53658,1,29.726372419802097,30.239960392540056
-16.730419723933196,165.03042347064235,0,18.76481521986339,61.20782159914389
46.76879,126.15334,1,42.60835547104195,24.597631084618467
45.44244,126.12997,1,29.760569774243724,32.96249257388152
17.61271,101.77685,1,28.795900518139916,31.62699289433597
31.08685,47.79742,1,32.1162520422814,31.033450954148375
-34.723873568582334,178.3145522879389,0,12.312019889240952,56.26281740060651
9.99279,33.93957,1,38.35757161811811,29.790553219270713
-5.275202973069284,-141.23965779073745,0,33.33944649145457,41.91757113782976
33.111824531842615,-156.5735180079275,0,14.263361859507175,67.87416147316796
-4.86266,12.01473,1,32.55884579581103,10.458871998138505
4.492799403736171,-62.00237443955447,0,22.18519346720917,40.557022811952685
5.61159,14.02875,1,28.125194679102705,14.580637154912917
45.79355,125.42596,1,36.27289651522435,14.219931254581496
8.91793,-68.99076,1,29.329815780414215,5.245196511686391
14.15436,-91.19923,1,38.99866311381619,12.886679888373955
-0.9777204213492752,92.72112536243714,0,14.757074762079569,76.1456118208693
35.12310616144126,78.71446002841094,0,44.170098500093516,34.94281369606166
12.4849,106.45023,1,41.69615654747615,7.050700369388462
-72.25746114078075,-178.33910866057357,0,-0.46066012420135394,52.86608511761838
-54.14933236209449,45.332598895952685,0,21.550287078472934,17.006967756074744
72.64294475339423,-105.29216871130315,0,21.6559633730158,76.23081887701142
62.87851007787535,-33.249393992943624,0,23.644061800647727,65.01564297773871
45.42123,74.77251,1,36.11644204739634,20.28455238340966
39.24921735167081,106.19393451763995,0,13.047148417861566,58.664532687349805
9.91457,-68.92117,1,27.368730163687253,19.024908898183224
9.08455,104.98135,1,26.501139107458027,26.76106132970909
20.28628,80.4032,1,34.86956612251227,16.0688032893702
45.46247,126.02032,1,30.766173063822883,18.323937553139277
-2.762277027230226,126.60836544331192,0,8.733359437604928,25.217653621054183
15.80193,-91.9979,1,39.14608850845907,22.643690298330284
-36.11782007437704,3.441625499892268,0,15.042161302562256,58.267503485375826
87.09727809783266,172.41018992326877,0,38.9452596226047,67.53683325786638
76.48124582492716,79.73250045096177,0,-0.35660255682016384,67.0972786262858
8.883730293301554,-169.28007348537093,0,17.192201541837132,78.92478298162845
-16.595571602509565,77.77754763231758,0,36.508714372206434,58.02765648013118
0.30177,31.41613,1,30.21365549229047,11.308213874587796
45.616,125.14216,1,34.403791754959876,23.321357817155885
-46.40803819675097,-108.23709402380511,0,20.186296871734555,79.36403481623647
-9.80441,13.63284,1,42.62913427522659,22.779838411185036
80.49979003015056,-16.18835307251976,0,26.02666819533722,44.017619168839474
-67.82701735843136,-44.746465521147854,0,13.200626705522724,84.4541393327187
48.541897304539646,110.04642411460077,0,30.55225868004664,36.61985886351228
16.744503339406734,-16.19364514701209,0,20.627363542915774,35.52296319066918
-37.79721,144.04227,1,38.95968423829683,21.081370108538174
16.5576,-94.50069,1,33.53401357195855,8.738931905859804
16.37697,105.08204,1,30.909726082560226,19.98020686865726
10.36292,-63.8352,1,36.73721548697885,16.976850937211317
-63.88045094862027,146.5407849606916,0,35.5274490792837,53.77546918528143
-29.54048,115.48912,1,40.922859103029495,22.964343902591047
-54.81954494661851,-75.49017927048136,0,9.58522760873363,29.064151966224742
8.17751,33.71572,1,35.27039675624062,33.72039865683983
-48.72428044195451,-87.4886976311881,0,13.647292473782453,73.10631221487259
7.81887,-12.66582,1,38.319290543299495,25.1972954112983
88.9702033313273,68.7377229697627,0,18.970347630554958,62.318816864539066
44.86148,-108.23569,1,39.644927021872334,4.194306544256133
-61.08105038239887,-50.73540016480126,0,3.2244687342298697,70.96562572588832
-69.29870226512219,56.59179038590537,0,10.676549237989882,88.06754387039473
4.16431,9.94248,1,37.77047680449962,25.048710613430284
-50.32792202016776,76.84211647613961,0,20.662118466831156,30.128587821907125
11.93666,14.58858,1,31.12624890885056,18.52886506992947
45.36478,126.25138,1,39.15194572012853,33.02568936108085
59.91055194151713,-110.81157841718287,0,19.041116809905887,65.28770267425111
-77.51038243168675,179.86677978446744,0,32.557278649560715,77.93102257278247
-55.5814263898316,-59.79948642661566,0,47.24367724105032,36.78346190081038
-27.895828178584182,170.513421434564,0,13.89242796069178,73.43036014094216
-66.60200133163531,161.59823840576286,0,19.974635313412435,77.70381389419205
64.55662085992807,-69.175356062691,0,4.132736453259289,40.95253722316592
17.97072,-94.53008,1,36.33513654539166,21.206074777388896
7.67319,-12.04167,1,30.188763060100044,22.0195238134209
18.66773,103.37428,1,35.8052797864756,28.298173263405662
-65.43024819073857,-118.01411250330375,0,18.586659624544936,75.45414627997414
8.88029,-12.67957,1,29.29358212048853,-5.255960962187505
73.10158446641876,-80.80395936731261,0,15.723461673471672,60.374543742600245
43.60415,119.09402,1,28.959587425416476,27.334898861063746
23.03931,71.17297,1,31.122647669967755,33.52852265638711
57.82516,28.01615,1,40.21137331964534,19.8055410326914
-78.64653924321053,-80.70912988195111,0,20.796262895986803,42.14994849103407
20.15161,80.17281,1,37.35575359777842,19.791249457375713
51.35247932879619,-42.58254751570797,0,16.06284268009,67.3253087473714
-83.89973325873004,-15.284462454065277,0,25.52221957976102,44.55492348175168
45.37809,126.0949,1,40.6051117937698,35.57523157910019
27.400421526152513,-155.43108928006177,0,32.35386009055625,64.90029595455142
-64.15219033661099,133.5906431262576,0,37.87850097693075,81.06813878003062
-27.30819693329282,51.55386242397927,0,20.06519163727163,66.75191296510849
11.141077644557427,-123.80859160272031,0,19.48294059367437,48.849358889200104
-57.79538720610411,47.45221188717679,0,18.92125914866418,45.66670475096072
48.16715476590056,-85.98342291785687,0,7.94343573089275,50.44848711916958
54.16856,31.5187,1,42.680559121021794,7.779168906507593
19.20289,78.95417,1,40.071994574192885,15.060091696355759
49.62488703284214,129.58582874518618,0,33.57796442150098,90.24004670354854
12.50858,105.92168,1,40.543377380614416,13.295243673228368
2.65022,-61.29724,1,33.92225405138002,21.70854608950851
-49.178613946807964,145.2848667388376,0,43.45736852466243,73.4818440873389
-59.72538086054898,132.55612134566013,0,22.25799113177456,52.07041563478976
-7.0122,13.15379,1,29.657962399897045,29.37699359145681
19.08774,77.51308,1,29.564440827355753,1.4742018659120646
21.42942,72.97352,1,29.912169658002732,23.065195658293884
43.21308,-4.47241,1,25.963745635992076,23.530091766030072
10.0889,-68.45896,1,30.109164543869568,31.610312316649093
-62.90944313772178,22.038890572800113,0,23.48992388569811,93.09809171833683
-58.446996018470756,-80.01965636397725,0,11.507336790293442,56.24267267518242
-32.00004773340002,113.77034830008603,0,5.2506330058103785,22.480540385538788
79.60663870353542,-87.02190164666868,0,22.007954182302242,3.1350148749163935
88.95979958404905,-161.0606695939496,0,0.6099836877930755,42.93609989695315
-64.95254233568193,148.46341730985364,0,35.163840725654026,70.48216398925196
-80.63850670670246,-27.293210816357004,0,21.535320246573093,20.219962812596563
43.57244,47.11813,1,28.778935295405876,15.827915270519904
-31.88650366095134,77.36933703048868,0,15.427947619648897,12.910366144376695
49.77518,27.75838,1,33.29597255659861,15.564687134276468
2.65831,-61.28509,1,30.819883048020607,30.37540563462267
50.012897293866075,92.00306709703915,0,31.650731779484573,70.43980960034187
53.97679185072357,-131.6396010729413,0,28.741971683316542,61.843371676763596
42.71836,118.95956,1,20.14083093828558,46.17555148640904
44.355750172280835,45.98112886070345,0,29.263239205024977,77.28548892436672
82.18816792954397,170.0501213207976,0,17.620292172872535,17.925585496238185
-30.677903511718533,175.0326165436697,0,24.139407640438503,80.77095417413814
67.3454880571287,-157.15496371045236,0,22.173976510228176,82.57973071793569
16.38391,-93.66765,1,35.26022014660111,19.394492598496807
-59.837118393748185,-145.4460107570274,0,7.72394515554276,58.74768206859676
14.77421,107.2326,1,41.50990873997594,21.895563669133885
10.98902,-14.32585,1,30.556575553966816,22.414746179923
10.70018,9.39983,1,33.624537850845186,9.180546389561533
75.6158002878135,-46.66463144083528,0,21.113958129556956,59.27435024751164
9.45106304310606,134.4092292428375,0,17.283574664918042,62.90397278839752
24.79613,49.34979,1,36.28878725065812,22.16742981326624
18.27065,100.77004,1,44.34836535265532,20.593597102305363
14.01434,107.27679,1,38.177286182216854,19.614629590739842
45.39065,125.75456,1,32.20593546957334,-5.229530359971921
-16.09705129095167,-7.894872395729067,0,19.188862168393484,71.85731691688115
13.49597,-87.79047,1,39.0987632059664,26.087635909500825
57.473179525471295,-133.8688794710772,0,22.33448845508448,47.62126421020529
-30.823206779898094,157.70535670933526,0,8.484573095015506,27.608107553287077
42.96776707982286,-134.78220339390725,0,32.33883010058105,59.3274490549857
58.95767667811694,-144.9599501807748,0,23.008899754980234,30.00613709556173
-10.350987483442154,-167.18267431858192,0,33.50375998355901,77.452898334765
21.617587594935998,79.01580504057637,0,8.782745769852074,56.50139460280149
63.16118547131924,-92.08292544702115,0,23.9531174452128,44.44715054743864
-54.75645096787249,96.42242560678454,0,21.949003965862534,61.118798865266044
46.22084,122.64854,1,37.929527262431954,23.78064932237304
9.63796,-63.56689,1,30.267485548058293,28.437589120516115
18.20513,98.42876,1,35.901458418872885,24.45911698454173
-76.50114612372178,58.141092396970606,0,28.94163790818029,67.44192267223904
12.82929,106.15372,1,29.066520716407915,35.5965103089563
10.46867,-68.55293,1,36.87031727026028,17.985584046209134
-65.35447924843893,132.82335251384427,0,17.783931167899695,49.01505556918093
70.34343231762173,-119.15828494856936,0,10.673980174127998,62.975552873598325
14.05865,106.54062,1,31.38809590567593,20.118367402423477
-54.54558914161949,-44.60304400801675,0,9.075599049377276,115.79728177458425
-57.175648321694254,53.14143252553623,0,14.13354888417355,45.67166229227084
22.15574,78.90122,1,46.31923435457239,20.7047684199055
53.32973997440337,7.219799515883778,0,11.801412103010227,26.344335568293403
-73.60315292104755,107.87063299999437,0,18.287919191823853,62.93934218968418
47.404,39.4899,1,45.54009206347246,13.271277980631643
-14.918291953806019,-97.3083607916157,0,13.414409306956022,63.12711863291023
43.26276894818517,-145.1011843972958,0,25.461940058149732,33.2507969123815
81.30999649892522,-73.21008074246639,0,20.959422444531103,75.64133947505373
43.21403426406545,56.06990809523754,0,10.068450535269317,41.32856726644641
9.99146,33.93033,1,33.36595281261105,15.015955575914392
-25.684960072831444,177.73804425034933,0,16.176370892434097,35.05168211338323
13.44818,-88.60442,1,30.285799500825316,19.206255370747122
34.85598,-88.78536,1,38.675698251725166,6.663082669488755
2.1500893512863684,27.201659127574146,0,31.815507597566295,6.40469106826999
21.04164,101.68594,1,31.739511060272722,7.204206106382742
45.61963,122.75198,1,33.825709140488236,19.11496077376273
-25.491312831210124,-31.06789492752469,0,19.498462458927396,39.995527467214146
-11.606633405922281,126.72856334361865,0,38.218704788242675,58.26045879290348
10.92175,6.06819,1,46.46998720334185,28.247694573708554
-78.01475572861206,35.81087071634272,0,22.276816373684586,77.12989320705057
21.36786,102.45935,1,30.274854294639294,15.027798545315306
-11.637181317726046,46.8688719049359,0,21.98872285161029,66.3568972762931
62.48579745247412,19.31731543665606,0,23.75400221478039,71.91232668283286
7.13629,34.18081,1,34.96023745576909,8.416146604868528
56.859775321042804,35.00825869174835,0,-6.04995388358148,24.251263236461163
6.75744,-67.95399,1,35.56428182628157,36.92140159510852
10.46132,-85.37273,1,36.8482741680327,31.685658964612543
50.67666950105456,-3.645620351710704,0,7.701110976163649,60.3996533226631
19.35903,101.28036,1,45.60226193551579,12.76742310596784
-30.637599150283634,30.072960291008428,0,20.746269036510242,42.261615096225654
14.74773,-86.90955,1,30.950314974629308,17.440948423383333
13.25478,123.68916,1,30.502499957558776,31.531398995975284
15.49911,98.1763,1,32.757059870586986,14.28223710526331
-6.794910403982868,-7.703106991344697,0,16.901241838856265,68.92340213226841
5.3436546074483005,-168.04689645082559,0,13.928080696574156,27.90946725300372
13.25594,123.66094,1,43.94561029874558,24.073892775848698
-35.38673054353227,-105.61827626364787,0,17.276058162586985,83.89044872197113
-62.27465438441803,-75.07124201822806,0,14.997879603608883,65.4952200244737
11.087,18.9218,1,40.16715172530648,16.90475219211966
43.85036,79.50295,1,21.81146691486532,6.786966497379506
7.64413,10.75589,1,37.82403178859339,15.817252008649465
53.21566784291474,8.160109567839811,0,14.878049616677162,55.62252315541471
-16.162933877955737,75.04406956312323,0,26.37063692887326,35.66782833714039
6.47358,9.55042,1,39.06122616412034,20.270295583402635
17.40947,97.51209,1,36.80442817223095,10.084899175559688
13.05148,-0.53547,1,33.534509678353245,33.57104772603357
21.129073836177596,-102.67004377615757,0,20.57058309475423,56.77391102196482
-83.82325888253753,-138.64971151961998,0,3.490766817084122,63.88792012158004
45.69348,48.11149,1,30.575871576501257,12.907720342667647
76.17452077088186,56.45926234355977,0,22.109821468108006,47.91554855034415
54.58624192280607,-117.51308113306378,0,11.103541307757586,65.87031848540373
-47.297492975634896,105.86267221863977,0,10.730060902737257,72.96513856048962
25.528188729163247,-35.39176220396942,0,20.608284374784215,30.132223757918236
-16.054213841206163,-147.8977468890759,0,15.622048069015705,74.14731591490624
-79.51109263625187,-72.1127999303424,0,36.62023757520956,67.62281598677957
24.29221,80.42223,1,33.880370093705686,16.9855075698491
-4.86258,12.02965,1,34.6459084548976,21.40181651384489
23.0924,78.81936,1,40.402714984074365,33.960787339890345
11.98805,-13.15236,1,38.03206327128657,24.015123097592166
7.26785,-11.99904,1,38.49877611956525,22.516261181761752
8.89644,-63.51774,1,36.8446380043754,28.893096667067493
56.948422975415525,-118.83234514914139,0,34.28982533687688,67.89365283271306
-81.48620558005733,147.34235448237365,0,34.842493112604515,26.975824545802432
8.89557,-63.52321,1,29.385796052976538,24.196079373882718
-15.769355671764487,26.395236019977148,0,15.008761576761636,16.2233997239299
34.75093536239201,-58.498277371750106,0,12.348507723730625,52.06431337001732
4.740340752972543,66.57721437593008,0,20.30304113493225,48.25320279336165
39.852554886885116,-122.44620402611744,0,28.023462569946766,70.24809778511333
68.63545152505836,-135.62214321072955,0,6.258974592591386,67.68369594868605
7.51797,-62.50056,1,27.868873593663167,24.819800734834438
-11.498791901031694,-16.71516404094129,0,21.263545991869286,68.37875289390362
18.12887,104.91928,1,36.49695374295609,19.65519735744046
25.084507522699383,-117.25476289952864,0,20.43128529989331,78.8485301567148
1.4654793982358143,-41.086871807500756,0,36.168833136087784,82.80231127774465
-66.9984587997273,116.28026631676556,0,14.147517769620615,83.45117604797724
-79.51439405254553,-70.89554433375281,0,14.371691918823188,71.38449740720125
4.5583,103.45444,1,34.41092724553695,5.826750577783555
45.74453,122.96429,1,41.03045250421853,44.79759323730257
31.08848,47.78713,1,24.023767687577575,29.442802987458254
-75.51987314554133,-15.404311594322024,0,33.398418231897054,75.73730755694386
45.37638,126.07895,1,31.965870783505466,15.637832442104145
71.11308262296944,95.95671083052525,0,13.416828439083442,21.119580851890234
-1.78675,110.22289,1,34.41154590057246,14.919910244407433
-39.00466177721725,122.48009779926929,0,40.13376017898639,83.8292475608935
19.012965432435948,36.76054616470677,0,24.233312452521435,45.41228055394605
21.97292,-98.56864,1,38.51592735378822,21.3371199904831
19.58562,102.96866,1,29.056106785077503,4.984148987472061
0.59383,109.00216,1,29.182995466084023,8.291799688395596
32.91476357807319,167.1915002286949,0,10.691180977207601,40.74020130375487
55.501955332323405,40.2460485171907,0,30.6663411606718,43.47070790569046
15.03078,102.18377,1,43.06866991271552,27.298096539727688
15.16658,100.63425,1,40.915289397992325,52.4278195461543
45.42007,126.7687,1,29.972965587410748,19.86890078213265
57.423065888513264,-58.80347566906735,0,11.275666628745103,74.46435624119346
31.92809856107617,-19.98386601836401,0,25.094568307307657,92.3633009394513
36.94908,-91.17863,1,40.18401088490838,8.501919958336202
32.319931709059205,139.95652521175703,0,16.34128805955594,85.95763323743665
23.78287,73.22534,1,47.23628585107622,22.903706234470096
13.85555,106.28648,1,28.56481811609212,-0.026014184185967792
14.10722,107.08085,1,34.64259408546909,36.17878048590873
21.54156,82.20681,1,31.583552033735145,4.312260234870964
-83.9891640219146,111.59797893685658,0,19.700756367777025,64.43773685693496
74.40865960381649,110.56395935410887,0,26.17614672330319,62.30173482699298
-29.847811609090627,164.80711527003712,0,47.28847969557063,67.54501978530674
-4.558164043686062,109.29751189379431,0,32.71506929920672,48.233663076473455
1.807819121561252,-179.84021081786685,0,40.529712874253555,39.06980159282085
-59.855865118674515,-30.16272618369794,0,4.788740221712672,99.13987574124997
10.04712,-69.00056,1,28.642407681658856,20.06215999717264
46.06339,48.76155,1,37.908225634604364,20.547385317760227
1.95748,-60.62401,1,28.80520765147385,19.26264948598168
54.02646821108095,-133.21131407090786,0,13.959820381814298,52.64410631429355
43.56079,47.04504,1,31.69356903730208,18.006538225985157
46.18456,126.30795,1,28.592544581090706,13.85395018028952
10.05596,-67.82145,1,38.7293080217295,25.052286351852793
27.430107973539677,114.85423492785162,0,23.398256640585924,99.644488870173
74.98160379222313,62.15270279395952,0,25.368337420434962,55.960800460659826
23.53258,82.53091,1,36.175053709289955,36.311809707285164
18.14283,82.25668,1,39.48070249110037,17.273106273804373
-1.38518,29.15354,1,41.72583796385704,27.846092101392145
10.26643,-67.53466,1,35.51782894473476,19.621806334297197
9.6425,-63.55204,1,37.81070851444368,14.460652493312551
-24.449460762064206,-53.986830868462704,0,24.532569404452623,49.74703930987527
-13.373221912430765,-178.85171631543224,0,15.88762282206821,51.17563231592408
8.8577,-67.16022,1,26.79337517801276,26.859251823412695
-3.205055257906679,-135.13320897375846,0,20.855536211630664,63.60537227226038
21.28083,101.13799,1,20.43298272774485,31.80555625564984
18.40301,-90.53835,1,35.54046183730469,16.374045146476078
42.32799,119.14056,1,30.267034671120314,16.674152881017264
-83.84020328940488,-76.76676149220333,0,14.872217102496599,61.50846510622132
21.77,70.52438,1,41.487168264994686,38.19646775997673
88.11481104101603,58.28314811893668,0,22.73240470350713,52.88208677115855
11.11136,32.5317,1,38.575459576778776,21.898805011859714
27.258949639144532,-67.02708300197263,0,42.544555544678666,101.70832205033298
47.31473,123.44746,1,37.93762537127848,27.601792852622864
-9.047965885237431,35.93487196912446,0,36.56100578915587,75.38531256820876
-1.16412,14.46909,1,26.64696983837282,27.290014003885396
70.46743036325225,-32.65315734131667,0,22.511090888981034,52.3231781014061
-37.3081,143.85545,1,35.066870674368744,23.674826892588825
45.34889,126.10666,1,27.8661145583956,27.431533451613284
19.91942,98.39271,1,33.455982986682436,15.566467748470092
18.86103,104.1152,1,37.446027057568045,22.774746644413778
1.08486,-60.34911,1,31.98669592111044,23.05257517574104
20.14695,97.90528,1,29.14554736683239,28.763786524527497
10.81641,107.7635,1,26.077764670236515,15.067459929380142
14.10857,107.09032,1,40.566056017413935,9.428662168310257
73.61342312308443,81.48649755497547,0,7.540466237267104,56.640430603237206
10.04307,-68.50491,1,28.146384235542932,29.450059827307
-61.106127363338715,144.44976817751188,0,15.506509011634748,25.172907385888585
-3.4260069668508635,97.28087210135891,0,22.109457168792872,33.22902936766286
-54.644577190436834,-156.70687215738212,0,23.621625411009468,46.97216720614122
-25.876086711938626,-94.8248259941366,0,8.711324763778629,29.147255431731015
9.21262,-12.80832,1,33.44413172601525,32.63864284123632
-27.362005307160146,0.5861069245233637,0,25.068517120023856,79.61181645431213
47.207847042570165,104.36828586280058,0,22.44222316944002,50.48563805117799
45.68562,125.55206,1,32.92934362767017,15.991111961912946
17.403,102.12794,1,32.353646707480564,20.9795675979948
8.1863,33.71442,1,37.23185629550586,32.89299802160657
1.11818,-60.17823,1,41.16019456343608,31.34863976226725
42.5506242420073,64.46021226786874,0,18.315629760071822,44.28113933557346
62.154794618789424,66.57207520739067,0,17.62299812370408,75.16401330188796
-89.27036869243814,-156.27852518204855,0,21.929961099989868,60.04330590386906
57.714379302583325,21.30974456429908,0,13.522264687336083,78.44628384015657
-34.0517177015802,-50.49634383505855,0,33.39525407358622,67.20110447380696
48.360370549102186,154.94065016020625,0,33.89096874342287,80.56455603251214
82.74645336304297,21.220829126231678,0,10.112613202808912,75.7829288690757
32.57475942702092,-130.2843527036429,0,18.56937544148042,47.45170195955852
19.80769,-104.19217,1,32.902015474661,10.704107624622297
-56.724764344909055,153.56790687302055,0,30.516969161799956,40.40684351965956
0.3001,31.4046,1,30.146559878412873,5.2103584225224004
-53.97628918669432,-91.1240061553626,0,10.23177373523013,36.63582440954403
-45.607736049676205,69.36532767485335,0,21.007256649614547,88.55733705752377
67.49434860970922,0.8309056136919537,0,13.24683406148055,62.91380621201344
25.463913215820355,-81.5257190099859,0,6.249122790607764,72.31312887947084
45.28402,126.6479,1,32.892783438851595,25.642902040096004
45.85237201478071,-22.892724253699015,0,31.32630533506444,38.803160813763455
23.64908,95.67475,1,38.601212337298044,26.941850512051136
40.35378,-103.75002,1,33.39871668908098,21.08649263548291
-48.07897440119273,16.59728215570601,0,28.435117692663635,66.96445423141594
-53.51058155257277,55.961361674158354,0,16.840855315423852,68.15292053870425
65.7322162806824,153.26981872575192,0,7.5648052463261095,65.84980272888033
82.40103899529325,160.40758269989988,0,20.73715327436176,67.70240194342487
62.31948413888648,32.51469894449954,0,21.00552619340249,59.64266765531858
45.28754,126.6817,1,36.98907275064048,23.71197136336899
47.3563538457845,9.851851584977851,0,19.301021434213986,75.05389112781099
31.32583,49.28771,1,37.390738754862376,19.97824863108662
21.402670416763783,-82.98710955677251,0,32.97194047606139,59.11483749026917
17.8468,-93.10561,1,31.00116740232793,28.13322590597344
70.53548798075084,-67.05175970262694,0,-1.53320788519164,87.47915964985609
-25.818575136247958,157.50324689664274,0,5.498047706602877,86.36054363390203
13.92004,106.86612,1,34.380888784773745,16.664480655143166
-9.017293725725395,139.6748602047698,0,20.06125478440593,53.08780980853638
31.88604,75.53216,1,32.70679861620808,23.873193990471197
42.63737,118.91749,1,37.16463394976933,1.6837821656608085
9.337,-68.74734,1,31.14870667714836,-3.992262171273765
45.5407,74.43712,1,38.44289753390107,20.962505670775357
21.02197,101.56202,1,30.70799699435093,24.488748221974333
18.91824,98.33528,1,26.924225339202927,11.746862059380351
-22.80151260093639,-175.59141452999415,0,11.888170181429949,50.229650864954664
9.86661,-65.74113,1,35.73999747424089,28.986724059547434
19.31959,80.81915,1,32.990153683899464,8.846920169511264
29.76391792221014,-16.441583421363617,0,31.916503550944938,65.32632348016604
9.61664,-63.77769,1,45.94369021376336,19.585096095041198
45.4165,74.74392,1,27.389428403442675,10.709334005932465
37.437254778465814,89.20860669633481,0,12.351722906997491,25.396076042600967
-63.28402908218326,-167.7044919623134,0,25.257551772653127,68.07786674280908
-46.305313527515125,-24.16367263436618,0,25.61704066313488,80.32751508938071
22.63649,77.24933,1,44.44760677392518,-2.206101094886307
-36.68466546408334,160.85105432144667,0,16.867236802293593,55.55792408401224
32.22803,-94.05447,1,25.000064169131825,24.65560750331828
35.00201439832264,110.47997782965683,0,13.11940461085997,70.03385424933722
-53.95528790347523,3.648732618526651,0,6.172118805521091,44.39588880924108
9.86885,-68.20621,1,39.3299123692164,7.362281381728312
45.31729,126.57221,1,33.98706314610513,34.41582566281417
45.72468,123.03642,1,31.95836352203929,22.717675582970205
7.4233,-62.9073,1,29.610408103452706,20.625590110103786
22.8098,77.60293,1,38.31837283956297,31.930885391116682
37.08216,-92.58379,1,29.158841826115676,4.588598675133655
21.82573,99.46607,1,37.271189227871204,28.25952317006517
9.7311,-63.4774,1,27.995920387333086,0.061942769600836556
47.14731,123.14433,1,27.11428390602677,19.4530868734783
-45.73507993087376,-36.567227026289146,0,37.927700775925366,66.08740543037561
-52.67782896433267,20.05964065047914,0,17.463542439459538,60.530195501344
20.58337,-104.03979,1,36.89580085646297,30.13094805006158
45.24517,126.74769,1,28.5646483646573,31.717745798136587
-63.59562233818622,-106.51382208006109,0,28.15879154694536,65.52221917186856
29.77104,-93.66131,1,31.935553735899227,7.444354412482813
9.55801,-63.63421,1,30.084963594800893,26.992917430237178
15.36961,101.26128,1,41.4213630660631,12.097120429722713
47.28011,122.88461,1,29.60172073097418,25.37087380111487
35.4824542681811,36.391516273636995,0,18.623797838652507,45.58202999645634
-48.09075452020695,-109.73263436795409,0,29.364052507859718,52.84860301838094
12.7618,105.75434,1,33.46182938688117,8.552930638735303
-37.99123,143.75259,1,39.09941457476993,12.67694937386767
-8.172648444471676,-117.34389234215584,0,25.515622254040604,82.50352535735428
16.40239,-92.81423,1,32.96651747865472,-4.999355904467642
16.63099,-93.0225,1,34.87601000848878,15.825657667582808
45.78779,122.48471,1,27.086469775471322,35.11860943275824
-46.84812264229719,156.5194455925987,0,19.383589412101074,78.11158408752465
45.27216,126.63317,1,31.764730440562246,14.745282620828512
7.51716,-68.64149,1,26.270530129921376,13.653227468129371
45.94003,122.00426,1,28.668706609370517,12.219559776658254
38.06287,-77.29552,1,42.942706468009845,21.43422376573088
-72.64766272478754,75.72128052424426,0,19.749248486364493,63.65912889258218
10.6653,-12.80418,1,28.108367467276743,16.732822115484588
16.58477,-94.45091,1,38.25369510760196,14.680395329300424
30.696929726414268,63.800736895246075,0,17.606829129158566,37.40956944288372
55.18595337624302,-48.274157010947704,0,25.65969828241043,65.27551592512664
45.26554,126.669,1,33.53057189849848,5.350314983626465
-58.846854608385144,-133.654242755802,0,26.45690538721521,59.253419204868024
46.46441,126.35063,1,36.88200339032285,3.976245829206963
-38.41654537406896,4.200176898654661,0,38.22406856377182,79.81561855756783
46.4837,127.24399,1,37.548439092794034,27.593756948975173
-43.82501504206049,131.0075098472132,0,25.30359898124334,53.63412905816604
45.50807,74.46761,1,28.893964038485723,5.317771557034693
-60.960507854335226,-85.27559679082086,0,21.05429959939814,61.14444486481471
88.53309885097977,133.43238022332082,0,10.982429804155924,59.81109805345866
74.6895403577901,-99.99743986319466,0,19.354155144697714,89.594191956991
16.7417,-93.01823,1,44.632596732492246,17.540769745342754
58.70662982176154,-81.75338822279916,0,21.47446594030331,44.89128701339637
73.19123167616334,-20.546422113476467,0,29.347937219883498,51.659914918237675
24.77247434388515,-163.55497522702865,0,21.0121628804136,52.98764044813649
18.73123,103.86908,1,29.640330348717956,23.999151319446963
-16.878564652573402,92.29645614581398,0,15.646017978618836,81.73892337583911
9.96577,-66.02064,1,25.963503530836277,2.8581676285402224
21.67316,82.35756,1,33.61357238181371,43.970696906194135
11.02156,14.96565,1,44.037027307143646,28.875215744998933
22.34590223060367,-58.5820495961179,0,29.85533581557614,89.31239323929138
-11.136733951536698,66.85214474633332,0,4.860060734666549,74.03391850648914
9.53875,-66.52867,1,32.98238230744736,17.217908850569813
19.37217,96.41312,1,32.16398563392449,12.989974752492817
17.89525,-92.4934,1,35.129084877352135,39.61045514581618
13.652778048759075,53.91855713767717,0,18.54434350644281,59.84514764121087
76.61673838622409,-4.0623588255408265,0,19.057033489081714,50.106874389247274
15.73172,-91.66787,1,32.06609710230326,16.38751871698894
0.6205681272848977,73.26933164080515,0,37.27431258315531,67.47279609200216
37.18327,-96.28709,1,29.528052202612116,18.570129461928854
58.48823137537849,-121.8693877890431,0,28.280887270724122,62.675841795343814
75.48618790215383,166.8823284051827,0,36.980572380834914,75.435350980859
-67.55913048088381,-49.22484852557329,0,18.988682476964495,77.25384685433299
-10.539,-39.39344,1,32.505144957182516,19.967802915667825
19.64947,83.72021,1,33.22689744118699,44.60994437893647
18.78377301737764,30.03331790065232,0,5.770018304204232,40.77018914911421
10.03366,-68.27542,1,32.8260011748064,38.06695412754078
16.49569,-93.96131,1,29.97675861796351,20.0425855963233
9.91905,-61.9933,1,45.81477654709117,23.904700845787527
9.99371,-66.70217,1,35.83292722509805,28.973687802677063
45.3167,126.76244,1,39.59567136069552,21.554775741832525
46.30865,122.61786,1,32.87747779845004,32.1225873332779
-70.60925047845406,113.7950913326265,0,8.977148281758735,69.87316200729134
6.65995,12.36784,1,41.03606010850517,49.71071558005842
-42.091655337417876,163.51877049813748,0,-8.167517965881576,57.02819824596519
-36.38702,145.75319,1,45.07576613970852,28.829046462426653
44.41463,41.97904,1,30.18917040054711,29.410720394345468
28.49027,49.71256,1,39.81883909411545,30.474695310604737
58.88284114710103,79.00560519668966,0,29.891293974309615,45.70608437113604
-2.6642760726380743,49.617879314840934,0,19.667189234465898,82.40936174481185
70.5595922523564,-110.41875770631333,0,11.663438611972678,49.484810262517286
7.49018,33.94873,1,36.83253980606696,19.219933315517316
19.58951,81.10564,1,38.216219493898,41.8327206146749
73.93130297067177,101.92903211647803,0,18.789769779502954,57.748181400006274
9.97243,-68.89147,1,37.94271392013381,30.827037087747147
15.12937,101.13377,1,38.5037773330558,11.285141401292972
-43.111685503670884,-174.12962115585972,0,15.842975011175504,59.02133644493394
45.79182,125.41074,1,38.77367380337104,20.35989037521539
16.31559,98.17711,1,24.884146916096725,16.935085722681425
-25.441172433345002,-122.31570055702394,0,11.048382946240235,65.41299931698687
45.40766,74.7411,1,32.05656456920899,22.999944484523375
-1.2298952142659516,-68.98287299754041,0,27.383002332729255,77.51012829487911
32.25462048754919,96.54560782825456,0,0.2084878438888218,37.69263431774341
-29.54239,115.47718,1,27.5632968906856,11.11021879172701
63.401210465370525,-67.09537666776905,0,5.97197915558996,50.77773121376595
-56.34579434704361,63.65941497298667,0,37.44303370133775,42.77678622614401
5.332659991998213,140.14438057989963,0,9.62687465145202,58.248065015975335
-40.95700201881261,77.54875836979289,0,29.871700685525056,81.64278405169703
-59.46141164279618,77.7579895463515,0,27.73579699041505,96.96583124598219
3.8047284762383526,-16.39075926737766,0,32.48049804589971,47.88791654804794
42.77064321518918,-111.84936912628179,0,29.7552639590209,77.02680947556533
-20.702480115053604,84.7015811126596,0,6.180212798411283,74.39270831162743
12.37456,107.30258,1,35.30675556665315,13.65469322542373
13.37657,-87.91313,1,27.684090528936053,23.992765673443603
8.51913,-63.95454,1,44.68989069907143,17.02167929873957
45.53899,74.42395,1,40.929979157110004,46.929252676795116
-45.421973016234006,-58.121491720904416,0,17.224740698608546,34.08221418172729
18.02847,-93.92678,1,37.76529103206075,22.856108161859375
45.32177,125.77538,1,42.63560501891759,13.863030857158066
-25.00431428018483,-175.28909241037852,0,19.555953936313983,57.72456300701839
13.542191321918082,-34.21091911032869,0,7.560621050783375,110.83370429484847
88.7169484943226,36.54126030464309,0,27.317004650346988,44.46543669372623
-8.336179982699193,-57.60910668135746,0,19.495885753895138,28.19875328221177
18.20208,96.74582,1,32.013031629544486,31.292366155127063
64.39890618061136,-55.235609277121426,0,30.476404271194728,63.93036459927907
52.09033952754078,52.51775438161695,0,19.873188119944047,76.84155153456697
10.10341,-68.24007,1,33.44470401644643,15.622565301736959
38.06236,-77.30188,1,44.25674445938416,37.44781842727278
13.15379,33.11488,1,32.41986625893777,21.282213907269117
22.0632,76.51741,1,28.82586289300071,21.228584192925663
-30.807191874221132,34.006983699817255,0,10.246555419320538,84.46786657917707
15.5103,105.85497,1,38.39026444300375,21.898647215803386
-67.1041761787567,126.708255645966,0,25.910658015597296,60.858129592155805
38.40546399780871,178.44327341165274,0,25.44861418536353,52.12396383109958
46.67183,123.0449,1,25.361194824711795,23.98490723322149
8.35443672196736,88.84509576153147,0,29.817044837625087,69.48699677634896
45.84216547929728,-153.52854688345744,0,20.94355628193144,66.74241491298702
-65.73106703757904,161.3231309623303,0,47.81183235764779,62.67067724833483
52.36988,32.56622,1,39.5227117854674,17.678162087312668
28.89429,20.95749,1,29.289367509975648,29.22016448167134
10.27607,-68.19675,1,36.51363889046067,23.5642755477943
11.107823752543723,89.71708179157577,0,33.88407464282156,57.37994705507614
45.47174,125.92095,1,31.86991848070571,5.763653316471517
9.01742,-69.58727,1,38.652842816829285,14.460331907909765
-36.20229487107639,97.57589555531598,0,22.854572886992486,62.607013879723226
9.62798,-63.77936,1,36.59757206079894,32.77386117592391
-69.26591496592667,148.31283524899231,0,26.99610007413876,53.02603233930433
-77.30854692071946,-51.729614282395175,0,11.552805709589505,47.13899422711085
11.75686,6.19896,1,34.930886023966856,30.311401512459
15.61722,107.9905,1,36.17058551270881,18.894063790320228
-7.8497,12.11616,1,43.25462067418016,19.786606076346967
44.75498,124.43385,1,32.21863048092198,22.323411356787798
11.859596128248342,-129.93188295549533,0,9.10740800230242,56.760927873681375
45.23383,125.99344,1,34.63725776038265,20.36025367311983
-71.4945076058828,-91.378034631975,0,20.01577745066772,87.1192839204288
15.20364,106.73916,1,38.485832047177944,24.170541408025187
31.27799,48.11445,1,33.7226321045762,15.941008565574606
6.803769004273121,-120.79601051956242,0,18.485906637848636,94.42236974019158
66.74328767903975,177.97725032436347,0,26.520053996194505,61.779092731012916
24.28315,80.42368,1,31.87030046662146,12.796121817942884
18.77665,-103.80173,1,40.334777293202215,-3.8204127245813915
27.298304886880487,171.60721731780365,0,29.770981480509516,69.19514178897361
9.41715,-69.01939,1,34.09709798146653,23.326180478673514
36.03841,-94.79926,1,37.33528961297777,39.73902677147646
66.74000021354769,-146.04223392340845,0,25.964250500526372,44.7502598647029
46.21561510552351,-113.75165542543301,0,36.679119536949045,51.93278444892798
-29.151353213857206,-147.46181365768257,0,3.8789816408558266,82.43681197313072
-64.92093329543141,155.5201863868279,0,23.436851071609055,58.53464945610081
-71.91694547056545,126.36293313335085,0,1.6814016781625192,65.10246965226143
-38.72021252459317,121.20891995956305,0,21.066835889515964,42.00937411768337
45.27219108666736,-22.041129325771408,0,20.8937502165366,68.29696126560583
10.08489,-63.10959,1,26.45392291118158,35.54067534968985
18.46371,103.93195,1,37.14979987876552,-3.042368034655585
82.17994260052697,-9.283756956078719,0,19.041003870734354,77.57502431943837
17.40532,105.15051,1,25.428868231825795,16.548670608338075
-27.81098453055568,-18.753214087674934,0,16.108484389209018,47.13498996907397
10.68088406676182,144.3525210305259,0,4.161138745013112,67.56846567505337
5.328852075173728,58.584135304695394,0,25.431946018529086,71.35061625869432
16.96291,-95.97433,1,33.45872367850887,26.348412315193052
43.20787,124.17194,1,30.60351438258461,28.612426209254618
8.083192566718125,-121.78318896199428,0,30.875308705844255,53.30835018087198
-10.006114323437345,-24.853149755543114,0,17.539149316787725,55.42947664243664
10.18588,-67.02731,1,26.308124997205482,20.650671582918154
20.34808,100.48425,1,41.35505258066233,9.835435308387481
18.81473,80.97485,1,37.16989136285656,2.774710708377654
60.96941277118478,93.77717986329748,0,12.23078443479914,84.22084774323973
20.81344,97.63606,1,28.0760336940615,0.651187857747157
31.41149903523238,164.60612293761773,0,24.022229380252163,75.45633592610318
46.62049,123.28526,1,41.60904000955319,23.162006847075844
19.58214,81.85596,1,40.917329807657396,22.052245835556874
46.97762,121.45118,1,29.358810655058264,11.433316572446717
46.01562,122.97234,1,30.72428807833004,8.523011549510109
19.71465,97.64814,1,36.560455407264655,9.717406687028394
-46.31938171856956,-0.9622284260225911,0,11.639251979904177,72.83315425703474
-56.94314116352909,-46.7851892547684,0,16.11396328717708,99.2556379127342
9.36945,-66.18178,1,38.54528748975978,14.286297469485838
48.85081832778255,-22.407708582346118,0,22.65323193470624,72.1340104515315
-37.61803,143.35789,1,38.589607745974966,19.326642754521835
-20.34540768048231,-120.73719705313059,0,11.831521053090974,47.18583014896015
-53.56296470259692,49.916291593918174,0,26.630027980534976,57.29640998086176
5.70467,-69.77441,1,37.61971523078003,31.035440758797144
28.91695,-106.24657,1,31.424222871409846,36.17841512053691
38.27428,-92.09544,1,27.96144654674612,44.39696869947653
43.58548,73.9192,1,38.996661062324925,13.647841639474969
0.99305,-59.38618,1,32.75273834600658,18.173146716472317
58.442152853952535,-86.61695786896472,0,31.16564176476011,19.439685246699987
32.13313,-89.38055,1,40.07988671131978,19.24982473839898
20.17393,79.77,1,21.785233946437245,24.66985490577203
13.32941,101.38746,1,39.190291963646054,34.60312270403437
36.6494,-95.60629,1,41.174506079038444,21.944573275214438
23.72102,120.59048,1,29.59921907838055,16.040078570190403
-7.868913177530757,104.42785064125422,0,19.561429144032154,77.53541237076048
86.03034700491858,161.80508607216194,0,11.257162773617399,48.43593318106417
34.88583648923003,151.22061167519956,0,35.60202210484789,75.6174127532489
61.19094877554454,-6.204290273680414,0,18.397620461299482,41.672321315672505
13.20671,-88.03246,1,36.83043742816129,21.84010224366966
18.89419041877737,102.17788860662068,0,21.800474585922043,63.485493669259434
77.88159911144444,132.4075500809052,0,22.249482170365486,24.74058145994205
18.47695,103.58969,1,28.097793415347233,15.393506732903315
18.69131,103.72339,1,29.732957165633547,14.377277777338122
45.56203,74.45879,1,39.27117715576174,36.78700477806058
44.59345,65.76298,1,25.286777905608005,35.44470370002615
17.18058,105.82383,1,20.6465991148984,10.851873089126027
22.63266,77.2205,1,35.86178545000246,22.873365382513548
10.04234,-67.8492,1,31.396906586655188,30.912743989095702
5.4348037060358365,-134.16708208343155,0,13.071970863200319,58.93608425860694
45.40033,125.75238,1,37.5254807317191,7.125850606028177
-8.323130950623067,13.451767651215903,0,11.205231424746225,79.59762809436799
-52.92616208566931,-17.647722984134674,0,2.609343251263084,70.46011261495997
8.13007,33.79457,1,31.42395616991847,25.86978166967313
-41.489383367810355,141.5167206722524,0,34.72906633441735,65.98927512097323
9.94359,-66.67637,1,36.5173636710831,34.40153734999614
15.341420285931875,76.69148825563383,0,8.514053991171544,53.318672535483266
79.72503317150029,-160.2574747502298,0,11.198981782062718,57.95887423730724
-86.84059081954811,-113.14181050626219,0,11.599272798224389,60.9101903895913
18.86228,103.43517,1,30.41876820596171,14.63613435349755
19.75981,80.53458,1,39.8342315105316,15.099621728426353
69.15835489202573,152.2558915169218,0,15.015795359754568,43.84394680585784
20.84254,81.35701,1,35.949786445063815,11.000938645036367
-67.50669252673217,-135.97781925805265,0,29.104253513703952,47.93978213954584
15.37435,100.91679,1,33.48769997815681,14.309659467651025
46.04192,48.6702,1,33.23270232639859,27.761980417193517
-48.80192643449198,49.02420728502284,0,28.214485693325155,38.63554568077639
-78.91480851775526,-113.0954343115071,0,21.747753237698653,43.1244701264567
66.55272060294263,22.163291758979682,0,15.421054244412854,88.54291843364106
85.28890371944777,54.0568925736078,0,19.04686152560282,66.10214996691096
-75.67784179150513,-55.048569754008696,0,17.073627772187827,47.940711834580526
7.82828,10.82152,1,37.07399574765536,34.844460716513865
54.72856345266038,7.3940450971257405,0,38.69004637019363,64.17581900283493
7.381232963225642,-67.55060529125385,0,5.632314665501358,97.79885264403441
58.410468980722186,-112.1314493420123,0,7.402323153995781,55.52181073355145
8.983693075077468,43.43079430408386,0,31.052527777848876,14.576588238793434
13.26323,123.68696,1,40.99364439946689,25.069649731529537
-11.71882768824004,98.0585909764605,0,8.626102513427501,67.64316209767705
19.045565874578102,66.24207246455666,0,15.63185889315563,67.91371369039838
0.1180485530319686,161.48991673051506,0,-1.4758556636126094,75.58801435749463
18.99823,99.15565,1,42.87102315343915,28.48635374132058
44.30878,66.83649,1,29.89748811329134,14.149804858140682
19.83496,102.90624,1,21.02870792137832,19.29390164095946
-68.90488507390413,-33.57116374817733,0,26.944166747750554,46.985076395877705
19.19653,96.12364,1,34.77169661208957,24.108606430809356
45.36763,126.86775,1,31.39856474034716,6.97663991311356
22.53915,77.07549,1,34.492713055096246,20.385160187924136
89.86858999463797,154.3061935555769,0,13.22283674288747,28.47117100446193
46.28685,123.27764,1,39.43013362670856,3.2019183445233708
22.66072,71.36607,1,35.29047076374657,10.322348361050507
74.75073700172302,120.8532546181554,0,24.54381614033003,68.9184715964719
16.21028,98.62582,1,38.12227534485244,31.562762982107703
-31.75601601851286,-44.31823828049227,0,16.990773620517015,53.41249112372702
19.80962,-104.17301,1,44.87817561441915,17.865506640490462
2.1315827242909933,45.308624719386756,0,31.011493851745,53.03049349389974
15.74043,-91.66927,1,28.302268463652197,31.560454343087727
73.9494614234539,36.19492859038698,0,8.611628172895244,68.29775450624152
9.95031,-68.9679,1,39.47952630860938,21.497544116877066
9.97926,-64.46,1,33.16660179638347,16.6526632299165
45.54026,122.08465,1,42.74940991593748,20.646472304385878
46.07801,48.12215,1,35.06935519649183,21.81573941684175
62.61309079830451,92.40205277554082,0,26.383852202274387,68.23602675462142
-7.725499998428063,-20.121745209549402,0,19.010518915423425,38.872047804843774
61.41018739034669,14.394718828862779,0,6.508617758101016,53.44857526444795
58.349262054146465,128.02268633022328,0,9.035690741858744,63.41414757482343
45.99669,126.76741,1,33.31332432819447,16.2639710463066
0.59973,109.01144,1,34.605754179087306,22.731741307086384
8.27862,11.7984,1,28.30062514472508,30.971827529988218
-46.890949327134535,20.05579774942987,0,6.2225131888606295,84.92403609843626
10.44792,-69.12349,1,36.98010920563329,22.21333498474489
-7.00629,13.79568,1,30.254786298705383,21.680527718256513
45.6799,125.67996,1,30.18014589716748,25.283461665723465
45.31227,126.92182,1,40.718195805288396,2.4396233927612663
17.55004,-99.50293,1,27.013188991457774,33.92757862728986
1.69598,109.45977,1,40.3571482437381,15.167838260601137
27.00928752203413,91.12184697741714,0,10.836455796761737,61.230650062751856
45.91224,125.40858,1,30.53849365299789,16.155360867358723
19.61866,94.0946,1,39.89561195631548,5.4257719473205945
31.11571,-88.34994,1,37.25560864279846,21.138900561163346
-24.565739090293988,0.2802780100492157,0,24.708095643771465,66.56693858083314
19.24795,80.45333,1,34.94929451554028,23.499603993696137
9.53609,-66.54654,1,29.857233276597174,18.065844313786364
49.45656,24.12777,1,26.151892489616376,9.552057962834066
51.60503,52.92642,1,31.91466938341334,-1.522133135952501
8.64831,-62.78127,1,41.70767992481922,18.210597929379418
-76.63352272590227,73.54012708845815,0,21.63600115589528,63.00038966867156
7.42209,-62.90079,1,36.15811435050238,11.816854147025776
10.49192,105.67648,1,35.95416739171517,23.80291261055111
38.47239117572278,-74.19017302083657,0,14.37119527657921,34.60939053087847
52.78775,13.47503,1,36.49624286947422,12.623832946129555
89.35878536891596,-94.74463200606898,0,15.169673554502742,27.079292808849033
65.91865057765929,28.16154613835792,0,15.92535098138322,41.75179633692263
-55.2979691915371,29.199650159420173,0,15.471534283927515,87.89461891313765
55.72274334053418,93.9062805328806,0,9.858252342317328,61.66041187272336
-86.90300178200285,-3.9337226350237984,0,25.338403434503412,61.49096508853918
39.98310399775238,175.6312091018134,0,42.40942949066702,70.80857738922703
-11.484904895883759,-127.08487951017379,0,29.984290267545497,88.13633136430562
45.45472,74.91236,1,38.145316988105535,31.18211355988762
14.86388,106.49906,1,34.091878722087,34.633698548327075
27.00550509694753,-115.15368464566744,0,31.98618739743672,88.47412713770001
-86.16539857370438,-147.63727412749643,0,28.29772728020482,78.23762385017075
58.61557774459288,-110.08119765075354,0,8.25742902249595,64.49353923219064
-76.27216307645614,115.68413071283885,0,19.939019254047892,65.26257587497673
8.98313,16.41374,1,30.150515548705332,23.980104138463282
-22.12901404956078,85.81104239467197,0,18.916553357071322,36.136315162832865
50.736139570144815,-117.1324446340013,0,15.308209225805836,78.88654533850008
-43.41012134004509,153.9050084853576,0,14.188149635641533,53.24268203823265
-86.76497940319652,75.19198658646164,0,0.605973282653057,42.92076453117456
-44.17691021405245,16.50673023916005,0,9.598376188564346,8.475448614004655
1.91939,-60.81458,1,38.53231130542265,-0.6745826105283292
24.435685032415805,5.766184528319627,0,11.078901225334768,35.26242223826384
13.20883,-83.86312,1,33.211070528736855,25.70627099738893
-82.87340492901106,-51.623273064960614,0,29.169827283920924,78.44351012833053
69.11935832553527,-178.87984876144085,0,-0.31103549911183137,61.2382489239273
20.44833,100.58488,1,42.51084901489066,34.30731478777248
45.26867,126.59959,1,30.680269968888773,8.896551621190607
7.79089,-62.45206,1,34.989650642637,22.59228035257073
-44.259615979877545,41.50309430179257,0,17.3036701924379,61.959959864998744
0.7939257778051143,162.0218560515704,0,31.510144226401067,64.29580963282014
-6.1718661587353125,82.74756186579214,0,26.327181805795725,74.00319797575301
-67.04841452874113,-30.984413680939326,0,26.407651264814362,89.24494837714992
-10.577712665343569,-99.49667317063185,0,36.9606337263735,118.65440681932611
-6.59582,13.7732,1,37.76018198471745,3.682343975392971
36.140670175924384,33.63320868016339,0,8.211461984965599,36.11722636078844
-50.23486701529689,64.3657573214972,0,22.575909621896706,52.300055647259875
8.77451,5.81794,1,37.84745881181688,33.27425569842133
-37.96238846574159,-155.27546281793795,0,26.48890173974324,92.9243039285991
-79.14226973720572,-8.846218089463292,0,-0.6904060516907364,56.34330965602341
-7.9321703351898805,71.5136496182069,0,24.25162956799418,52.607909566483514
18.71192,104.09949,1,25.952939628512617,20.068008185029612
19.92713,72.92477,1,36.414624105582426,13.518067426139485
-60.441744333552535,-108.27943223886331,0,14.778705956548446,23.09580165186133
9.89296,-63.51211,1,41.0997496521435,27.01679083914486
-5.14762,12.14928,1,36.238503275092256,26.036133004102798
19.33662,73.37801,1,28.37175584183546,15.393899035033163
47.22897,123.24814,1,46.33183789434506,16.666916866191237
21.0302,98.0032,1,29.48826857139977,29.06180058205767
50.49179618135122,51.91374926203619,0,24.31591926399429,68.29495992256992
-75.11302180373141,-146.64740717376563,0,39.13337507483227,47.47122544542796
-37.81446,143.10548,1,36.96328955379137,23.137904626175278
-31.869868004993286,-114.9188365751066,0,28.689646785011476,66.49013924221676
17.25117,105.81299,1,34.96426268877031,28.07858104499367
10.748706385727814,-141.35769263884748,0,25.015909580011343,58.84630776758018
-24.073911096484977,-51.65517242004614,0,17.42166886888056,93.78741126255505
44.8615,-108.2422,1,34.864328760929396,10.977957465950906
-0.8668745700428246,164.21751488937815,0,6.6323255151247995,62.386608637979805
-9.21357,-36.94623,1,39.39059311066991,20.310724957523867
17.1037,105.37251,1,32.572405737807365,1.1667058637712024
83.49523791864237,-144.42917123988542,0,13.279595593457977,64.70810849726267
33.29278627553951,-167.27823666754938,0,31.41419181786683,44.25487154708605
4.7898,-60.35101,1,39.534137320396454,3.1063204284330013
20.28761,80.41261,1,38.49932390334881,39.91736523699894
1.83607,101.67099,1,44.035451510086276,3.9916886846215363
47.16442,123.11556,1,34.997513006567765,16.378715487360374
20.92689,100.68598,1,42.58296549371791,1.7886052267306205
-48.521024031487705,158.2508526673272,0,33.52217676544122,71.37570207436842
18.98943,80.12923,1,29.340485794039406,8.344098747523898
65.96235529523503,95.82045152275657,0,1.1152813898180582,62.49574958498327
12.15056,5.81088,1,32.75237111984118,27.661605325765567
8.74547,32.72624,1,44.00083358313323,21.843936213593505
-7.11247,14.43311,1,33.16657961316186,8.573055156808119
47.06556,123.15987,1,40.18142045927238,37.47909763346547
46.17458,48.75262,1,31.694468430283287,11.798333606998519
45.20413,126.27687,1,28.16322116738467,8.051832323939108
0.98371,-59.38331,1,33.80406829291176,17.91029180376814
32.53566767607826,56.870190930090814,0,14.811126709349416,93.61369933833018
-19.2935602528313,175.30837894113932,0,11.585197045052288,83.6058392562034
10.39442,-69.33572,1,29.394109029156215,27.40556171211804
17.04162,105.06252,1,44.96269998216218,13.359705761936539
47.021946272080584,30.740124257235777,0,14.588333445247944,23.544077286857387
45.36067,122.29124,1,37.72070758737369,30.400550221173077
16.7209,-92.97672,1,29.82679159439609,19.26762826143166
82.30784981197704,-69.36693523251566,0,14.787963724014896,66.95863333057322
57.62237259897819,75.58216121896663,0,19.01015529907212,81.91924585196595
-11.067785492385553,140.97302524158846,0,19.18938467077659,57.07731983202937
-71.13917796849911,-144.14349937370773,0,10.709761361454767,33.591056772519764
14.01069696168642,115.29927474972192,0,33.51235810459623,32.41128896583605
19.86765,80.52113,1,27.49113903555245,17.68352303871328
28.02891,69.34902,1,36.79501618373043,15.530190449507563
44.1038,46.94326,1,33.66714906254769,11.998941465336985
38.29971,-94.66303,1,30.586270663072504,7.300021864979518
-1.39507,29.15508,1,33.06302113242887,0.4858864700312928
41.83579815157202,132.39583569607214,0,-1.8471598303814076,36.43917014124611
9.89784,-66.29905,1,32.859247209982264,15.540261623525844
-73.36464255713291,31.98710374506453,0,14.498822639310635,70.87569859563429
0.33947,109.09328,1,37.948170949637664,21.531184145103943
54.1534393947187,-178.87032157723644,0,21.920334017757625,46.59327628375205
5.37324,7.17012,1,33.385030062302285,21.19417949130012
45.40651,125.71939,1,33.39108048107954,25.7229723844606
-29.53091,115.48698,1,36.3494246594437,37.96920475899538
45.41002,125.7502,1,41.70714236300424,-1.5669747348493601
-73.34957535730243,48.91214099300029,0,22.722318302967945,77.48480526695201
-77.39711011275648,-174.92981695383858,0,19.547344467913632,18.43363943743968
-83.71103203456397,135.4634315588985,0,35.77923555589898,94.84621666002592
21.32721,102.13966,1,46.05902083707561,15.013522976275063
45.3531,126.23734,1,31.243220658708914,10.683742434408552
-84.04633548802099,3.210146226334899,0,38.275051290695245,45.77128748120284
-1.36697,29.13891,1,39.52460794399268,-0.5700076571501995
-77.42392502317185,34.67061261151039,0,24.302845734998325,51.05255099289208
58.130004739537156,5.0149561113892105,0,14.328362249576601,83.85391977988735
58.9771742903946,-155.3803261335219,0,28.3763852990812,65.07619763778479
9.48709,-66.37837,1,38.5977733484193,14.112012421711775
9.53742,-66.53761,1,41.11462908675089,14.444756875432939
85.51756270020991,-37.952868602102,0,21.80683724452405,78.43781249076001
51.75745,14.36278,1,41.205980024338366,9.241743312034602
81.44632889875132,55.81212258322046,0,20.026255738453877,69.49334100510362
53.91977429915576,-177.6422531764856,0,0.5959434106388315,66.68178373101307
43.03376,123.90928,1,28.835932090782283,23.863693363319943
26.880523062170766,110.87926418279392,0,12.267692371028657,44.8698848194384
14.186941864579538,0.5538255723145653,0,31.35270148435465,71.24804211796659
-85.96227270611915,174.56374752648696,0,31.572194102548774,68.06015989668373
9.98859,-66.55545,1,39.3540769156387,18.267084383781725
46.56071,123.11557,1,26.738600696948495,17.34133466246124
44.5691,125.79191,1,33.82968760733849,15.371531859002584
11.1173,99.22044,1,36.95574485447964,20.264985191737072
-6.58651,13.77177,1,40.35445413272295,29.019039964139843
85.62415053609686,-103.60425479127515,0,7.2372860243992925,60.60164729507367
12.079903036061836,-84.29528569430042,0,22.664986037864622,65.85828803537748
9.44591,-67.76399,1,34.122044915168665,35.539358475634785
76.33503825553524,-0.05123138328337973,0,47.83126943018763,89.51688557213372
1.6871,109.46115,1,38.688905481718585,20.07847715108961
-44.25938056734256,93.01687104367454,0,21.83588515614552,41.654252161585305
54.44529542221295,-158.72335509259028,0,37.33555684716306,50.850619127994385
43.372990485508666,32.47908396626582,0,9.894157812924178,26.727356215748948
-67.14254188135034,151.36895900665604,0,13.901294083184872,50.81195184856542
-76.79927939823166,-46.16555009859647,0,14.866782307524536,67.57113673325271
22.61095,77.21491,1,35.91293491600969,32.88629254845972
-36.38602,145.746,1,41.49022500501639,54.759445048238874
5.38954,6.65919,1,36.57910328923317,11.98094127184529
-68.64948430176298,149.2893977960478,0,24.93806304035755,63.49858501721188
45.29762,126.38994,1,27.976379360909178,27.28951829679749
55.79971583828828,165.87222308372253,0,8.54982056664101,76.19046658180842
42.76293442065361,112.32159800568229,0,27.762293345470567,109.1736320012163
-64.74122646132513,-143.067560869389,0,8.971657681305455,70.1684346386986
67.29914516126118,93.11390917585618,0,22.105535453603355,46.584980018940215
-19.254718135668455,130.7781857532907,0,25.518797414423897,66.74683624279137
15.29011,98.09238,1,34.8888519234612,17.65040425441598
-57.511526993848484,68.80253366533333,0,19.579578039735395,67.32725710220875
10.06762,-68.22482,1,39.02150159544333,9.548949745910013
20.25479,102.44804,1,38.58761731729878,6.855241495439202
-56.26792704290699,-53.74945603220593,0,8.618423716303099,88.40474415097718
-80.8675457670823,-97.66769496016924,0,4.435203977443631,84.17405786984888
9.89915,-66.29021,1,30.736771965403562,21.09542935240777
88.99135166618069,128.7797483412309,0,6.621034121426867,76.20331530297892
-26.377511725195134,12.611787942461547,0,6.19755666117004,69.86966175912788
13.23706,108.04736,1,29.84603568425223,16.409373718859605
-26.72524934763578,-118.66177530829711,0,0.07598268534062314,24.77326411262309
19.13341,81.67583,1,33.63639717342887,16.71404079506456
-21.2641,55.74532,1,32.91481175629343,15.729117742167755
9.96157,-68.08308,1,44.66654337394385,13.463255042533591
-22.742570205632774,27.455145399759118,0,15.972024403499631,91.7759971994603
1.5092027450725283,142.95093522140775,0,26.968817765943374,50.899281330736265
14.8678,106.52653,1,39.27437499265273,12.821606716984359
-49.88704299630062,-80.94576316526033,0,17.929514103937834,83.04555012849417
-29.57455,116.28061,1,33.445753428249056,20.207210690144333
-89.07451145954653,-5.7495538733025455,0,22.25101547641575,75.7169615474819
23.52258,82.53308,1,46.0140761306037,23.91169653210231
85.39871549164593,67.81798651532847,0,37.02697146862411,92.95519064678146
19.27662,78.52206,1,32.435590288522704,2.8429353294873856
10.38595,-68.5551,1,34.81983164646387,24.01169613174086
20.67158,-103.10477,1,41.4733264358762,12.73733124044708
8.22898,11.2117,1,32.916487828996125,36.93286858909052
25.685,-99.19697,1,30.145763329587485,27.30071573836699
45.24702,126.69009,1,37.10676551151968,17.15401888443031
-41.34054487685018,-143.32854117639974,0,14.644155549003864,12.519298459239295
37.10145,-96.10996,1,31.950545007925825,25.458793248287787
-46.08335915192434,-56.1376901337556,0,34.918209979629644,59.27093164449935
45.569,74.46553,1,31.71410055288217,7.258628589635219
6.238489207321649,55.08344646307165,0,10.46834054707282,35.322160954722136
1.15916,-60.33041,1,32.523195448549686,6.684485246259836
89.15181879942455,-108.45987155135016,0,8.133558763082455,48.289477931355556
-87.30086456632075,131.5025042041459,0,17.689618314493693,52.14384206859064
-50.992743279540825,123.33603975530241,0,8.05606628005558,54.67784278104771
45.75578,125.52893,1,32.04277304730849,10.641837486614563
6.3022,30.04089,1,24.802605961370393,30.863012176602815
-25.103116040578627,123.23691950870017,0,6.540949459496339,35.02456257565572
-71.29611217157955,-109.58130251552166,0,18.54298415550194,73.5973922616183
33.25177,-88.98152,1,49.06613635770499,25.559825679139387
-22.15727269005008,-69.63647745072493,0,9.100392495227956,56.78928115609552
-10.452332177317913,92.89469653939392,0,21.945851862993162,50.93864366397097
62.792841761790896,14.16135559550645,0,20.324486130790394,40.95906771179828
-33.93069162816973,-78.9655737146161,0,26.27899430703954,43.99031969183771
46.05854845332988,-179.77473558327404,0,25.742878156183068,47.269253462011406
45.55214,74.4177,1,37.285211402523096,30.876095437058456
-72.75527696088932,43.68341318830039,0,33.28911325338572,21.690665293564805
-37.236589857820185,140.43532025713415,0,30.615621358984747,56.869461858810254
51.43191,32.39777,1,43.30200039859659,15.875118532634557
61.28387889869424,153.74557723404985,0,21.597146861693343,63.89766411058522
-11.840784241171036,93.53671689651793,0,18.023029634708884,39.746904275680166
45.68732,125.56741,1,39.13616279846171,20.22206706412727
-37.87057021401837,50.99880388631979,0,29.542453397488416,45.97087849864809
18.19048,101.95092,1,30.26798046060509,31.97153873928977
10.49568,-68.50411,1,33.86542060424047,13.58051816470735
-48.95515722574881,17.03773643303782,0,30.39121942260473,34.753856853814085
-6.236886172275902,122.92950819018421,0,22.450458140830776,75.48071810300245
32.70445,-94.21402,1,37.09085255942692,22.226838019661724
15.605498438711379,47.545661180942176,0,21.416794550681388,35.22278265150772
43.22197,124.00179,1,36.2888714823156,35.75201051234098
15.3729,100.90695,1,33.62602099613161,35.91085941140707
-27.28319510301217,-111.49456046359622,0,8.540994250113606,110.38081765961778
72.05093651294752,56.48857691511495,0,27.792171872898592,63.61514526531936
45.47001,125.90521,1,30.621287872638767,25.81712253498634
-18.199311305439366,29.084755216898543,0,5.672170176738849,13.950024653279705
1.8506,101.64924,1,38.60504132208446,21.877786242024644
29.850510298453983,164.20776319445991,0,14.83413094161641,51.011063312969554
40.94243759769802,-5.1152892040372535,0,19.598988033526048,73.9634307285662
27.583348203902332,141.2382611005433,0,-0.5808498404049267,105.14254057218129
27.73329,-101.29649,1,37.4961611625471,26.227073180695374
-47.15400640976574,142.26435169437616,0,31.64267753448886,44.96714235490174
1.84908,101.66901,1,30.077109197598535,9.346390186542546
3.22911,10.19664,1,33.4162977201204,34.47374767759923
10.57785,-69.01397,1,43.084158801553784,29.97383170853984
46.69721,121.71883,1,34.789634421830414,26.99863123625795
17.88839,-93.19284,1,35.9259884393966,14.920692431815485
-5.880916225248427,65.14154355335774,0,18.880930744178098,66.72566216037917
43.21571518470057,-32.76238396123077,0,26.224585028069534,64.51460316886505
22.0367,83.73331,1,36.35543050882128,22.98713430284694
47.53897,123.90927,1,30.82102007767122,4.047361423645723
11.17522,30.06965,1,32.15954353973948,32.63550328356148
1.68842,109.47018,1,37.87929728983658,29.16393186615126
7.00585,-11.39594,1,35.806909978322985,16.27436437443506
6.552,-63.40727,1,38.26389386647863,14.297501945121109
-3.6959811392489144,-161.01490698588452,0,23.882848816970828,109.56227186928758
17.77173,105.06689,1,41.51242545366262,37.46017588506581
45.35256,-108.90966,1,36.3735344960849,19.88469920259843
28.41753,-106.73846,1,41.53439671425661,19.48686807463388
8.34753,19.68602,1,37.53118509734711,22.863305535610074
14.30167,-88.92992,1,34.839092539586325,11.124819505242979
32.20789,-101.93697,1,28.949894853998536,15.357202571226047
13.21887,-83.85539,1,40.47702409378575,21.77863123973897
6.92297,11.90074,1,41.42537829134828,6.4172749334234584
13.75125,105.69661,1,30.336095912763476,15.3005993298911
56.564163566287704,94.15895412767787,0,25.40454658426424,71.84324057017047
-11.757821798359672,93.98608338651064,0,30.2114493879251,73.59593074043799
-25.154862468038203,120.90983739726607,0,22.068517736223004,78.76396682880124
-77.4345939257713,-98.6270835259866,0,29.185153880030228,81.96159774184369
18.07642,73.72838,1,36.599501488749446,25.22429828613942
67.43213051669929,-83.14033988455084,0,8.141709458856647,53.662333897614424
53.26222,13.69694,1,41.73511482810812,14.927488284878773
-36.248345233762734,-69.7058500941588,0,20.113503927983206,95.46822271867777
32.65461,-93.61378,1,31.61650022097691,35.952158915585684
48.40557869573766,164.68096578659566,0,26.784283165268718,100.54791312503286
10.1782,-64.3577,1,39.327233242185336,13.6562978700921
7.51416,-68.69077,1,36.144595307458175,16.835730564573595
46.80032,122.73506,1,30.1945516552007,14.550510485900903
10.277569086806963,-130.7108453869829,0,17.5968421359286,31.455351292076514
-0.81641,109.40663,1,37.855035007002186,13.596209179256135
10.800369646284892,-109.87146953626883,0,29.975122993100644,73.25699988664256
47.57883,124.42569,1,38.23021781216237,20.598542619766356
33.38927,-89.96407,1,31.376125056164582,13.247541364093058
-31.87840224927392,-22.86089447521718,0,11.798820269290891,51.994993698861215
13.64506,105.86319,1,45.24833971856228,23.600474077230803
19.83343,102.89637,1,34.462844784442474,22.712075649421134
42.63706,118.79795,1,33.43594987626057,28.139546938309252
-37.43122,144.96597,1,38.57246766557632,16.822552572568235
34.04468,77.66269,1,35.34063983886622,30.30834194859286
-87.6310230697359,60.05557010267029,0,15.82018063512649,91.97195498012607
44.42902439228527,-20.907126615967314,0,18.87986877010674,35.12753708734129
8.50479,-62.7775,1,29.26396959821081,2.5411411683924072
47.47379,124.85983,1,35.03176540380172,15.747832669634356
20.17792,81.35835,1,29.788147321263725,19.07144624056584
-26.844142439657112,-168.28213866018697,0,27.275528436308008,11.795559753625469
16.14149,100.85647,1,38.73723086460548,13.509527296649777
6.962741130049636,-19.404460464709416,0,27.49709253043312,45.716759130782684
-76.16174905878786,-66.1776029359762,0,10.606848799969871,35.74167814923765
22.60675,77.24691,1,29.775588338573517,12.137575342589658
67.07315842831648,136.4352021215243,0,44.93762246347161,101.3865741502683
3.5617894402863044,96.12225237279239,0,36.520737151942534,52.24921018070281
10.35299,-63.65103,1,42.62557971250641,25.2377054390426
40.058816274186256,15.09424345143097,0,14.774747790636527,70.98267810359387
47.21265,122.86871,1,32.794115373100965,21.034817977574136
26.077355508446374,-134.46868335825712,0,6.874477789065089,66.64582440439268
19.465417588179676,-118.71264948201558,0,13.281975461657856,66.77082388935548
6.94007,10.79585,1,36.211450777317616,-4.349546376035882
-63.21342999024722,177.2119165631521,0,20.915958805851524,54.58205834488491
10.689723893605134,-54.51044636937149,0,20.00505547423479,65.77424679507729
18.4698,78.34132,1,33.35928571371232,12.094651745029807
70.93790697102924,-147.63276789917768,0,28.98267331220412,60.76179184789292
-72.69299842209801,50.43347929836054,0,20.932083001096938,109.76301018639066
80.40550727151455,-123.44364561172307,0,23.43789348344732,72.94689142803607
51.83886538553551,170.71715871052828,0,9.562979221383658,78.81024812639166
43.14132,74.66433,1,33.24448415656827,-2.30748050338903
-88.9729493748581,3.9591016962987737,0,33.35642408724962,68.25343709021507
-88.73824441972171,-36.827982817648746,0,20.95517598146919,55.075848751685555
19.20731,100.86763,1,32.9483399447428,27.046906632007506
-34.266116831395465,-5.082215208622813,0,18.874471538378348,62.102954401837344
19.01781,78.83442,1,34.19885171667561,13.041662970605193
-7.65045,14.41367,1,29.114276956349272,29.038664226280005
45.33295,121.81133,1,34.42819067846728,9.224648491592875
75.25533907840395,133.56541968885227,0,40.116986359401224,44.28417679566328
-1.37844,29.12891,1,25.11675009358078,3.6344699280650055
6.45569,6.99025,1,31.892223232976004,1.2317618339226186
21.21003,98.10101,1,38.948183608005834,36.5019657464955
52.63487,14.17602,1,36.704953018657825,30.789372861027964
10.23089,-69.07207,1,32.35693760675657,15.817104845301895
30.287376730700615,169.88222402299135,0,27.81688162203522,47.874937969228206
26.95437,49.50596,1,34.46934520613655,35.351073877913805
13.03625,107.73644,1,37.367867738747215,27.756773259197097
89.72754213237963,-98.90687512626604,0,39.5676767556865,59.301564703347765
18.89363,103.04414,1,44.09178022572066,11.420328872599626
-19.170058217660852,145.75647261956988,0,3.38690420221862,60.700460800427194
46.71328,122.44032,1,37.144803476802466,12.723816649423831
4.88133,10.67022,1,32.580058164804626,28.63448906288575
-7.30876,13.39006,1,44.514868825283315,23.38821397281638
9.37951,-66.17427,1,39.63104630654121,27.88349775854858
-39.22774834665196,30.84610915194736,0,33.894222674360286,50.729982298592965
9.9495,-68.91043,1,31.488224014289212,32.99046442409198
76.31171824351793,165.67001647574733,0,-0.3593310568539678,50.417460977617175
35.28407687218436,31.943944110889134,0,12.030815900211724,90.13958869389525
-21.25717,55.78926,1,30.045436981750804,27.199215009038372
-26.299535168912932,13.302590535170935,0,35.496356050398205,43.55258702408487
5.2364714076942676,-63.9926043881283,0,18.010356319859632,68.16995759616199
84.62961404479401,116.54597786313536,0,12.973916840993788,72.35330844319202
11.18914,12.89519,1,28.576672187362206,22.516157179992994
-38.2431811092984,-50.608592515564936,0,12.381498552713794,40.10497222548531
64.2293483181792,-13.081067711596745,0,39.58081396734068,61.38090301098667
17.50938,-93.81023,1,41.792450067134894,9.648778217229484
-17.16721145507296,101.61458113014243,0,40.875061955881165,111.72352357984266
21.88668,81.03581,1,30.328064989383122,12.448276826257459
7.0618170128447275,-86.0857443433771,0,15.383361456251274,28.399509170607175
-59.047900100987206,25.356825843781053,0,26.775586979143633,40.87785643503655
-10.105449205306172,-71.29115484461423,0,22.911934553128596,55.2563209163199
9.714712429032858,91.08878819286281,0,18.794766329967516,28.71656644853992
-87.86971110006205,95.7988745121799,0,25.02521620130794,96.99134040513331
80.85570547668863,-116.40170934151763,0,32.33416778978856,28.62408014855145
21.42675,100.03552,1,33.51244307300783,8.48778148211391
45.75062,122.86217,1,39.48903195233619,31.54176183676727
1.3825413474144028,-166.0316866560085,0,17.081638459605294,98.84181157278577
6.93717,10.20169,1,34.89775769655333,26.31284339353893
6.215663367742465,-98.65836556925,0,25.04645295957353,43.65766975347675
-60.2681038487961,162.6773172084092,0,31.57274684504739,51.054916637486706
46.15949,125.6842,1,27.12091298607966,20.804923525530757
-82.85061606931103,-84.19086427425336,0,23.36666470435395,38.1820819892054
9.88619,7.22483,1,36.49505972143467,23.77753672921876
54.59605,21.1625,1,34.87633430358075,1.9682144232801733
-73.83919722261624,19.506745913928285,0,43.682936222557416,63.60047778482356
-37.547140220306524,33.86865225321202,0,24.04445601568139,28.51936629555892
48.56551,39.2092,1,34.35937445709709,18.329730498115442
19.52306,80.10901,1,30.379983846122002,14.722167955943139
33.49143725061336,41.52035385336032,0,19.140462713249974,37.783504523448215
42.57904,118.47618,1,38.193887737793304,12.607599833179117
-87.07269854495043,159.25448079602722,0,35.82160089902986,29.720048130505972
44.60557,125.93764,1,41.064779329621174,41.938947669011
14.17544,108.03755,1,36.85961794502904,30.862319502719394
20.12925,97.88645,1,37.94641766701397,29.35764385794298
-26.230035648458397,-133.3041832246704,0,24.545208610089293,87.20581646904779
42.45346,119.46155,1,38.933459884982014,25.21756110462946
-34.49743024955876,-0.4481945752223453,0,3.2519969211934487,63.089639303096014
83.55344267837154,-70.62032724251067,0,35.49455949187171,60.48745805758327
-46.38015020129201,-64.43844217754366,0,14.763392948398426,32.60193427436061
13.35053,-88.18212,1,37.24922804416647,27.275982747519087
9.93937,-66.26015,1,31.853611872743887,17.090454408094075
-6.77443,14.96346,1,31.614089199451268,26.931453429973942
31.09279,47.79038,1,43.279132096718115,8.177955896637792
-33.80032990802473,-23.15523089234466,0,27.358973099575564,69.72428710695014
45.62455,122.61816,1,37.14792448689826,19.847570284950297
4.9827,7.11773,1,31.135973839926613,24.29854538180687
0.24094,109.68038,1,39.41011842629628,5.69021491041191
-81.19671164634958,158.47181272108128,0,25.654677704229798,47.01258337994094
8.93611,26.60575,1,37.96502840996958,14.34831238917636
24.78924610955393,90.07050447847865,0,23.720825001542206,54.33583253437966
83.85711176551393,57.760252189204095,0,27.271224110719903,33.950793065648725
21.78276,70.60745,1,38.74087001653307,26.27329551937182
18.61878,104.27137,1,35.23049524744918,33.53629388169034
-61.93418796927345,135.3270416199714,0,20.59699312449186,50.1266685224911
9.87326,-63.16614,1,34.39543492034737,11.496955427436088
-9.00903138379455,150.5803692001195,0,4.7670971458075755,36.303472045113175
9.1693,-83.48345,1,33.46713075704855,11.863290763444658
17.90664,104.7249,1,38.00238206607313,33.73327909488555
46.07784,126.84158,1,44.643711728080284,11.016357640236548
-2.152936985843226,133.8108308723381,0,30.92591641229863,61.379559144218106
21.47324,100.30956,1,37.49912702241771,31.034419178892133
51.57901,5.76597,1,40.9275241014781,18.30878583808879
19.70182,78.25108,1,35.596726129061025,26.775601803064056
21.37093,100.98592,1,36.18201782036133,19.204283270192757
86.13221237418813,176.88916155563533,0,14.858185132297447,45.839861899968554
7.01161,12.52579,1,30.829775987559596,22.59968293291951
-39.63625711281159,-159.73479978361374,0,25.703389456690964,53.67367726339122
45.32022,74.11396,1,33.43219899867236,34.708597268918325
45.41238,74.76968,1,26.708769118053233,16.784055628408517
-32.42637248363432,166.05238440179795,0,17.153798703965897,44.95129653060616
19.5685,94.74477,1,34.40043025377294,6.424157511446275
45.84166,125.39365,1,32.879206039893056,18.882480511841894
-47.252912398852,59.437677260410965,0,31.50456914524316,99.7435922185092
-29.53282,115.4751,1,28.222134741387432,33.076510190883695
47.20741,122.8286,1,36.546086629768624,26.799026145678155
-74.02337245556656,-35.585191984589045,0,34.09763621209974,57.34558688650551
-12.830596143213228,-138.50249606580132,0,27.228439606235487,105.04660746833193
4.133998841704482,169.33268325803658,0,11.068228536041815,54.27424233559773
-32.39765382264955,63.47131446388795,0,20.418833088641097,53.41470457194649
-19.980271929461722,-96.84303927164736,0,18.318762045127006,59.68863419927705
-78.30484013893368,59.940218770704035,0,27.225519826893823,76.36116462741909
69.14921598764363,-171.75432634667095,0,14.972979423593678,34.00797237910582
54.15942,31.48483,1,30.336048533914816,20.60158301391311
5.31364,7.56926,1,38.451219783998766,2.5742580170566747
48.14374,122.63627,1,34.0776574511746,22.384703332992743
26.04755840221486,-12.927179306314002,0,11.455214001802084,37.644372677505956
22.97201740561556,120.72969226997344,0,17.4649660763091,58.938582013571875
10.0625,-13.61652,1,32.07560373887354,18.261226769675446
45.25497,122.95534,1,37.23158602171726,18.0098618921793
42.98802,123.90829,1,36.21926807654886,18.70022084192968
20.84481,80.84184,1,34.9329294732314,12.898101487972323
42.47742,118.75077,1,33.57417397397476,5.0436710278722146
-80.01761274234423,56.3164387787283,0,20.20457217876818,51.12880271710546
-25.067652058314636,119.45963975824105,0,11.845660232808967,35.6346547783147
33.52799259709694,-10.577012139954945,0,11.490339475793197,59.79901117549332
-6.66493,13.92297,1,39.61439957576023,23.046134937009548
-59.294674967660725,106.24688897450409,0,12.0116289442955,66.48067510974666
37.31798753255342,-80.89509611809291,0,33.60087544456402,62.44484048095124
-8.166747296246243,13.470460394736165,0,14.893524779688962,71.81978026973403
-29.58339693411508,-178.72263677764764,0,18.33306244220944,69.07989432769206
19.3951,98.09167,1,34.16960608420724,8.911309510663639
45.57725,74.44749,1,38.28901965867466,19.065139700504865
-40.96800580111523,33.981898104654675,0,25.054551569972823,82.13501620484764
9.046464422398103,178.03647809440656,0,33.14310281094281,69.49081305582473
-11.983020276912072,-166.88948056167897,0,23.47613997094213,34.76506462086317
21.218419879300328,178.2205098687029,0,30.1500922776722,27.39132527597412
-43.95377903317399,-64.68222616303262,0,14.504697936850784,56.219617024531885
6.14855,-63.11267,1,35.90584852768226,3.617545306409774
-8.941693605760435,159.53992767837963,0,10.261687719917285,73.46469630452371
-39.53845825619514,131.16048310280092,0,21.24001941177277,80.12225126153515
44.49055,126.00117,1,35.25820502292428,24.01495636359818
60.47527649116935,7.365652530795558,0,14.159355872298391,68.72751194363758
-45.862906031638325,-170.6310940636442,0,24.85648644739888,60.821395149946
4.971893820036414,-18.71875938281113,0,16.716456387171966,73.5263141450057
-81.2761736966545,-110.76169566672905,0,19.822464568681863,21.55105831790926
89.5666880235371,-112.60084651939832,0,22.540301949773877,38.64058500008817
-34.49035673049787,-123.93750109799748,0,17.510945228485333,39.863515164629746
-26.455644089962732,-66.97237382420298,0,12.583503467283585,58.00415023116788
5.99194,6.663,1,39.6166669227641,15.995446476170521
6.9287,-66.89539,1,43.84382069403968,26.920930792352177
45.99493,126.74972,1,31.33959454490529,17.70965607910608
50.54259,42.58688,1,32.179741767934296,12.471899443270908
-47.47573148726255,128.9595913345579,0,29.259746440636807,69.22643695734149
-7.48347299510786,116.8230558821491,0,15.738704466525256,65.60861009755887
-37.372970665800324,89.49257764183608,0,21.66860923284457,59.73873661431489
-83.33143200895029,-148.1361213898988,0,8.359982579577046,83.67869839574674
48.10773,122.92377,1,35.99248083126485,4.607596950729313
-51.52899668855153,-142.22268088721856,0,41.89335932004404,84.63939451195762
-79.95521774186523,7.909983721334214,0,32.81324587190228,93.60149322219635
-79.80061312346308,87.63394210036387,0,29.338208920527123,12.628995233527654
55.982924820918754,164.8974737335369,0,20.44166543080227,43.08570666942107
13.23256,123.68554,1,32.05757947158726,25.799538188862087
-59.54250792884864,-18.740616552641853,0,8.751958314858824,37.35789157147922
37.3809983515733,-144.0812547464958,0,26.500991640063557,77.3148749244192
-21.68195902794467,-11.896718695160928,0,14.825846757847476,83.24810711536757
47.07701,123.01585,1,29.845161768691746,26.93867720973475
-51.25730480980756,47.771420109733526,0,20.731760957630936,69.24046307052322
33.42544328660597,-50.02784847596334,0,27.12910262651416,67.22843242095253
-89.71985170307654,-16.222227338591836,0,38.49371063681109,56.44776340521245
8.47511,13.29338,1,41.045067535074864,28.317451631520413
0.51632,108.9653,1,32.28744245743771,3.517462294299655
-72.20720422951312,101.29784517593396,0,4.615665106723432,76.28787559717271
-18.69648130635963,-157.54613923577156,0,18.809970749797273,65.70790275793603
78.38921843400894,30.638487731538646,0,16.45010145557618,55.85563102672428
16.21495,98.64336,1,28.039637353444686,12.51880807908913
17.75739,98.1718,1,39.765652704785616,28.368320098417353
-51.80657854922667,-78.49902009681061,0,17.643259402623535,65.0703596751124
47.50847,124.81918,1,40.73542351069089,39.36679148183419
73.05213286863517,12.963866686978179,0,23.530206668601565,113.53508417719198
13.18751,33.15255,1,33.93342655778002,15.79982262472081
7.04334,34.17276,1,35.636188877256295,28.70123468295302
19.65439,78.27393,1,39.516038751238845,22.14091476550115
34.39481,-96.47584,1,38.836704737001796,13.89724557544805
19.62166,80.34349,1,42.100425688229436,20.62377416661892
45.24697,126.76471,1,38.319378708821816,47.18692260457921
11.96004,14.57078,1,32.2104999659515,17.034384172500346
45.6879,47.77887,1,27.295459934835417,27.6320765802647
17.75602,-92.92403,1,34.73493124471758,34.18803002925084
46.97649,123.69329,1,47.00993180955492,32.236150802755546
11.64193,6.41944,1,30.548544535533182,-1.0025074109474303
17.93774,-93.6721,1,35.78748205227047,37.77567241116773
25.81424785080776,-114.9620380678415,0,11.483810217646168,79.09468061143988
-43.7752901676468,127.57317669396701,0,1.2809443995053371,41.563750179451546
45.42632,74.76729,1,42.20710065267141,7.73590088598902
16.73664,105.39016,1,26.920714340752077,24.514328726224477
8.11993,33.79593,1,44.46623446534606,17.407535676683743
-86.17401716156716,133.09745135459508,0,35.19346835416643,45.527399969456255
34.87325,-88.99413,1,39.723539320938876,34.40975575480035
9.98395,-67.81323,1,32.750488278908286,8.986263718674907
16.21384,98.6461,1,28.97281156429142,25.705620659899616
-51.52246136143372,-86.4822368537143,0,26.56889156357797,48.72513717623343
19.71666,80.44264,1,36.14004616391319,24.803267774153465
33.01071,-90.8806,1,38.96331435109133,10.665071321371515
18.70352,104.36061,1,28.82634479263663,26.38361575868756
9.78078,-68.87026,1,34.67730614958333,23.459912604805847
-74.79155380566503,132.4076233653755,0,15.883702608455152,70.81554847933772
-15.334614376383627,-21.37042223555906,0,22.80647997479064,44.48103196955475
78.65230527425888,-17.15182118972851,0,16.856435964362234,67.44181764175649
20.006814380329544,114.28545028611006,0,9.274732928019967,39.05035566743147
21.67167,82.34584,1,32.99734779398034,12.405372793557143
24.46061095057094,-145.44296688159068,0,26.286806114505175,64.00434285225477
-76.17776243243557,102.94900409376021,0,24.28331130625937,49.745139144519115
13.99359,107.26038,1,38.49204776474972,-8.417228558734994
11.03371,14.9643,1,36.922952743059575,42.00888961532069
47.47601,122.97075,1,34.73573174606357,12.589171931532974
23.83352,73.40723,1,35.87383348995694,21.28512781733055
-70.64009317031636,-14.357321970241202,0,19.403566214527654,55.515586311541256
7.04205,34.1638,1,38.51686946864714,20.750637553406598
22.81125,77.60225,1,36.00886183080037,15.374124967344095
45.67494,122.80718,1,36.81544132683962,33.94915488722822
46.85093414156054,100.77794429734581,0,40.53849919181741,37.134698955033684
-34.10582280796251,96.24947562328714,0,19.912394132460403,55.04356227818436
19.151355859815624,127.50757231272627,0,42.49114584935763,75.18555519405989
53.36613467834684,-15.048413316874019,0,32.528036720053144,22.45132342225685
-77.21651469047819,84.71448211683514,0,11.908540672634468,61.35234434903214
-22.505323916881736,-30.742874418338886,0,23.26653611996162,61.59004849320744
45.75903,122.99618,1,29.2449674837744,27.562662076294483
-48.22597650490536,-15.610464851418413,0,20.97413985896746,72.1122205832763
9.4536,-67.77518,1,28.69568535621817,23.059958095526184
-1.0079606235829885,12.26301369442524,0,32.252530086305185,70.33202948985014
8.99911,-68.66898,1,31.440157758499154,28.381754371311168
80.09445014266026,-157.58247168581434,0,27.94685545370745,34.737579494804166
-46.15065889305997,-123.48032230882022,0,23.48391416711586,81.95145210464173
0.99172,-59.37741,1,33.80844864098527,-4.706442636478787
9.81893,-63.37823,1,38.07658937972572,8.717077887147688
15.69246417622098,83.14951076822996,0,23.21553680847827,25.400002312749578
9.79325,16.62152,1,38.86760681645554,16.73840424007174
-1.02144,109.57488,1,26.996957203190384,21.633813152378604
45.56572,74.44862,1,45.89510436882059,7.61568638298089
27.03887504759497,131.56552301506656,0,16.074533289609462,97.98676712839173
51.65256,14.3214,1,28.48043746764469,26.05716789140943
53.68666,13.52508,1,29.31602812806534,17.90069685754335
19.79566393500322,-123.00941700739523,0,17.57530249615563,38.505899174207144
-30.709720849990603,45.635492101625005,0,22.69379295388819,80.40497634979509
88.81424893584642,-138.2525895083746,0,19.557909339855975,58.17926201265052
-60.58544511942956,-20.219996103743767,0,18.939427346442923,50.1935464026769
14.95347,101.19352,1,40.407389783802245,16.033286204153896
12.02769,-13.85605,1,27.40604940358623,16.38947145142101
43.511186726871074,-92.45608930768931,0,37.85263882855472,70.23684149044624
19.56702,83.55265,1,34.940952655696954,0.14395147624233573
-76.69542458597414,87.32876694123894,0,20.59990061853052,43.49365224551582
36.17711,-93.46602,1,50.253496957745575,12.586594449459884
-21.963060735107888,38.48708777648247,0,14.248368848199615,58.32450665839767
13.87594,106.94519,1,45.00367133427707,23.455276140814867
46.46621,126.36795,1,36.54576100072722,38.45959373163748
15.65027,107.97977,1,34.95834202495889,11.03064445873031
18.13558,-94.36266,1,38.420926366969375,26.01093526643571
-9.756173186629624,87.09483830748968,0,9.908458383558727,67.22201903392687
45.72834,121.91335,1,28.328247854821697,14.595877770890167
64.41856339858128,-83.844269631763,0,52.505497084087025,64.40758561151907
9.64519,-63.57281,1,44.256944325871316,7.730015193338504
-27.169495858299975,117.90929981340975,0,7.9809577956935875,57.17435644905741
9.99294,-65.83559,1,29.734236770303543,21.4260647261861
9.56045,-64.93457,1,30.1102252235196,24.592553584428973
45.60521,47.81497,1,35.2487721307546,35.12167273936581
52.271805471538926,138.60199491923328,0,5.802168064872095,21.10050204814864
86.29424596129888,30.58417978512111,0,23.966945992067906,79.30971012974823
16.657789269929125,-113.33115962597377,0,24.37022168993774,77.47425950749461
-25.076615134624433,-103.43249844711033,0,30.867545353713474,88.76869291097937
7.14383,34.17053,1,33.42004351379886,29.714152194318096
45.62704,124.79108,1,38.79959928397846,9.664640753302978
19.79088,79.92416,1,45.86526717643328,0.7683752664269079
-16.667554027675948,76.59097154831949,0,22.254363494966704,56.68700834197334
-4.036072224121611,-145.04798644528682,0,16.09554907652124,62.357918741349295
45.49636,122.05421,1,39.744754341813966,2.882269734199504
-58.89105578858041,-129.09711838245553,0,31.49510865112518,55.74561719803571
77.01069702903192,35.36618482053572,0,9.970550643731377,53.72786960954929
22.13469,80.09508,1,37.17776791943318,15.693202594250092
-6.45701685124267,-173.64000937918502,0,27.03140037667076,55.43364462751292
14.08866,107.28706,1,31.14835473713062,22.31422487798254
-60.76596834275912,-45.328619731747324,0,15.967458754340676,74.63101710718247
22.079014431420916,35.983361477476365,0,-0.4841701915828338,54.99100113487445
-23.135091789058464,-172.20564178698677,0,13.88390297093962,84.44224171281898
9.65367,-63.5391,1,28.26805262648081,26.78852611343568
3.9699521228769044,-160.4668323572594,0,22.05927325946284,61.6387394826714
25.43197,-99.36467,1,40.96071915284513,16.389884496338603
10.03659,-13.10094,1,26.09836352320817,23.254335521316314
18.84466,103.45441,1,39.186068929243234,15.595172870127213
45.307,126.28049,1,27.08609372168045,33.55542463123936
8.09171,-63.66058,1,31.817436099056692,25.185739536432607
40.26669388794457,-145.79256438407123,0,22.611569839370368,70.64293543918723
54.58379,22.22821,1,38.79593301971522,16.21772183285957
16.96077,-95.98692,1,36.1124271876454,19.26596162994253
19.88734,81.11998,1,35.34083579318377,44.940902892630355
1.84655,101.66422,1,36.663146082455455,23.74570566816307
45.66277,47.81656,1,27.72629017100068,15.907243681806705
-21.26125,55.72643,1,30.790160380711317,17.43618846456643
-52.746325386146516,155.27128259870182,0,24.105411198652412,89.32637169549724
16.20296,98.64175,1,32.05697903293357,15.745670181489386
-60.37723509885778,-14.454587941583299,0,9.730403487707397,37.32992012005084
16.88224,97.86923,1,29.6778066719747,24.218158417398058
-71.37466402168278,-36.125144515254505,0,36.97598183984093,82.54326390955171
76.60572493896052,-142.43819987651824,0,13.851480943848616,96.40213043374048
9.86787,-63.16953,1,38.28574729749776,32.46087207976785
9.06421,-68.25206,1,33.90297890162816,19.772500796345415
-9.616144069090325,55.369377616837795,0,7.633482419487446,18.004856344893057
8.717901792005136,109.77372331155084,0,24.62414438292153,67.52786358179434
12.73766,98.79429,1,41.00395653648551,16.11920160787035
33.843812890052206,-31.531690769456674,0,20.63902497132842,77.20371166151142
46.2664,121.39605,1,34.35123260765493,12.393684657400014
88.94482375072118,-100.12263633899698,0,18.673366656248632,51.237709257965825
0.9932,-59.38462,1,27.88989743354076,26.355122745859582
-37.41308211345445,128.21461748917824,0,16.99909912411198,48.10516697055449
32.93393428077481,-143.76924322256727,0,7.083406175213565,57.091141285834716
47.9931,23.7617,1,40.735561283292306,22.272536994720458
75.20149957238687,12.361917233752962,0,8.62630266238613,38.233951172358935
19.96867,80.32554,1,42.18905808819504,16.72959165441169
36.146220015526325,26.89673834608962,0,4.93946223250731,78.25508470975439
10.307,-64.16804,1,39.85195346651623,32.73491502382233
45.92859,122.88156,1,26.588069080714128,43.27993648058294
71.38751462127846,-170.48760498627388,0,18.868284078231344,61.79649349650829
-68.63036276090389,134.4317243181069,0,25.935447903227633,36.57932263037042
-41.30754412286645,15.832860885314716,0,3.1099322259983104,79.7878747002031
46.07078,127.19744,1,31.352772587472998,24.778374284085263
64.67048012925187,87.52812661691746,0,17.582244045373287,72.26893889326769
40.53137,-92.5647,1,46.08085415009421,11.614174106220792
-13.17557837686482,144.68039140702132,0,37.515043729599725,62.34823189228932
34.93409315409096,-96.936422939282,0,15.031174718250028,72.78770384345904
-51.2155161691805,-9.806200918050877,0,15.416798832172944,87.56896506640417
27.50542,52.62969,1,42.87554651439491,11.477632482302868
14.03321,106.88058,1,28.48741850763574,29.080891166220503
21.03565,101.53117,1,42.17825513331312,28.391564199025723
10.3073,-63.49763,1,40.497619804849286,9.453305489481831
-57.7179055411363,57.67649204840322,0,22.291108175053996,74.23695401834098
16.64419,-92.81608,1,36.313083979963096,21.896054032706683
12.92725,1.23698,1,34.69968990679338,12.209829658898935
-26.58809888035433,-173.90439990017717,0,23.657957235010898,58.41441797964374
34.36605,-97.27922,1,37.806756723596706,15.440342562627489
45.56427,74.32037,1,30.435359640095655,27.274455529084268
-81.24387178158759,98.97870527624082,0,23.693371560349487,106.72605827542853
-8.270286202778763,-82.38248437816563,0,0.29369120306977337,88.1275078153538
0.1774040813786968,155.12336807518784,0,31.579909346852872,60.52605869428537
38.91744636949997,39.68947419114468,0,20.980634496387083,63.43140468754526
24.75611,44.94865,1,33.28483117524376,36.382082587015134
20.73351,100.20116,1,41.14534994502175,21.32405137138508
25.90904,-97.59863,1,36.65085375864446,38.690342889331795
84.15482637147352,86.48624318546848,0,17.4542728314019,83.45557498765552
1.83818,104.07702,1,38.103972943126124,30.337028665870214
50.574703221573856,155.63390084331627,0,26.95773384361178,59.43025689126511
-9.560593076769138,-12.584485802243051,0,22.331587173058548,43.286476774128786
-47.90565627207777,41.15118011406523,0,27.52934135679847,86.90747430660515
45.25393,126.75805,1,35.03569302325471,13.66480787382758
-15.217038482096143,-158.92282157792118,0,13.655136393798324,30.799893683395453
88.38270558279791,-95.22230023114882,0,12.013726496766605,48.49067407256405
-64.21601945585108,50.804758382443566,0,22.39359810197057,78.87878341970767
33.81454784343441,-178.00787911277564,0,21.88183844771419,67.36709060515953
46.98411,79.46764,1,32.2602700512894,20.2785624225438
-60.62628787126076,147.19675809533146,0,33.00063480951018,50.02423192390086
30.98152,-92.56252,1,35.574894006718964,24.38422840717046
9.36814,-66.19061,1,36.83298472522177,15.939887429652792
9.82336,-63.34681,1,35.51961862540776,0.6890882562489544
31.740809855116908,-162.67695146308608,0,9.502340718353647,62.463608698146395
80.69137342804339,170.8759292841628,0,38.048395864173166,65.90729209869215
45.44221,74.81863,1,33.02774531567376,31.01553335614252
20.08065,94.81898,1,33.134618666522876,13.052131642710812
18.50937,-96.14001,1,34.49418220305418,9.231404423172238
0.5313788412593681,153.50458610728657,0,22.072250233324112,63.167085050101846
82.81050452291237,89.12139107173601,0,11.665875817716229,63.78663588208221
10.21358,105.05019,1,28.872356201606582,16.19053493540718
-8.52315313680802,130.1739398147123,0,17.528629925797606,66.36113906536524
9.98248,-65.58474,1,35.839213301340585,23.198183382724487
-19.02405373141424,-23.321530735019678,0,17.852397010313577,78.97162290080018
-60.58722443834786,-54.11624221179743,0,18.327359098924106,39.49845109065402
-40.96759929943066,-46.23358155544804,0,28.12946373445602,70.71579670578055
16.95529053354589,26.170669779322395,0,14.98153481808492,61.66886538798052
34.85602554687047,-168.4418392937236,0,19.583452500415337,59.171891263796525
17.04274,105.18037,1,42.37380905207811,23.808276845239508
79.01177369874384,-47.164542595640654,0,12.154440660761342,41.848143498254956
75.57353965522609,161.5015777703327,0,25.709190316918765,71.56704609319337
2.06555,-60.21163,1,37.9032365460628,24.11870702696859
-6.71513,13.7157,1,31.469840928036714,12.987288476516012
11.619186897267497,-56.676165159743036,0,28.771765203565685,78.78006723273535
1.38406,101.67978,1,37.15415571426463,14.962100101452886
-11.117217807021149,-72.12389250548495,0,35.91456784244646,43.97209407780788
-72.18125819794554,-173.97600965317648,0,26.20790732054446,28.45306137159461
21.54399,-97.92731,1,34.807757837334805,17.930267558932343
-79.81671263770488,109.31132781790234,0,28.893994318718406,71.80015052337377
0.46518032963837186,102.4721608489495,0,19.889878250725864,84.1133311078693
45.97038,125.72326,1,35.531272228442596,26.29860017681832
14.27567,-91.2671,1,33.752933424046965,22.487497988770098
4.95196,10.58753,1,43.51969370107512,27.091527388856655
-79.1944105877609,2.1592283462444186,0,25.7429194429911,42.92067297863291
-53.62233995336335,-142.85421536846556,0,14.73198544381259,36.89152224855732
9.52278,-68.66042,1,36.69522337416829,15.569178631077872
10.29586,-63.58052,1,30.156172969501466,24.60517429624651
43.17762,124.16061,1,40.56485363852341,11.108277836290924
-26.44612236644273,-79.28868428236466,0,26.08591251234509,79.92706343448799
-20.423125179019436,-91.9915950059823,0,4.083062108192921,76.38756682363206
28.06108,-81.89129,1,35.89343909341627,18.988977753858286
11.551031544244694,50.60366434164135,0,5.877806423300235,79.48282655776336
45.79061,122.41456,1,26.477776490238384,24.67991912850383
5.33341,8.01911,1,31.171849327074646,26.493864803791094
16.33415,98.17146,1,25.694935288155605,14.18663871220431
37.43572810512208,19.03388935663068,0,22.39460898988971,65.11694767848986
46.33754,122.60612,1,40.58920279165692,22.97597164912695
-51.76994707994035,58.38798228350953,0,35.03373068202111,52.89041564601775
33.40894099910206,-8.759203652586848,0,23.37289414219282,124.36580067386737
-10.39536,14.12692,1,23.772035739702915,18.16745068724432
54.16148,37.71481,1,29.266727487956075,25.298908954891882
12.05974,103.80581,1,34.55690693540759,10.60121333486978
18.69272,103.73273,1,37.900944839737235,29.817660770785277
20.14486,97.89209,1,33.58123204789342,8.334808543468807
51.23966067044873,44.56376501791348,0,0.5464920744391364,66.68699968054833
-50.80055948362937,147.73333620349484,0,18.234198478545977,50.68114758477769
45.66046,125.61056,1,39.12651793127516,12.715468943302493
14.73183242760389,31.282491617825343,0,12.163758819053067,50.807629522794514
-53.724264616070975,-31.9668888778682,0,32.665631677507065,48.42506708282272
51.88017390060355,9.22776707450626,0,20.00207145592215,77.09575381400583
20.7736,94.89169,1,34.699388254076766,40.47319988797881
46.68721,123.58907,1,33.10013218498583,27.700335017610893
64.64320057450794,155.54962364043405,0,22.750222065481516,80.19413364153796
18.15706,-93.64042,1,35.349474188647335,25.0005609740911
-38.10583,142.39178,1,28.339987825259264,4.639644952342827
6.55295,-63.40094,1,23.41280513730697,4.816662714313251
7.97613,-67.97825,1,43.3579686815532,13.730175629564876
-79.51805321638871,59.85315798260979,0,19.345478749212454,46.72683403508089
41.30283063769795,4.007794064167371,0,2.205041902052603,76.50180991467832
-57.159066275857285,-2.6962521938242503,0,22.349866748633445,50.32120881395159
88.23838323403123,-134.1645498896056,0,22.588422317921093,100.56154428662633
19.18269,103.36262,1,28.75837262615427,17.69092934249753
-76.78462922771456,-33.6679281641739,0,20.821163077639177,59.78072184161499
45.20242,126.26072,1,37.21363313652012,11.974822711744173
37.763576973118674,118.90716659407224,0,16.47093181236023,35.09182908826784
-70.7116813772902,97.51146835345833,0,7.438246572267218,60.602368620542904
-43.969039811338426,131.53541375214456,0,42.543190700642356,56.94008811355587
46.24417,48.13276,1,26.381799760370942,24.202872894409943
19.10055,80.51218,1,33.40064547868676,34.70057517227578
47.29586,123.15343,1,29.20683763861793,11.658511814008333
17.52119,-93.81927,1,40.92718943901606,36.951480025837796
13.87927,106.26438,1,31.018789380859953,20.742591858454173
6.491165214697048,22.782552040417585,0,22.064506363627252,47.575272021640565
-69.52073552132013,127.66506048247555,0,20.233588585362146,46.48199130398845
46.55229,121.96487,1,40.22835574289881,25.822589117828922
0.30182,31.40945,1,28.132971131726812,9.869839178311386
-21.51194861686632,-111.85098648963984,0,19.621810316098536,71.24725463747879
8.66055,10.3699,1,35.82305380932293,14.809251271763504
45.20984,126.80722,1,37.04831289497646,20.846912973147976
9.04344,-68.57529,1,33.466262888474006,9.168181183545354
33.26519,-89.01333,1,32.65947847757028,13.478724505640542
19.1946,80.7937,1,34.50158365034216,9.94152962044685
-58.04842541291552,118.52730396712462,0,13.660958176995095,63.22571827057491
-87.20132726983014,54.0229298741404,0,5.3944419987863625,75.43397628260689
10.0272,-68.92295,1,36.03799739730906,11.261753065377645
72.46030057705923,4.300506935890809,0,21.433167366605446,40.77283376858976
-48.15649199811474,-146.1536185982664,0,22.693088839972532,78.7888190332429
7.30557,-11.88363,1,36.873967230425386,14.052459290909386
-6.7420922639824425,65.58834776802979,0,15.879852127203746,47.068995899754
10.15142,-68.71339,1,32.768485177111934,20.34053604135893
-41.47083886689716,150.1481471850036,0,33.64615621000833,61.732218305215646
52.711287268640575,-55.238904706182495,0,4.88796945395616,18.713030297395193
43.36466776020072,138.42811964268162,0,33.66600489950017,49.44869158533706
-37.79908,144.03075,1,33.975218468184075,24.238125327923722
1.65286,101.47681,1,41.332947638932396,27.793966451920298
45.3052,126.85263,1,40.903161155505174,16.193582981006735
9.82483,-63.33638,1,39.03827340171519,14.410941090406638
55.62296131227026,28.971603864046386,0,40.60151369432593,45.679033594974285
14.54557,-89.75723,1,37.16827321689018,15.694716415941029
-0.38162,110.22421,1,35.526169816558486,18.58611928948482
-13.683350117395548,71.49538835958259,0,24.82839662397851,93.90541892786811
13.33711,-84.20599,1,38.31350530662457,11.197330920309417
-18.56817081197005,-145.02421103335126,0,20.213911251314613,34.91930387654637
-0.19730677923976714,-101.30421752815668,0,28.949039340746236,48.81758710852506
-23.24554596480715,10.957061506644408,0,4.93601773311636,35.731975005348666
17.87676,-92.49033,1,39.25056704537785,20.28275539306286
-79.57108929972716,98.54779333435908,0,24.544731521405893,97.41177213358858
19.19439,78.89799,1,28.776843067679152,14.864128356759442
25.53154,68.90491,1,33.36088457035455,-2.7095997544201182
60.798046450901836,12.170680127185136,0,24.641064445668956,66.94837108809925
-37.82328,143.10767,1,38.70782346326491,27.483128662510083
8.7538,27.51527,1,35.06623199295419,13.047302043724816
8.89303,27.70288,1,42.35278799971812,8.298845059361245
12.86505,-87.60809,1,37.46721811385739,13.469190555814578
14.06458,107.30208,1,40.78594344793959,28.648131093263515
20.7313,100.18797,1,39.929379293897185,20.202071668918748
-63.869714368718675,-53.33296219046589,0,15.580002482421794,101.09802951143931
21.82011,99.46183,1,42.51928777485781,42.155606233067196
-47.97397185466613,36.09015147819818,0,21.92601040440046,74.3475604243243
46.30359878265497,-85.64175622867857,0,40.61746884202804,50.01646022127847
46.7115,122.45293,1,34.07082274857468,16.953681454811825
-9.689781264242427,-16.018721429011237,0,3.3800940407992,110.81709740889126
-48.90423913707562,24.87447812764603,0,18.721775034872245,42.10910019903518
-79.22494851076522,-16.348742284825562,0,44.319444107505404,77.07346505982736
67.09011110789916,27.80342108057647,0,17.276739728474254,95.3349417461163
-4.86112,12.02003,1,31.053790524232053,24.49349522320627
-6.59732,13.76323,1,41.6280922543591,34.0757090364106
-14.719579386909913,178.8627379127197,0,41.29663223570745,49.72554766231985
22.54456,76.78329,1,36.102697565016705,15.158095352348692
55.48189728257685,34.861750911413935,0,11.1430779226747,73.75887852189767
6.72878,-68.0247,1,42.7986017325234,12.407284279949888
-26.445159825746742,-108.5119699270379,0,1.9974049595154924,51.05189512893634
29.764235501459993,-62.79829146223564,0,22.88335842198763,62.04958311686078
32.0428908841144,159.5257600278481,0,45.66611686975179,52.37924722502641
10.095997284175183,126.15863532675309,0,29.698240385895136,45.57711607165146
-20.976976725199734,154.32598492819295,0,22.843053994799476,18.563154024901436
41.78431497559089,8.058271221039575,0,28.929115569594035,73.16339585564111
6.73484,-67.98783,1,38.94828415181951,28.70780890355819
15.72569,101.17096,1,32.36464478910065,15.975437355172055
15.73912,-91.67825,1,32.589040346512114,38.708424248524274
-50.780806018611614,135.82002051996506,0,19.68646394707094,21.23075371479056
46.05391,48.76369,1,34.31373016170454,10.346799168162137
42.47312025689368,81.57560394908722,0,1.0970416333855866,105.1403705558231
19.96005,79.36671,1,30.44490794873869,15.133130563182572
-87.48239846136003,30.460735202689307,0,14.889257896462407,42.394793536251996
36.71193,-96.63747,1,38.763027528946246,15.258991222894934
9.95424,-66.2805,1,36.54619470878468,7.384318717046996
-60.41102613453728,76.58338632449977,0,5.925805864099123,95.70785579548512
-81.39803440281717,169.3584041412784,0,26.664432787553434,70.68401192654335
13.42701,-89.02085,1,21.704617765164883,37.10969883278294
-54.019012226623225,-174.90154536085535,0,22.255421214897883,47.076495073500354
18.16594,-93.64193,1,37.63430958799749,35.910243523006535
14.66668,106.32922,1,36.40395397305848,14.92429880226143
-30.577385723232688,120.91407290992441,0,16.910286879790277,88.65139149869917
7.09589,-61.685,1,44.47827748764138,24.807222069187542
8.17344,-63.13028,1,31.36638026735401,3.808163131746113
64.42121919689393,15.759033230780688,0,20.250131497911806,70.05512008522312
-34.756227107570645,44.933910469724566,0,26.708936225319626,51.874974045632
32.70299,-94.22507,1,30.2346462991042,33.016420460179
46.29334,122.0646,1,34.20561209520909,20.858085560495986
19.77752,103.7428,1,43.340076307051476,15.79260742289615
10.12199,-68.36856,1,33.56755620390943,22.61888671318428
-8.450931849665906,-179.90863181287529,0,29.520161857206148,79.13661098267018
-4.938139028966162,-157.41268803915835,0,36.69497263577202,51.11084641643425
72.42047449590814,117.6536939388834,0,9.96087585414482,72.29693656097893
12.41046,-9.5714,1,29.166223982835156,27.93018017191755
-0.60635,110.38902,1,34.690192836165856,40.691652466051195
12.05355,108.03854,1,37.44952023319202,32.91373766991963
85.52255016161911,-146.7424964507968,0,32.38303795839144,58.977025152106776
17.7618538923993,-142.2121905296352,0,9.564770441380588,-4.097944934089753
17.71858,75.29477,1,37.09939501015691,10.662426900144826
12.24344,-9.57558,1,33.2110840597432,19.926106128694006
43.5611641711904,140.61925430513577,0,16.466661282709346,101.71844340601578
47.02729,125.52861,1,29.625467768364516,8.731429588059234
13.9812,107.10625,1,31.474094738965743,8.917755246037144
-57.715091942463445,107.05569424769749,0,17.455501428480538,54.34912470020643
78.80286589650345,-131.22520054533763,0,20.204898455324805,61.599190969745685
10.45831,-63.57347,1,33.77798732192071,30.134136491734274
10.48038,-14.07532,1,45.96203060246975,12.955718727551568
13.60834,108.36926,1,32.50293578489801,2.6699459903617253
16.57186057322697,54.83234335039813,0,27.110748479509766,40.19218791139376
-66.43215697571307,-126.04035733005048,0,19.58298059653421,56.40211228962238
40.43906753688702,12.713222552889107,0,-6.031255652095808,40.79234850866406
-23.078158320979057,-83.87579282981116,0,22.88611457605155,46.11215197959251
9.73854,-63.47208,1,38.12136313142531,37.0028384956765
3.28844,113.09356,1,30.458119458248564,21.04789183342404
75.01694136809303,-132.98343515906146,0,28.45463140284502,49.55840356716177
4.604806688571102,120.37772332622922,0,21.161520643424076,71.23063835949856
-27.161353884876185,142.84658907926746,0,19.08405126190161,70.98463757490948
16.915307928845166,124.39115445090403,0,19.438085418851202,66.5107003946355
15.30117,98.09145,1,31.504305589601607,24.690738925247587
28.41789,-106.7331,1,35.337742515383866,21.617045984603156
54.382216133773426,-114.58132983108416,0,4.450776774003149,66.42646108329953
45.12439,126.3819,1,28.583757735656654,10.293604493692627
19.39011,94.93591,1,30.52300004207163,13.194884825141742
-87.15453730211033,165.69587047448653,0,14.291917364456484,54.86888789186291
44.470725818102096,156.04291506310994,0,10.68962554283126,37.15995099711256
0.6571065571394001,-27.006934393817374,0,13.150097552445068,57.44664912733089
9.50138,-66.1001,1,29.545543617733333,19.673688322435755
-55.02715910503145,-69.04242733899254,0,20.78284468147329,73.89638880943903
71.10827652278499,102.99301277156218,0,21.63165782589218,40.60460415459133
37.98262959879217,96.37846633261944,0,22.271943077178328,51.12972176858193
-29.318146594245945,-45.87395574955403,0,19.81638195935862,57.75094951047457
84.3372712334727,57.05577058517028,0,6.033796809995369,55.041415595276014
32.31778,-95.85777,1,37.974775611058924,19.80964498065212
17.28113,104.98993,1,37.51388378603518,17.014945259585215
16.20632,98.63809,1,37.91694647483582,34.890950088973085
18.72149,103.60618,1,31.312250895445448,15.285070409355027
-52.87576750539675,41.693977095790046,0,9.169521627495419,70.89270203416234
-58.380826077094156,-95.00543450461842,0,33.37524463201393,86.77410458072703
10.0412,-64.41187,1,29.800239047448375,8.013176959087678
18.703264523544732,76.51065121075686,0,15.82961555094457,4.881095559755309
-14.714914471096733,106.25005283548103,0,25.34361716791204,71.75226740428934
67.43810734987778,-27.962923853074926,0,15.809822333455218,60.924080131218844
45.66226,123.38239,1,46.0550038377475,30.35663060944833
65.62143944052417,-77.03024351027494,0,7.1068654711300425,65.65502438131313
-81.76175015874313,54.92586029645864,0,13.441135454974745,55.57334490119568
0.54999,109.01837,1,30.89374803163265,6.288849978222151
11.96934,104.4271,1,30.853822653746693,26.161504494596528
21.19904,-98.22203,1,31.565918551314567,32.57369287013803
7.97466,-12.13497,1,27.647132638644987,36.57827329920643
1.1086184230406815,6.304516048509328,0,15.555353970838299,92.79378619148223
45.84336,125.40888,1,34.38264196740918,7.142674849329138
23.35056,74.61545,1,30.772581369264223,15.536125852226176
46.2206,123.41206,1,36.34653440330343,16.972784655987997
34.32945856781751,29.84004695914078,0,28.637044219236454,77.44344225512937
-15.778286554194963,4.899927216751621,0,28.47019274369874,49.50898672855427
44.33695,125.37898,1,35.169902276055055,17.259100631138047
-54.327983144860376,-85.62898567608785,0,16.242833616184832,77.42141902014609
-59.933447124920896,15.867638470950794,0,16.633100116608098,82.45672682388368
-15.127977373768843,51.049718659916124,0,39.43862555031295,41.54686724340759
8.647994749630485,28.976423851760103,0,24.845638429040534,43.48327018298304
45.30528,126.26427,1,38.74631687603611,16.351369366068273
54.77467,22.35269,1,27.969829677193523,25.232647158112094
-42.79081279305315,-107.24774251529705,0,17.140814220224854,63.913224521169745
34.69835048711283,-169.08324502125683,0,42.1821063851854,8.380319386956046
-11.423265493886575,105.26826761907535,0,16.541630897504902,49.96056055279508
-58.213088523458055,-152.48835979279215,0,12.868401868938383,71.89319853653093
45.88204,125.66943,1,35.973091230954196,17.183527990898057
47.47773,122.98425,1,29.74285529581013,10.788940506850206
-66.87251923723196,28.158342455430954,0,38.825409750022196,82.28940776280746
20.34451,101.15122,1,35.712781754593095,-4.9363851740092635
-77.20780084364274,64.77224417257887,0,22.999681207440574,66.41137346593469
-70.81776865644696,157.11579096808424,0,2.5425423897343826,20.50660629667908
52.42892807939151,-153.1964947064233,0,6.870962945949872,97.14049428047682
34.813327071369,84.53089924856516,0,41.996916531193484,117.18839176619103
0.98513,-59.37309,1,37.61682748158307,19.755311905387266
47.58057,124.44084,1,35.76944276417846,22.93711147664088
49.88952107821322,-68.66306116800105,0,13.638242417750217,61.671857955361695
-24.020521410066948,-123.92143154294877,0,18.617047593326546,77.99116725553915
19.95868,79.35747,1,35.88922857963112,10.973070049777998
13.21954,-83.847,1,39.30430265595557,35.09593888866452
45.68221,125.52142,1,34.58708699399254,13.102817720375132
7.51241,-68.68602,1,38.69084469150464,14.00780154156913
-9.338912326603023,124.80393747519105,0,11.352350561366222,57.56459431949313
81.68835034724682,69.93386746746481,0,10.91855000273087,51.323455855118524
-44.37889944048128,-83.74091983128977,0,21.058761351217306,62.75601702403778
28.219124905919486,73.5552579896625,0,32.69782058698551,48.659691724514225
45.68402,122.58779,1,41.16257142055459,14.332135942041724
47.04793,124.68981,1,43.91360851815124,33.48773896144594
-2.29680942028547,-21.036409032693285,0,33.14332795153735,91.92090248925808
-45.4916081705524,-63.76982691174534,0,36.30403531962957,86.4520799336346
56.68337737744281,109.61605535155246,0,5.1579915735643596,43.40351059548498
10.24406,-67.92312,1,34.69942056986378,21.265592093378718
5.57059,7.92806,1,23.450823607042132,11.639443508981973
-70.42697329599812,15.96123617806839,0,9.235585445684142,64.08901958212682
22.66337,71.3511,1,27.22296803964857,28.085212583839677
14.36997,-89.62753,1,39.23898641758691,16.599683885408822
8.959524195745303,-34.8630882059779,0,18.220154862713684,37.93587048374121
71.24045355139887,-130.80311453482182,0,23.912026201935106,49.132291538566975
8.36951,5.8817,1,33.45641834950395,25.396506896860917
10.32013,-69.35262,1,39.58418493242731,6.379351242019403
45.52205,38.35248,1,25.17693057521638,5.789503375685454
1.69732,109.46883,1,31.18637763125474,26.779012011528632
9.88068,-63.53125,1,17.11516678639086,19.547541308156198
21.96298,76.34854,1,31.424623479681024,27.309885155272845
-60.49006091453012,-46.85568666214857,0,21.386270437970257,70.24911475268061
0.98617,-59.38466,1,35.99531087699067,35.76682046502136
-3.3719579010660112,-148.85465057446032,0,22.743790568900124,48.60389055685505
5.78515,8.45251,1,36.67837206480284,16.35232320255049
19.40268,80.24507,1,34.199393373614974,12.026032403049744
-38.13984214623289,-119.18112722146796,0,19.70385491659693,54.91128150992074
16.775315314823573,130.78075388547472,0,18.079991528145527,59.416269837317444
21.788511723303387,-24.78336335538188,0,13.899507987614864,46.835768952929804
-8.667818550342545,-164.7476828873251,0,30.4200726231617,75.28118201285312
4.911414033739348,15.094261484285596,0,29.664055829265045,45.43297090218658
83.16623779359551,61.40663574334158,0,30.640967667070917,43.840303526044096
4.294979838662954,-149.6243016187051,0,10.726573159284602,91.55927664535223
46.256678633384894,-103.97182368229704,0,18.025119633658516,61.86169116928072
21.941264778857516,-177.78588987232004,0,34.24515151354332,78.56944356680717
11.02493,14.96303,1,35.04150540466304,23.18173195942763
12.48289,22.89096,1,37.09498689777264,20.817572877885137
78.6744082799352,-91.52501212247323,0,7.610034614600384,69.33698333749862
52.60532,14.24076,1,37.10949143670848,7.707471503238672
55.852457193720994,59.41747826836982,0,-1.8580468171509388,51.11426164120724
18.149914036585287,104.49274468003512,0,22.594359133922854,66.8298139389016
-68.96132862016941,25.08691876646199,0,8.709625453875171,62.79149702111942
5.751776903097721,175.0472939330299,0,24.296868820137142,72.15031943822544
-75.623796972289,67.56181039460819,0,25.4921803770061,80.69234186033901
0.9514173534773107,-127.30026709506635,0,15.037038214994276,38.48565707547014
45.56623,74.34879,1,33.24908580950778,14.869657927355364
25.99966,-100.31625,1,38.934182035578836,20.458554838008844
9.46863,-66.14021,1,31.42442234634496,34.815905699940124
5.64662,11.43536,1,30.831814699660683,17.280728683586556
15.03207,102.1929,1,27.519487406988638,11.445144793202802
41.19076316367946,-157.35511905443397,0,0.8751441200994563,19.746627350334585
75.79884379561315,-32.351396143493275,0,26.53316727903714,98.35819827244039
18.76823,80.91087,1,35.974418117489186,14.105021929401694
11.496260096242239,62.08083084912161,0,20.136652061120007,36.34147715299373
0.27283837547636836,-120.71592029212584,0,9.470233853494323,44.718921053467206
-15.945514493716033,-13.75608477043258,0,33.21005039976871,54.845256418576994
-86.05679710003956,144.7031129255787,0,0.7389879459541824,27.070892405187763
-44.72146125208715,11.26581931861378,0,29.152878723656045,83.96690715766454
13.32069,108.18546,1,33.626972563913085,30.37454621328679
9.91949,-68.7627,1,33.895278549814236,23.86538150106511
35.0401876252386,-65.78417385289227,0,8.4836766726662,60.672752304170714
8.9376,10.4325,1,39.118050539207,22.33980198115436
42.57858,119.12503,1,31.771767399320453,1.1644896247339105
-44.48945741419559,179.24257463982946,0,3.9356184960802025,55.94002510318115
85.65441429504904,29.54897150908144,0,18.514125584166436,55.8619426560341
0.9057463543263538,22.119991580186536,0,3.202795447489116,40.343707876997705
17.40664,105.15963,1,36.45880809099129,24.699094742251297
-54.01951656465406,139.275731285792,0,26.977223800955457,67.89811563178445
14.92359,78.8104,1,46.68041250997941,28.781457508911462
45.763,48.18509,1,35.264767135920124,22.177675029420993
-41.436842937914385,35.43988293091121,0,22.833409978153007,49.53720903238333
50.58445,24.69436,1,41.654322639612616,26.299327672036004
20.33485,101.15259,1,31.03359938717622,10.89871923042201
-85.27402880363329,86.32227477331645,0,33.210421081236504,61.22529383083914
55.45992211471406,75.54967732995189,0,33.65043496816515,74.29437432203373
9.3782,-66.18311,1,35.88049359276254,15.232026437408736
19.087078665874117,141.25588476870485,0,17.590206251430022,65.23880739917858
54.7519,22.6405,1,35.47493100821697,21.458859525477248
8.91928,-69.11032,1,44.81522208832099,29.455083003545965
36.33575,-96.26607,1,39.36092940996861,33.39233015156351
14.97943,106.39391,1,30.215302429151276,29.670957992097883
4.97502,112.97924,1,26.285517690748563,8.267404852042644
-67.23476796022051,50.43712630042114,0,10.755776011710878,64.18210122246427
12.930462427174263,-155.3493675684174,0,18.88838080258273,53.90700501733736
3.66369,9.92049,1,30.001750987654987,16.315314907403497
78.244927472086,100.7451771578693,0,15.937679753353361,87.72930005331574
19.21246,79.07729,1,22.447876841837747,19.950168805879663
47.48945,122.7946,1,36.21200480922566,21.3641786601174
44.736986378137715,-86.3747291524849,0,19.612018877590025,44.29236442157474
-1.1133288343359027,42.181710869440906,0,12.04274757609685,78.47204590628363
46.5002,123.14608,1,36.80192166640988,29.509724918243258
14.67574,106.47513,1,34.57790490881431,4.603478282616432
33.2408,-90.12587,1,41.88706110337108,23.147232308014484
43.88521,119.80439,1,35.103118555029795,11.816529876762706
49.9288734831222,-94.66694246596846,0,13.049815965330358,69.24602972792803
12.4204,106.33884,1,34.068117139723384,20.087656231423637
50.7500434990518,117.17231413509376,0,16.345779321159956,40.90240283807291
12.50581,107.50684,1,39.826748620994834,6.926258869795145
-84.12239027423419,35.57165033813908,0,27.07566499892089,84.04662543595134
-66.23844418188428,130.72268920828515,0,19.027423302248863,41.580846734532216
30.74961,48.27061,1,44.88639269374319,15.344495036492292
17.89255,-93.18624,1,41.337980820614305,36.89184478754188
-14.770534827070051,-81.39462978978885,0,18.14692874931505,60.200974912596735
87.94424892481513,-19.88897165104271,0,34.73314902823553,87.04784419646344
45.57099,74.45642,1,41.976917483475006,36.64980964480212
8.057748443031414,36.29800536246873,0,37.97287669859543,43.34873399010651
9.9751,31.66428,1,36.483914587808016,24.562048247988145
47.13073,123.34454,1,42.457140614818066,19.37910524864241
-1.45789,127.44041,1,27.034667247673724,12.706046407202248
43.93714912448664,9.147125350137316,0,18.658445951120147,76.85931785892234
-40.40394045058159,148.71005613647958,0,29.48231790123571,79.16294489108117
-37.10891725843708,168.46134397197147,0,27.417791284356724,28.871972743632256
43.85896,122.40704,1,46.46341499704809,18.75825997178947
54.58953,22.58781,1,46.03189345699021,30.845687360575724
45.12751938919354,-125.81110149196354,0,40.09367575524001,68.65955246235326
14.91460996400751,-95.6966499265875,0,30.663898631527715,41.12751891114708
82.15299923793603,-56.940646501320884,0,10.156740311600977,65.07652517519105
-17.33247854732396,31.54882735969855,0,8.658078534875528,103.2382988472562
37.29896089733724,-124.77412505047569,0,33.50549309395427,72.53131205886494
12.27076,-86.51714,1,38.139269995793455,19.920970153830787
5.41285,102.85367,1,29.36764850319138,18.338271255379023
45.50955,122.59238,1,31.52666895485514,18.861233943725882
4.51708,7.75585,1,34.97343789211887,25.372128303995986
-70.66696816447487,-159.10098911057693,0,19.62527419765731,68.56074227812312
36.33947,-96.28507,1,28.51529403559189,22.03903066155914
-11.106556415318934,9.764174221132606,0,10.993324721869007,59.147866241317395
8.75223,27.50464,1,32.78633331746776,5.4351693111359936
17.137003027478087,76.35189064198045,0,17.48554729018196,25.96305629780516
21.66492,95.53412,1,35.792597412820065,20.275547026763757
-27.74710484369455,-101.31791453081388,0,30.20823379549436,35.29996036710882
-77.24280681004315,-62.29775945454834,0,36.96237886893523,96.38325856977067
20.2206,100.58366,1,32.37547562356236,13.142232838990882
43.66181,73.7429,1,39.615567805323025,25.172492578985853
-15.29129790281749,12.252464667479586,0,30.242206077157476,62.42951416767205
79.48193888584447,92.80127328658068,0,17.098372128657182,60.98803640348073
86.55283250621233,135.96058170568438,0,21.441751409814877,27.017909499669145
61.35063834953428,149.86435594176191,0,36.44118290763494,45.39218607995916
28.011122533201316,-117.14671143903183,0,24.253345393978456,28.571481501130055
52.84500811594745,176.5529143291207,0,16.34364390636928,31.998946278523857
59.415706869727785,9.586034004984668,0,26.33396225113378,59.12279594890218
-72.1217523529778,151.8174722151814,0,17.742242119393232,38.90603280511065
9.87489,-66.31699,1,35.38024197634071,9.436988311543645
18.92084,95.82211,1,24.504797197403985,13.43823772294539
-27.88511573561626,31.08921937368342,0,32.455743458033126,59.692578324944606
-33.223762953962215,-133.27467575251356,0,13.426383364198026,74.65717798494067
57.078743273236654,169.94966936571132,0,13.17025559852322,70.44342375720063
-70.80630319125706,-171.0633753258486,0,9.891624828419083,51.613001629312976
10.6152,-62.37411,1,38.547534345191714,-1.9895492940977313
-49.132108756111386,-96.06061197105645,0,7.408564021181714,73.77568522012051
-53.42212790042375,42.27067541116958,0,16.3474208885396,71.4379679462431
45.93939,122.89371,1,35.31570034939057,23.16826768495318
11.12009,32.53036,1,32.98395851689372,17.5549424629497
35.85933,-92.78734,1,33.73230004380838,23.090762981086282
-75.66390747016362,-151.46298172933888,0,27.513391334896678,48.523894609137045
80.89541977351351,-33.25394646126878,0,2.8662622627545176,62.38699307431726
43.7773,118.8054,1,44.646877575105265,30.532334943347745
19.10658,80.05752,1,30.379418689478797,15.113764768577493
47.24164,39.28967,1,37.22025779537131,16.306405135849914
-70.06377899614469,69.34566149882374,0,23.120080996575094,58.453068982005554
44.86263,125.95677,1,41.91732448823009,10.439196198721822
39.84735,113.28428,1,27.055852997876187,12.095589110907854
40.49567704250333,9.372286069100568,0,11.297012658786654,70.20987203729113
-37.82499,143.0965,1,36.07997813776069,32.91781972242716
26.86598,-80.56812,1,38.618401265520234,25.07672103637039
23.868986256676536,-109.0599549325842,0,12.16608383661427,66.1873765158891
16.509269052018425,-59.704741282030724,0,24.048816183383593,68.56943793280499
10.33435,-69.00636,1,32.95537181074444,15.232393590142895
-8.704198164998957,89.16910204081154,0,16.59132579390972,77.63417395886466
44.422661611181695,15.987200196243805,0,35.99060472857192,70.11919530961458
45.26902,126.70277,1,33.54018116579226,16.824003325724448
22.82972,-98.32561,1,39.73801878809045,4.229867012991795
58.274812482877195,-164.02012646208928,0,21.397394174266996,27.756560371183674
19.46408,101.55861,1,30.417363841987797,18.331790149248853
5.82811,9.23247,1,37.13342122085962,15.550961542264654
81.46840892201382,-35.80532451894831,0,12.905731285927494,21.77670750252196
11.83490333025415,130.20907952006723,0,11.01282530620827,56.18400815121107
46.10031,125.6236,1,36.77091313527244,10.786993672004492
-78.84623588975424,119.03180784545009,0,14.500008503908104,46.77143696888378
5.60946,14.01327,1,34.77603267369874,-2.240018028360126
18.59206,97.52352,1,32.515995886257976,21.2668846761379
9.50269,-66.09127,1,34.58678406835996,21.38165407444198
1.41665,109.18466,1,39.590990954245534,20.345073220806178
12.18642,-15.1359,1,39.16411226406795,31.314203715065553
20.50058,79.9669,1,27.792219170218395,16.2230791745187
-37.58563252719173,-23.10699583054611,0,22.968416472345332,63.041352418691005
-2.17541019625304,-162.5477472413674,0,25.379078461966245,47.756248063903406
-29.103548954756143,-73.13143390784074,0,6.935731661204452,55.83520165618509
42.32501,119.65187,1,36.31465038296511,14.78790773630303
15.62451,101.17349,1,47.76711928422836,30.75792715492762
16.24317,-90.80799,1,30.849375518089058,13.497902879356612
45.78397,125.42826,1,28.559393963022796,22.35906317044955
60.726763581943345,100.83674052987976,0,0.3098068166753336,42.39803655977288
27.50927,52.63142,1,33.72452328924128,34.875100313123724
-58.87000890528003,-136.53968775707887,0,28.573259954097637,91.02177882008807
-38.51704,146.79883,1,34.739606017911456,25.419900728419684
9.94489,-63.1436,1,37.712439273238054,-0.7784064748395672
74.73642082389358,-22.08253417205404,0,3.5199516225339487,27.098539114635756
64.47256982525548,89.53483369462833,0,8.858718250541378,39.98886366385378
-89.49571778369976,138.12809131783945,0,23.907607698316575,64.2550948412666
5.95093,6.45263,1,29.457554258794275,9.028725817670084
19.60144,95.05072,1,37.23592954397128,2.632032882661772
53.45943,59.04028,1,33.35169549887941,30.9079520024544
-89.384022790114,80.38141897001162,0,12.73370077246425,55.10410236453547
13.47076,-88.05379,1,41.67333141115176,36.41732543427793
1.430772359362777,-74.11922070392477,0,-4.98111287945299,56.77159838164637
45.24432,126.81802,1,26.91568797862798,7.927724544094737
-21.552575992489707,171.7494100184736,0,12.672552185436185,77.39844329308553
22.83362,77.1036,1,37.5330146285982,21.060770401743987
18.78532,103.72947,1,33.64793042083152,25.53441181181288
-81.51396620269381,-139.80751335482088,0,22.079401137179016,39.771163721277006
-18.408279045171554,20.79921610264026,0,25.57243409935302,87.13972093581516
12.45706,99.06899,1,33.86191684489993,38.158522295092
-64.01783910221847,111.2312632222322,0,15.335743848072177,82.73853334945647
-86.11790708080161,67.40603945288959,0,37.671958063433415,44.85510805427042
12.10373984318781,86.85769275642735,0,19.32555894511129,44.335512302255715
82.60534628382891,-67.17536872083218,0,26.87269083398496,102.63245126465006
7.63218,8.86835,1,38.871158784330966,37.62655018121238
10.87345,6.72725,1,35.6058008370078,16.209141068564186
86.96574834539126,-121.74150904668144,0,26.864133280627044,72.31900952027847
9.00084,-68.658,1,32.539206714010724,26.349446252938847
16.94738,105.42159,1,28.37771712944853,25.411942728656097
37.8738776774329,-125.28028271482698,0,8.729971942762777,40.89565251028394
21.19895,-98.22702,1,29.06924767745136,23.45339668222982
63.15015608096934,53.54103919762471,0,43.82430506133244,55.956173626193994
23.714957037148295,73.558975743466,0,33.8173756611973,58.807136191001895
-73.46433102960032,58.75737618309924,0,10.809216305427933,53.271740625053845
25.88585,51.53593,1,24.59881853073496,23.726092860532557
-67.31320993273076,-61.14833296840304,0,16.009031165457138,72.48369146469207
68.97663230379257,150.96822184600393,0,22.940794675374516,10.525542802617416
-55.89837994288125,-37.47496831138528,0,29.695698448941755,33.38260924183942
60.53246906435601,84.77514678430924,0,21.938864317286566,67.77598593925612
43.55147,78.15538,1,37.5805454115149,25.84235006308044
18.74734,80.3759,1,36.194962062751,3.841707459662416
47.34492100282097,-94.42190876655967,0,25.80525286603801,88.82106355668273
60.02884157419683,146.5895758344763,0,21.2350213411386,71.75481298139826
-14.565254957438356,177.45550457575007,0,34.615495080671025,25.28033491000918
-37.93029,143.61357,1,29.69257736222889,25.53280711737214
10.01497,-68.0873,1,35.58035450884206,10.944021170322111
-63.163152435550806,-43.33907982484632,0,34.28106898840549,36.07039521977062
18.60612,104.27061,1,34.00671420570285,18.85364095098419
-7.01361,13.14447,1,32.27708391864978,25.11854430905702
7.16406,11.20826,1,27.58303020323957,21.439763570356206
-77.36597996876574,151.08081979693173,0,30.467965765817056,12.58131152001161
-68.20549350150492,-99.07431707147413,0,27.944534947437575,59.79889030278715
-80.4938864902496,56.3010087389375,0,14.522247905999034,49.26656327933654
20.00908,80.21783,1,36.927966910108324,33.365256499042246
46.08484,126.83323,1,25.997399882439296,9.442642824657806
22.52538,76.3863,1,35.43982333899039,14.044368932095033
9.9606,-66.74325,1,31.4437531279488,8.092452126162165
45.21919,126.32331,1,41.19033943231348,20.951399313700637
-51.6861504899549,18.2387078781033,0,24.904057913089083,43.451736788061204
-63.23460346836943,24.515895967255034,0,24.835001604347013,80.37185610518901
71.78141208094837,83.1998852755039,0,23.266708602217566,78.97089949792253
-32.65357678495386,-107.69784356144153,0,7.522679940112212,76.95556622205714
-12.920884822762233,28.047908220118757,0,38.08770266482278,78.72389835758732
12.97309,107.88335,1,34.07787585250638,13.387761240461874
45.77946,125.76971,1,39.89007883938662,7.639457901468665
87.95031477017707,-75.32052568808245,0,0.2527486567576034,11.349308708253751
-64.83203582193245,171.71444873615252,0,9.956544153582467,75.53242394691877
9.88213,-63.52098,1,30.59891576716316,8.600710074140878
17.58098,95.04562,1,37.84043264258901,12.720634465620773
-86.99461062383241,172.6060895515219,0,14.742813609145625,75.74700923606764
-14.025753072329607,72.16669340666675,0,23.555631204827776,93.69654323435464
21.97574,-98.55271,1,41.62155639806844,29.041371024157236
26.95239,49.4995,1,34.96994924873297,28.442191687620472
2.5945546789398435,76.56519433505315,0,16.739419129168184,51.462238401410374
18.8624,104.12432,1,39.92354609707696,14.9633708193508
45.66096,47.8042,1,41.527313231994725,12.754892918339852
47.20437,121.49794,1,46.15295085862243,17.948986935230696
47.78258063709268,167.89830393404577,0,17.053225000189915,61.37943899091168
-17.972153743268763,-27.608281498113257,0,29.637593281660596,68.65830333143674
19.227587330255915,-128.45201033288015,0,27.705371986907917,43.314063761115385
45.41916,74.78541,1,27.725478716976994,29.99545650408596
-85.68026285079549,-153.40616810520535,0,-0.8091119169733538,78.07547203797466
46.77057,126.17062,1,30.75470218920072,31.26603415667264
47.64621,22.27205,1,27.529166242487648,20.92868832480649
18.78329,102.1737,1,33.00497752234836,42.62164377451229
21.03798,101.48306,1,33.842566856828185,23.77639121633292
45.41584,126.63021,1,30.844610352264205,22.64785354089841
7.6751,-12.02823,1,29.297752703379505,19.90153516057219
10.72988,5.11435,1,43.47758570317923,16.678430928291153
21.28952,101.09588,1,38.64679822841351,9.987517595892113
8.26051,10.86042,1,33.261117153461285,25.01409848658236
48.561510219230826,-3.7740512125458565,0,20.0958110132023,88.92070067866362
18.59203,101.95752,1,30.329442383412527,18.45553148501981
28.449454401028888,18.98089756582587,0,20.1077787972487,33.526561638820766
43.12933,73.13823,1,31.237087741052214,6.283130104916985
28.24837,80.46672,1,34.44471488305713,16.32619639518874
83.05589120296352,-152.6980836621554,0,12.054904802700257,82.77500632054299
-38.50985,146.78149,1,36.809422088910424,7.722342996146519
6.54057,-63.39733,1,38.416726264355965,11.544072622246617
46.37207,126.9789,1,34.172751702488505,21.72724314841275
10.45467,-69.4138,1,41.62236996575875,15.833787728202129
47.16952,123.39273,1,38.20304914712729,24.166094822345006
82.38923811551399,117.58126031245183,0,27.901950408491555,46.615209878687054
9.94721,-68.90335,1,31.715096355037453,27.820016923796082
38.32432118449711,-135.4617236839265,0,26.64254732488177,85.65274685034242
47.14905,123.15789,1,36.11402372556656,36.65689117430327
47.16472,125.20272,1,36.3463660645579,24.47729880248996
21.63394,78.62867,1,33.7755544625451,21.82884869342246
16.293617984420194,62.86672232989051,0,19.19582475167658,66.4975071315979
17.71166,105.10098,1,26.856541159850206,41.92658018584184
19.614886451929138,25.300764385343257,0,22.571293872868615,69.48692223464425
46.52576,126.36732,1,35.41159398184914,31.141790640606047
63.35345263618149,34.86066651018615,0,13.668515377313632,19.672432130002555
6.18383,-62.82602,1,32.99919961638173,21.59706585853018
23.786,73.24226,1,34.716524102217846,20.848708337092525
20.003692177291626,-146.85814546853805,0,25.18049287880684,74.2351541276326
-7.7905124744955,154.1801058267797,0,-1.2138042828927844,85.44523769674024
-28.027695875815446,32.73271105181499,0,29.56766696095406,87.27431734040672
16.32304,-94.74459,1,31.529910751732125,32.75037285293527
54.57168,20.29857,1,34.97117346457503,32.28513676871244
-12.58058820322853,75.43756727454323,0,33.348928486386406,81.34341931830403
29.62154556805514,-138.61436798560993,0,23.572854707892542,105.19282491360995
24.04484537167187,176.70057984870567,0,20.564983365329603,19.2016214799986
45.61755,122.63322,1,34.33881957137271,21.475877091325483
19.32091,80.82861,1,34.29615229541688,41.84534221527513
-10.537264802267785,-167.71042260292825,0,24.671256546643182,58.069304512166504
9.05476,-68.25056,1,38.787748875197906,20.10087226774211
57.58586979438115,-77.85304136429244,0,16.69480879974224,64.99544065119326
6.02792,-58.34806,1,36.3855676487947,18.968259030588698
5.29525,30.50533,1,41.20424576533195,17.408222844429794
20.50779,80.34525,1,39.50736186540611,18.494549648528583
-37.77916,142.9052,1,30.86267379771173,17.055273831802772
7.18191,13.00858,1,32.384092017250204,24.800929438178095
36.71226,-96.63081,1,41.654968697314956,2.737251575807651
-6.79833,13.8836,1,33.131832535580614,15.16347545575837
-20.228394065711242,134.47729454759542,0,-1.3716561606364088,81.53299031676569
20.00107,83.51102,1,41.11660776804723,13.02754113751122
15.29551,99.71845,1,27.816116585774484,24.894012509281573
17.27774,101.89095,1,30.284960323650715,19.6084556670177
-6.57184,-51.11279,1,33.23672195276287,10.848197788853497
45.53275,41.83503,1,33.75118160369735,12.806295441307158
16.678,-94.84154,1,40.78476589832532,12.86420668083839
18.53881,100.44711,1,37.4739740394216,33.772083714351396
11.692789289054147,-166.06608512876747,0,29.820814426893786,38.66105572675022
81.05488264803674,-59.08906624407592,0,10.409674613669841,91.91488415515377
44.51388134502258,97.65068347348051,0,2.5369116448113225,95.54586164224081
45.35273,74.63685,1,33.20396152298637,30.484118831898144
-8.024214098736493,104.21708204991756,0,19.58171568333145,55.757519687909685
44.944161130128094,36.569794064878664,0,32.5216023743496,76.27283448895238
-23.55722439717003,30.46090769923785,0,27.4570741695825,19.650818090973928
-29.62531,116.37004,1,33.06888845247658,35.74618294850651
-7.46827968894037,81.14263786237626,0,48.01828689827538,49.83656529360509
-29.43007397110128,-147.02814004513323,0,35.511812420388395,33.96294087740634
19.63376905840994,-14.019426705021914,0,36.49247578996528,98.74949977373205
45.27452,126.85892,1,33.42852877056305,28.805049820625356
-57.06018412902903,-112.29312793382586,0,34.43353169978563,57.49879548327644
-15.796203284835684,-164.6644009067112,0,21.59779043455622,37.76532212498108
7.9703,7.22268,1,31.396158883044297,9.60664807954167
15.11777,98.08366,1,24.737673754683662,11.279372699978364
-11.7874,-41.20234,1,40.047904527651646,-3.1654133616715505
19.9056,102.05901,1,35.83697671894044,26.735272454943214
14.73594,98.08926,1,43.24760657779607,34.37371378324819
50.368945276437984,155.32617417030218,0,20.344724218073733,43.77209786859456
-81.99801726785712,-172.30971366288748,0,24.56811404363588,63.65912993092684
-61.79882508531039,104.12068834945671,0,19.931659681802508,56.986297491055915
-31.272345785281757,-131.2500773149303,0,12.226802867284029,83.16627547259128
11.99696,-14.50586,1,40.96877435205947,40.739874702189674
33.42481,-110.86143,1,32.31820608375894,34.558554831104374
47.51911,122.77692,1,36.75079293845034,28.36264111866118
-75.71926474543986,101.03647233421782,0,17.118103793702154,61.04143416845228
44.46273,125.50655,1,44.29545188872994,22.119397929813584
31.12447,-88.35161,1,32.78223610255078,24.844032924256254
-89.4841045486807,-163.7131927603187,0,-5.0320658558432285,64.77919192034096
-20.922873602100196,59.459740624101755,0,32.08299948336723,28.1865872995214
45.7472,122.77463,1,22.614267954440614,20.4597149354192
31.10185,-92.99672,1,29.656834060111876,10.0089490831585
-68.92774113148766,71.77156788047472,0,16.132791202243553,58.932936745751775
-37.67616,142.04135,1,32.20355004207111,11.063378866629026
-21.25928,55.77411,1,40.734163955500314,11.422132654818615
-29.25679284976318,-102.98168205570374,0,23.817609064797423,56.45007773720242
-70.38317903998502,-34.199627404319926,0,24.23368140056148,43.3093190249354
9.48577,-66.38725,1,42.17712926191924,13.953092499606463
10.06288,16.3547,1,33.96668992245385,19.91730781587048
47.27837,122.87117,1,38.679529080450564,4.117392169438666
46.26054,122.12215,1,45.98172801882856,35.39374559712293
6.49715,10.40574,1,28.74432107489557,5.135573684029071
27.83425,-99.66633,1,37.13576394921711,4.942927933710893
79.45045394233637,103.66864351772432,0,16.975773618636133,94.75630512385683
-37.62614,143.36549,1,33.52642917079449,0.1304714504368789
29.74897,-93.90911,1,38.29269700579235,23.499662640226337
18.8432,103.44483,1,31.930044746838835,9.566702266215113
-21.02072,137.65651,1,42.0783126086548,28.052163477290016
78.3630735780875,-156.28614320595025,0,22.096799705572348,113.3359938496493
-29.674120570391423,138.44848239342707,0,30.18818874323165,57.399646969253574
5.759915597772135,-147.89447145283543,0,21.107541733814475,42.109732618848255
-17.417650056752024,48.60525283182355,0,9.965955576809481,13.705988627575323
43.95813,46.90525,1,33.957366711920606,9.700542483847599
-66.49085936580238,-87.79044909509474,0,20.00829834237849,50.52936608938231
-4.87504,12.05296,1,33.1813133045209,14.203945416162133
-79.59776938786797,110.1168576117505,0,17.747872253883088,59.679231331622425
-70.08092706682474,-83.12723508446607,0,21.17508567420314,40.03818783973906
16.95565,105.355,1,29.970161559139243,19.328990169511293
83.7824644694125,-86.33150323097611,0,23.84866483479129,59.361749560903284
40.33285,-103.68983,1,36.84608976873095,17.993681366496613
-6.57872,13.76039,1,39.9781919615621,13.209823458734107
42.70311,58.73989,1,32.99405841916278,35.29940038172238
23.7144,120.50145,1,35.73997761918885,21.54739491197794
21.29103,100.90987,1,36.117580374715224,15.54444890926991
32.99921,-87.50195,1,39.7748450279175,3.07179896947353
7.52097,-68.6506,1,33.61139114967888,19.02975251951387
15.76038,98.28661,1,34.181087011424765,14.443946584757258
20.05544,80.35358,1,32.84525736601484,30.65079754674852
53.93287682461275,-24.106635905051178,0,24.83879591926769,57.2247460616222
40.17476231082847,-25.765381504942837,0,23.328109705942467,74.16007998429939
11.74383,5.75277,1,22.78709891032512,14.584842136198029
8.99901,-69.59171,1,41.297504353889714,36.64458166354272
54.50716281255501,-168.42916567127924,0,11.063721630196108,37.83251177934448
1.39464,101.67829,1,27.479879708161,1.429844630379236
-6.954280911315564,131.25445601654224,0,35.99341034329865,48.72942189260029
37.10075,-96.11605,1,28.90244532926465,25.938426150854966
1.91813,-60.80581,1,41.46384127450687,8.511068464444115
29.27278056754382,-117.23403089762377,0,22.39260019754395,58.067272907055845
-76.5812271280202,66.43577141754054,0,10.931731547998496,49.50269107210577
-87.22855147226016,140.74907435748804,0,-6.585477801118245,34.976432950667935
15.06104,106.71365,1,35.48880580827605,22.04489717072609
-8.283763344162892,-92.38776490902633,0,30.739441041832826,59.972435025709785
2.64051,-61.29865,1,33.09553713629399,24.89866775866889
7.81561,10.56421,1,35.840352971698685,25.878246159342552
-15.547140554653708,116.16527109766628,0,38.81891378562877,91.20355205742213
24.45978717199189,91.7392917038672,0,21.028260529205195,68.56279024084925
-30.239080977998384,-152.14478599857554,0,32.386598431331976,30.956159587911998
-41.390939032033664,-11.555169215922007,0,2.3390465922307904,19.809193494611435
-31.106981048310573,-125.76022624070507,0,7.3842849405297954,36.10916549574209
46.59431,123.15434,1,32.123195435463884,15.93795428695418
-60.468614781767286,-149.56773842861244,0,4.4128577596592695,69.73110181916623
30.19415,-84.92356,1,30.619504506609125,13.519789560821922
20.42717,79.78483,1,32.95213090846935,26.24815150462488
56.634485895412155,5.277501972831487,0,14.383671641124945,87.48438025148597
14.73899,98.09784,1,30.275484622168456,16.80435921957055
8.7671,77.89877,1,32.148351218467155,36.66412294470651
-82.94932342174468,-7.68215700175881,0,30.061508885721025,49.403091626643864
45.39001,61.82522,1,32.72050253660052,37.56771849681839
-18.93641660513103,141.14357313222098,0,7.953896684687765,60.33057179260007
46.92622,123.46791,1,26.256701212192098,28.68120762707113
12.703131144001759,-69.35670180883545,0,-1.2382845870722363,42.10621160065412
-82.65860921339751,72.16668281754409,0,20.055820814700205,63.93543982891798
23.90289,-98.13504,1,22.928514548394368,18.080276313366415
28.2925827436341,-39.00612102787818,0,17.76623978980778,72.43336681212519
45.53884,122.87163,1,39.583939679569426,9.966409710292394
54.91917,22.25289,1,41.27222911543053,46.558343192270264
46.97731,121.67533,1,35.992044854619024,19.932198175150248
18.32512,101.81631,1,23.401118259532907,25.464914244616715
78.75314567005555,69.24704213425727,0,15.055200134251027,63.41659457745593
18.59739,104.27206,1,40.83531054409722,17.09181564705871
-20.406215844436588,-47.571199322160595,0,18.03863633233599,38.232991266853155
79.92695725803873,-35.6484780966849,0,17.99836411235143,43.10050819272291
19.31313,94.8586,1,41.393543499093816,26.892179407596164
35.6674515784092,69.36151040757193,0,20.976315707614297,64.32822833769555
10.0968,-66.68786,1,23.655222729280148,32.194687955956354
31.459374000510394,-86.7102440888147,0,-8.275094811375261,58.20727396734489
25.769758797577367,139.571903309044,0,32.012409980142635,50.07065087952888
20.360381038679563,-124.81597978973213,0,19.607661050223275,87.12499284125334
8.92417,-69.01547,1,39.602264411965336,19.28481588344404
10.17657,-65.96589,1,33.23846908309492,14.11340829373682
55.321511843138495,-96.38255738371714,0,5.605643550557984,78.38406487647588
-1.118280807160616,-178.1070561841612,0,21.264367464100257,64.73472386103843
8.975617922125195,90.64666522145046,0,25.336986890121054,74.51116132272107
19.75989,77.47767,1,38.656660369741424,32.859412170371144
28.982903562267452,75.05469152638852,0,27.967233188473795,91.10332413724414
18.89793,79.01537,1,29.232953066308834,14.069624116275726
54.37184,22.01448,1,42.00233768015852,31.79584455497267
-80.97627070595072,-94.60960666897816,0,21.496099544414935,53.81955597078927
21.638680424277993,156.03977850315215,0,24.733872135569584,75.7751016851254
47.187377575308204,-133.45944080703933,0,14.169196827139135,57.870948380184664
48.76512369962066,84.14397378736896,0,17.53070673007621,68.57416994343113
54.95504603240073,-99.0989229576454,0,-1.871848078833743,65.34696683685232
32.89377199241726,55.907151551008894,0,19.77260973324659,46.83723374604096
13.57775,106.40248,1,35.54407916089174,11.39801576847289
45.7116,123.05478,1,42.219598180317675,49.37651938750412
-11.837573035852799,55.99678358081121,0,24.52142605016347,62.11074837502339
47.81195,122.78608,1,43.58850389703642,30.594972411690765
10.076656294901312,-72.34855178925099,0,3.7359238259779275,33.256048241844184
-67.23628619902871,139.09370859656673,0,21.183644224514133,41.12076673007253
-0.5422559820212882,-133.37687209667754,0,11.551702698614033,39.65761072020916
-4.627151465529792,132.83641273756035,0,35.31425964745472,66.51238537643901
44.0591,46.89281,1,34.68407950977518,24.744062988599016
-15.26121596380024,68.95858646307306,0,1.657625998201425,70.06289961657622
73.85532726504175,26.589154881719935,0,15.07975010324802,62.46873850170536
42.03468040470494,-144.21796928439505,0,5.321891846294557,43.38732159237501
21.84198,79.34384,1,30.10850542252866,13.714967944074969
3.3059099930298714,32.23251211499158,0,-1.1058332155507067,76.127183935861
31.482143281537404,123.51819545087977,0,-0.37650699108821684,59.05425241347194
18.65988,102.1579,1,34.20573036597998,25.86414506076927
33.00574,-87.49451,1,40.6571944179653,32.89595164188329
45.53004,74.42632,1,22.98681481312133,12.901987584180006
34.2473986843344,160.00774237112535,0,14.232694498535237,75.12257416120089
21.99493343295633,-83.3842048888159,0,29.582156297616898,52.78839844906156
10.15045,-68.22251,1,32.82521282952629,23.060859307663357
43.60081419724412,-104.62862060109359,0,26.932483449663483,72.73280127519902
65.21642168367569,108.98163195897047,0,30.407385582642817,43.27064829850755
68.33706258226303,-103.08689884076985,0,17.471095725630086,69.64180219353773
14.77498,103.87797,1,31.327644711798122,19.13228170937015
10.6003,-62.62359,1,38.37505201181142,21.112603142912736
-28.32803009606625,36.27207748051433,0,20.57008588211947,71.14910748887853
6.51237,6.39758,1,32.02372019191985,18.386896733242796
-10.994736154430981,-48.74264926733679,0,32.99416694444182,70.94156865479994
-75.41023153450074,93.54606008829393,0,25.04453734800456,64.82092455545299
9.368848978984957,144.1995430067558,0,0.2850212572934261,56.56107174630192
12.640531448988028,156.7082410918154,0,10.089304615525252,46.96537888618954
-39.056001788728814,16.00395686886739,0,-2.9828246231501723,13.10740749214127
45.97203,125.29381,1,32.96964868896802,31.88854139893679
-79.00324192742238,49.26014988446144,0,-7.215073468055543,32.197880784751845
73.77719869972171,-122.34625584962663,0,30.814424838461,39.683186763535915
10.26736,34.76778,1,30.956419453891634,28.231405279400075
27.376312228673,154.85928838570874,0,33.47289161443106,50.133259143256325
31.37511,-88.08228,1,36.74581650909764,12.07072250257017
14.02293,-89.47055,1,38.82306403421092,15.91460172065705
46.11857,123.8159,1,33.61729038982368,23.86811311026823
28.4957,49.72161,1,31.33471479034243,23.24258804604794
36.18089,-96.74205,1,30.752640755132518,8.875319601953235
24.372807499511765,-74.56002953567935,0,22.936499431073983,70.971572622495
26.350649661287548,-28.293030268973837,0,13.288884997719716,49.190524535824736
-39.71671755802967,28.36158079581611,0,0.5641887115412167,67.92282270887848
-6.827261878857755,0.028669341226134293,0,33.49814025264395,47.52261292569251
87.25888128057733,156.96490620419985,0,6.347658565690022,42.86581375944492
-15.958976986824794,140.68706138225275,0,10.944802405558377,59.72855781714971
20.13688,97.90753,1,29.710043053088224,19.887021478355493
9.89152,-63.52235,1,30.25827320326103,0.1780939394877521
34.31214820195497,-93.37686772586697,0,23.073302317678902,29.232825602085878
9.94991,-66.37035,1,32.60976189343449,33.247647958360226
-75.5855070340749,106.57464229046951,0,18.83040009916168,43.32445385009806
42.73765,119.23102,1,30.689425789887324,29.36115058826674
9.95404,-68.85887,1,36.25823932902961,19.275813875705346
26.72508140998525,124.71770306150478,0,19.43651210038036,46.274224317867905
31.1143,-88.36012,1,35.252197216652256,12.713682988301073
-57.62223707089563,119.55488879362281,0,12.151885678401058,53.363234166679405
46.06892444819522,106.98538680232087,0,19.655534329315124,64.69040312247067
9.01537,-69.59989,1,34.29720857257251,25.5334810632198
10.50831,-68.48497,1,32.7360716065236,35.212407339686834
-58.48567690187457,-45.117538361718374,0,18.717924969933602,55.61561981560365
-5.96372,12.99669,1,41.29088825561116,25.93076175237219
-2.3058408795424157,-41.53421283978588,0,8.01834166146779,34.512782249617175
-20.375018635838018,129.90811389613236,0,5.038285224341976,69.30606290851115
21.16297,97.96133,1,35.079674551620464,16.205520743532574
-82.92462562075998,-96.15370235209087,0,13.981238410666023,39.427697384275874
75.64900416413406,106.509079893994,0,21.49265779951917,36.692861876904004
6.18862,-10.17848,1,41.86777214929165,28.984672978480194
-3.0850282597378538,88.00656383824872,0,13.877753098217205,106.93515745550438
41.14114534605696,-177.34885691274533,0,11.963243360307768,73.43960836584591
47.12479,123.85923,1,25.6725239306271,11.728174109586973
38.95270101166034,7.380308492460671,0,14.737095099512871,77.93206998342686
-47.636796642040416,52.49039918734462,0,24.70264750255781,95.78930487019736
-81.02737950282103,-52.93411478689485,0,6.110328655801851,67.42102049013025
-13.052589221571594,26.524904728780996,0,26.706622603173326,51.48234708115791
85.58097947423957,176.6880408541295,0,21.156497373533213,60.671919858277754
6.28151322696155,18.539964410276298,0,34.08579633186612,55.96673626830784
8.408115493158107,162.56377461837963,0,20.702522097470535,108.01195595890579
19.39019294412013,-78.34993696033561,0,10.911333343048458,85.03950721453907
43.99084,46.76586,1,33.430958388724875,25.7504992601723
-0.7216784747890017,145.2986452204056,0,12.501082806673685,57.17791477886307
29.4749,-95.73502,1,37.63180339298525,7.301110695498494
-64.03958223349605,-19.07437247266921,0,0.3865187516575119,46.13865822187476
-67.38570633206528,-56.54388562341737,0,37.15429578268153,69.27140977902786
-36.65872,145.27687,1,26.76272018950119,17.610414054385906
53.73962,12.95858,1,29.58148357966191,21.27608232932084
36.704802813855366,171.05170630054516,0,18.582304963397398,41.85534071667993
37.937353400958216,141.46532765065615,0,31.91597961400607,53.865357493620365
18.246815346233163,23.486062698452344,0,31.83264465570955,38.63482872588036
45.83377,125.41109,1,34.800465312810246,14.413655301295893
31.753877501990416,30.58472532829495,0,26.70834346722711,53.129380689784206
33.868776909204456,-27.4978663886626,0,8.947052457725908,72.31965603060144
6.038882379331724,-116.18174028557769,0,25.93737522932528,66.34345237367661
18.18883,96.73875,1,35.730331869321134,17.532305730637585
21.62001067126171,67.67359745446669,0,27.37511085560496,29.396720479186396
-72.59880573470167,-2.884215995590637,0,17.255655781709066,79.25900981880932
15.42009,101.22782,1,31.72186204355345,26.41242593484268
13.20829,-88.0209,1,29.77375105631609,12.906644765143767
22.42174,76.95429,1,38.81632994914694,12.736307615010695
45.38596,126.74082,1,31.9014232255862,16.67585978071028
-77.52187297572198,86.98732986471163,0,20.154766434076272,102.39465959810076
46.63807,126.46182,1,25.705628674765027,17.42214265954055
30.12371093974336,-1.0902340945271192,0,19.432683131840633,68.27051510037464
36.78366612319884,-122.7439118280228,0,11.566012416995646,60.76190108614267
8.16381,-12.25341,1,34.87474943501975,33.58672994150081
-57.21573158224665,67.33955581029448,0,6.523501946707963,66.42273426939558
-22.428059069876056,72.6044094274269,0,31.1276868728798,86.5704919465455
20.14506,83.19576,1,31.307485591375308,10.23431811715692
18.87601,103.28839,1,37.219048053945606,11.41087129800515
81.13917505694366,-43.7094080039912,0,25.957803635783335,57.41374189708212
34.92220735920793,113.65897040741805,0,17.40237225081205,62.72280236007264
6.87719,9.72292,1,38.16954239640436,11.047499869629876
36.75148334506187,-138.49494614324635,0,25.157104089978542,55.13392339419265
-37.740455661471636,113.62413399683913,0,4.964471271215537,65.07262416192718
1.38911,101.67793,1,31.17793955663367,23.27005932448441
30.94414,49.87452,1,31.553724902762305,25.798781021505285
19.44548,-89.41715,1,40.933973157751446,36.26821523715182
85.5411821904801,85.2395673892741,0,1.6006174772482566,33.95607380633825
-7.57085,14.52566,1,41.6789881094084,-0.942369997865427
45.57996,74.45406,1,24.88613841394139,-0.6509274177148967
19.00738326673617,108.77570589215844,0,16.619593250072406,72.28191165904896
-54.441103057711665,96.09203862078925,0,13.794993931602537,73.65336525019347
35.77653,-95.64267,1,37.39344239873607,30.885303244951533
17.51659,-93.82432,1,31.996360730179838,18.908907611167766
45.43222,125.83353,1,41.148122608055395,16.0890161333155
43.32719852983769,-46.95106378575571,0,22.615172788151632,55.84575290631634
-72.92760575077762,-37.62736193887136,0,9.062052636826337,29.49423142948016
13.98252,107.11565,1,44.01646677035655,9.972726343328503
32.323792895612584,37.056393124916184,0,15.716361878386172,74.07330975099501
19.80829,103.70912,1,44.987154100271376,23.219643512392512
10.25889,-67.52374,1,41.42045865701316,1.9726341801244445
-36.27605525684052,162.62741193423125,0,20.041229827940537,53.035321244658405
68.78474498394505,-84.5487956067995,0,31.681210646204143,52.84386607784083
47.96880912037156,-4.098290170762141,0,16.694039201887726,49.43434354433648
14.5197,-83.77349,1,37.22542575034324,34.170875254015684
45.91541,42.17928,1,38.823514014478235,5.854347104012998
61.045256596216035,-36.63014554994203,0,24.87783636535392,76.83734048616962
12.18675,-86.48396,1,29.127355927544556,33.50421997026786
22.47311363748402,-70.49223857935732,0,9.340856014525766,54.99962480005939
39.83145,48.24364,1,31.507413542673362,11.0542357116916
42.38150529815161,-59.07059776087337,0,33.25572637573192,28.94110931551634
18.87743,94.94939,1,34.96607176508337,21.45430554899819
9.56459,-65.15497,1,25.842468623180018,31.397322418912932
11.9978,-85.27372,1,35.70759595861372,13.49836567638067
-0.8096941332301242,49.80114345667525,0,22.747283099279716,68.38450617919312
10.33572,-63.63799,1,45.1250879914706,12.30193864600163
3.759873722976778,-177.66446825465894,0,16.88038153056994,54.48305776584647
18.41912,-93.19739,1,34.36799192672586,9.382285338934707
19.16445020358212,-151.49699283441964,0,21.737543072884964,53.23420649294931
-61.24633217024356,-108.68813003154078,0,21.094035410107217,54.59157872771223
-84.06636702536558,140.71741008278656,0,17.046796082055078,48.80278011803534
3.23097,10.18643,1,33.18810579820742,22.337818810231436
3.6145344483520887,-124.67352473894711,0,18.07581078170453,65.48164651577643
67.36581585204189,-52.27503928057125,0,16.634770744248257,63.12642161187371
-79.96316094559727,-10.278902072227424,0,19.134613271800045,59.93885489735045
28.343681874949695,-67.30954229452124,0,36.73862264178255,30.351796710886628
16.31196,98.15755,1,36.37169395082825,11.517808946844113
9.55753,-63.63926,1,30.803679144209728,26.745276534599732
54.77669,22.36931,1,35.99389211856848,26.165436772995797
36.46374,-96.61143,1,33.77389103800419,34.67580395861978
5.65858,11.27089,1,33.85089753631124,10.956389103415324
18.32691,101.82713,1,36.09920065575154,10.90989421146578
9.30227,-69.35489,1,30.945871347773437,27.929339591074307
12.22313,-11.04092,1,26.70446964883796,21.104973044967664
23.08574,74.63175,1,38.7062940631117,25.73088664146974
9.95208,-68.9568,1,43.86706601691641,23.297984278762062
52.36047595004456,-108.48771949663129,0,19.229460104575367,67.09400886556044
56.01630254830718,-151.75271808463606,0,25.420705112818446,83.48878839290333
-36.08170791015172,-106.66247295158539,0,34.38752090746128,90.64548207867824
9.56798,-64.94489,1,41.1172305126051,10.140400493646952
27.88404,69.26624,1,38.87679446491577,36.814679648489374
-4.18525,11.4619,1,38.786854450243936,19.451756768418644
0.9216,17.12971,1,37.32994022590287,21.731819906738412
9.5633,-65.16388,1,38.785762953937656,-1.7874845027234514
18.21503,101.52876,1,34.46634782869134,18.628457030287297
81.40782722315035,-51.96608029551274,0,14.568416435608295,27.443750802130495
46.61914,123.21436,1,32.861251561983394,0.7466638168303348
3.860255617574836,32.0558782887052,0,7.972804805785973,39.80502946517983
1.76456,101.63958,1,35.73071461572371,28.958163474713672
28.0273,69.35939,1,42.45765706833265,6.090041728509213
6.00825,6.60387,1,40.05228933909076,33.273884424938615
12.56798,-15.24675,1,40.16301322628708,29.07124505624669
9.71098,-65.81086,1,36.90424851550476,27.52332175400323
45.67143,47.81395,1,20.119944088265306,29.883155090004866
-84.97787000863006,-10.277416077095324,0,15.243040124153058,71.42227271598719
9.30078,10.32425,1,41.13181746170572,16.8095461795131
10.08731,-68.46928,1,35.07106938509903,28.55226106561357
21.72213,79.60659,1,31.530120448579208,21.974624441170857
-47.070646759804205,69.18626113711977,0,21.50400224988599,83.19494708354
13.25199,123.69516,1,34.139765774468124,-3.8259709048572113
-28.231947157111335,23.166399754637922,0,19.660396588551084,74.39531025576615
16.40538,98.54557,1,42.45156538421532,33.494825963531355
73.36205842097132,39.41386315717625,0,22.58295281995806,43.89925130448468
15.20612,101.27959,1,34.348858339540804,31.999337515452755
-80.76399330471698,109.821506129395,0,10.728782810855282,58.94934809068785
89.73338740728505,38.9797608878865,0,20.84100019548331,39.95573950337179
30.30023,78.5551,1,35.781102790956524,29.702208423641842
-19.69721465594806,-67.91132794486724,0,19.27733518024357,47.058145358541125
62.52039840121199,-135.70347313805146,0,7.037551994378044,83.07080523531864
8.96035,-65.44118,1,35.46426196953723,29.32327591737479
36.89510832577341,74.60025883885686,0,-0.7238914206815181,80.53721859382617
-42.393969578287624,22.49326322732398,0,27.626283900525774,52.823430305230225
-82.18342433467484,119.76106869414167,0,39.27997207682607,71.27799242706428
-62.09549590981489,-114.3034135524037,0,13.939539338945421,79.66732678947248
-37.236355180176346,-61.33023642089809,0,8.912370257304596,64.78051294693852
26.87069053264598,53.64063813907188,0,17.00927816574333,66.47009798711842
13.316309214988038,164.9489520363664,0,9.201979234506215,17.787791716612062
45.36065,126.79863,1,33.44891282216506,14.795262366576482
-86.8724985837321,-176.1925177440095,0,20.23054507781063,62.55704391748216
-64.64924427511109,-147.56289826036345,0,22.55062585681499,18.239836175381107
-7.5035271754092605,5.7272306180718715,0,12.930410178878795,85.33456709685846
45.56418,38.29485,1,32.1433945766336,15.570034830959806
-37.92852,143.62489,1,32.75431560767224,19.24328729237135
22.6026,76.76479,1,38.42555043164464,18.49828220152296
-29.829900856720712,172.03490419926896,0,22.96819169054561,83.56194345311636
8.28433,11.80502,1,37.954008046225056,25.260131794755345
15.20474,101.27,1,43.6173551958666,23.834905329444197
13.458367045840717,71.27260634747745,0,24.757331744214074,61.96094805423574
9.40659,-13.09889,1,38.434895499280245,27.097979210822086
48.05319104316109,-179.52984045891597,0,27.889056645618346,39.769032103989275
42.56518438053243,-162.91280446625805,0,21.969878406591164,73.48830995465597
9.504947813115223,81.05767787230457,0,13.30768550854532,72.32325205144154
45.85016,125.47002,1,35.55286834015567,15.50668145474101
45.43067,74.82984,1,31.894069657821888,15.69244216769711
14.79804,106.22839,1,35.86962875800629,35.32271080201836
-36.00744472509059,108.67051945122358,0,19.854425045463508,76.73125209976419
35.80635,-0.25566,1,33.34496522350037,23.62313253333275
17.68433452039703,-179.2345074612239,0,3.3458403132870913,126.18383150327696
0.6175788050808677,-166.44848520661247,0,21.953558298161962,73.79316750014652
14.10589,107.07143,1,32.001654912625874,25.128018743770532
16.24451,-90.79861,1,35.459853435874315,19.378767183092872
46.27532,122.57411,1,40.086174710063375,18.390587238144168
68.62454756072086,-56.3649826451765,0,23.642523813056602,53.44509723820583
69.46135793276574,-121.92890806983074,0,25.41854686852512,96.46556737443237
66.60126933725431,96.779847537411,0,32.20527456532146,34.55049607005844
-50.49637871960317,165.12258163780524,0,24.484470276935458,53.035529617466665
-53.100277318406384,115.69156931562532,0,26.659375119001794,53.446268346710156
45.131473648416716,-138.52959460052628,0,20.76588803273553,46.77816457422574
-29.842648392878544,13.236789762581509,0,18.594441611818688,101.82690931611641
87.61542482616511,123.46977465821743,0,21.939006659378972,55.96804173496017
21.10627,72.64323,1,34.91515873731218,31.405556125459093
44.03647,73.51557,1,35.14895242403658,32.27147335167564
11.05692,-69.56768,1,36.878292116394114,31.202933673018926
11.12138,32.53922,1,32.114872430511454,22.34344503288364
-71.59925501813474,137.33960210719977,0,13.659322263171088,59.53398714152498
10.80924,18.06035,1,32.080183339959724,5.604530238852767
46.62664,126.24989,1,34.786487304875045,12.993981611036839
10.2345,-68.52589,1,34.77726868217862,10.582437479424016
21.40137,-104.83984,1,33.92365404380277,28.699316189478743
3.869827134941204,-92.65272514831283,0,30.332203210867867,92.93932604710155
19.18154,-96.32574,1,41.68331419299109,31.436129075705622
18.0108,-93.50613,1,33.144426772056896,23.916287706520457
-50.128619885092995,-152.10587047252082,0,22.425902563172016,45.18220898597846
24.900265586360973,-161.50395363562563,0,17.423856949446186,35.00909401509988
-71.32781776276161,8.431807586982245,0,29.38873573891011,81.4443855756831
-61.399989364987974,23.466985444480628,0,34.406260897711036,83.2131372326129
2.4978770406846706,-123.96196753253128,0,25.20005616380486,51.055344991624025
-18.3243072589231,-126.90692660590562,0,17.046790995124287,70.73672093913439
1.39647,101.69119,1,32.9436568523453,7.346802576257582
0.98229,-59.39357,1,34.93550695367481,10.263498885305914
28.89283,20.96746,1,35.379059261137535,17.85223529907622
-2.472589216307952,-133.37860048048918,0,22.447163350875517,72.43259614946263
-21.179085914899815,177.27906807041245,0,15.55548984373015,65.76873841937781
19.16356,103.35608,1,39.93474114119625,11.306985548467761
3.22216,10.18772,1,32.44515856093304,20.75437995186778
30.98783,49.589,1,39.839062727128855,36.072085023479104
7.00123,12.52732,1,41.967003625935774,21.216833558472224
10.191670213080528,-18.837752928477585,0,6.397184546115449,93.88928011103897
15.29431,98.10118,1,32.16693070739386,7.95420032658356
-6.85702,12.39613,1,28.225971656208593,2.938735915849115
-13.3554998105366,-99.70574545481679,0,14.078746004778912,14.871688100167333
32.58450148317178,-130.81843607120348,0,25.43862206886199,60.530837318165126
45.42388,74.81407,1,31.13583264376531,20.881357473707087
40.44507,-92.21203,1,35.03213233423292,23.28371387665713
0.9205585542739811,30.866750980232723,0,23.845110589682196,102.81444034019592
89.80795120744534,-31.610218235877454,0,-6.770826328819016,66.4922004521147
61.60990592948261,-179.65889045889878,0,40.15696942609722,63.684526941261545
27.50987,52.63808,1,43.81052960925996,24.092518085156897
77.19773603696444,-34.777539273905944,0,15.619296348667035,50.408940493610885
2.90459,103.30186,1,47.00257258612822,20.194828103014228
51.6759,14.43471,1,38.32464336380166,9.183548210252056
-4.042741648603837,22.36803389447047,0,27.60538713788862,70.2197500916807
-1.6164537329914168,-100.70179407791035,0,24.73394433812429,85.80905976352254
39.8824,113.15805,1,39.359076741870176,20.45423699536082
9.43604,-65.91239,1,24.59951978585243,10.762509690932824
10.07148,-68.7226,1,30.617409875691067,17.593720010023855
36.73926,-84.39824,1,40.97110577573124,17.16329837917646
21.25674,80.74462,1,35.27124518814608,16.987392890103006
42.59898,119.03443,1,30.395360893739802,6.861871107327371
12.99594473508229,-143.33238916703704,0,26.295051332980144,44.2725059068091
10.0556,-67.70267,1,34.357084362512474,18.567711013869925
17.01496,105.0388,1,32.12858131765188,12.615629317822439
-6.32641,13.90858,1,33.03653717249951,18.90586919806329
47.47621,122.90041,1,38.27245328113238,15.904407640705646
31.08920406476662,-156.3743646601574,0,8.159950972645264,89.90701323615751
18.84327,102.14545,1,27.62166553046657,30.354701687018185
33.41542,-110.85973,1,26.236976210343823,13.453673457380983
18.16138,101.94807,1,25.865439738838873,28.272031046363296
17.63704,97.73547,1,36.57695709407804,27.182229864699096
20.2443,98.91006,1,42.41616283659446,22.84497260776734
7.14513,34.1795,1,36.13182639110486,37.60553820489538
46.36752,126.98528,1,40.686137373813445,24.912257205986435
-37.36304253088462,177.7597242518479,0,14.215761052617152,28.967952217549616
6.38488,13.04552,1,36.883104093740954,11.778867798489866
72.76870468410158,33.79135969428515,0,-10.562185936688842,28.0145409140629
-25.25110731728148,-69.30988443768275,0,26.870287198704666,44.77149367051102
-58.17745065186628,-62.13904472223213,0,33.7587955423402,97.15160351750451
-10.39682,14.11738,1,38.459638113353556,20.57445522174903
-56.0473425020862,-92.71454441911007,0,25.952386719341494,89.92834216349345
45.68795,122.85648,1,38.0062553455794,21.49285182412465
0.8768353767378727,-36.46554399304796,0,30.31856224464248,57.607341532939486
-1.39668,29.14339,1,28.53188620874899,9.428531177188566
0.9413325312049352,164.01994081816582,0,14.590800892662577,62.03048521236705
54.1515,31.49874,1,27.920675285144874,10.990179836263948
81.83184701525383,70.35076050247852,0,26.392803354610713,40.94135489037009
45.55777,38.26802,1,30.872310204970052,23.12067401629375
18.77846,101.81313,1,37.83704694401031,22.642731967321293
31.83275,-86.94379,1,42.06610564268162,34.998658789899274
10.24836,-68.96164,1,39.54383548025966,16.099336897420073
-37.62789,143.35428,1,33.92751902977298,32.60934757954608
67.98309886369378,95.37800501398743,0,17.94945798453117,59.71123950719244
-12.531457132343434,-19.204639791716147,0,34.48740855905399,83.4125118677103
-14.74761763313758,32.24741809396184,0,25.197658886061667,58.224728838818244
13.42974,105.53455,1,35.62104179756069,1.966955993176068
9.97064,-68.90272,1,42.37190955218267,11.154588470078945
27.082618115268104,31.974873934730823,0,48.944356220588645,45.0432338405455
9.16335,32.18029,1,33.65481263220952,18.473603684541494
33.63324500300173,52.47736021218208,0,23.556394828282542,80.00290180937566
47.17284,122.84405,1,29.80148405159816,36.60003427112599
47.8153,123.62587,1,39.312038295229684,43.28545002589484
70.8698777377997,-158.95294919526927,0,41.40838088168826,82.31709736126524
-67.77553294640896,-70.31123452413973,0,13.937360955081799,79.75709211092521
-11.640220393389313,152.74921268837198,0,8.998555382182554,57.58431000787129
25.352666704678697,19.92489028913539,0,23.50616887396094,51.48573898657409
10.36153,-63.8452,1,32.98173596952795,5.8301203707501
-50.257505891868824,-91.83112005345242,0,15.457117706485562,60.2083400744232
58.34341278605339,-36.20642184169196,0,17.254210710882102,53.607831693116346
-44.00009447219675,-78.69888510260698,0,28.094163056434056,73.90942173628973
47.35115,125.22805,1,40.02630580381662,23.7764711982149
49.89640745423412,-86.16367016252731,0,22.255643527556288,82.74392110721652
9.17082,-63.75663,1,31.223428841724246,8.494011817364536
-60.84758974640795,-179.5877872499432,0,29.02613618763121,49.03316159672599
-16.921955385358032,-33.38628578580247,0,12.650399704990305,77.63931028323057
-4.8358012054061845,-14.848662188954421,0,8.270216282457074,68.23290545514176
19.67044,79.9119,1,33.20683379339167,-2.2308065190346227
0.9284399580516123,161.14772381210554,0,25.636059722611776,51.380046380063206
89.10103436073939,71.9121762844494,0,21.738307678859865,78.0811517215186
63.262601576394644,118.81135684025634,0,24.88821588041884,62.46592351231046
11.99549,-14.51649,1,32.52174514425887,25.32778431723159
-72.87929360805592,-153.82230941736583,0,27.18073765166111,49.94570221904731
-42.48670117752298,63.437806755946724,0,33.906296662956166,73.39586478739139
19.29662,80.27843,1,39.83982893982298,-9.62115463350559
11.20544,105.99201,1,36.042783373639494,10.55039942023644
72.6453878871715,178.2984046524806,0,12.382822197771421,58.41056317188008
8.92115,-69.09858,1,35.83753750542646,40.820878910178784
74.21255771420675,-165.9861871679508,0,30.62323788262604,52.59923683002776
12.453865240390542,-149.3788824865012,0,24.236336608330404,84.93897813326095
-82.23109976992049,-170.4706759759426,0,7.123327467733876,45.527844291202555
-19.405628227151183,124.76173398717401,0,22.35179047659978,91.2659108867112
27.75718,52.16541,1,25.419219071626017,22.77287645562498
13.90938,-11.88333,1,35.68604498427561,23.188951036857027
39.62564,-78.72342,1,36.58311725466042,8.312193844284304
78.578493438999,85.23190425371797,0,21.35718783946083,61.81325105574926
52.76265,13.35645,1,38.928498322093944,34.6093147916873
44.76509,124.08392,1,33.82172798814742,45.29629683913224
-34.243216923673074,1.4582604813402895,0,24.285148580188302,36.21965865703667
12.791696601206837,-119.9928828664376,0,24.12421365456426,116.17214095872788
69.75650246087727,163.890104695285,0,23.521355609696847,69.79651066572103
9.63218,-65.14429,1,38.069529848184004,32.4531075429622
39.85086823157866,171.25788782171622,0,24.920902105363137,69.9396681056028
45.32385,126.83112,1,39.823360542677705,20.557927075571953
45.41478,126.64243,1,38.035034933002756,13.00077577915642
30.886409503380904,139.33119094397273,0,24.684605502055383,41.45739675416539
64.49882115279513,167.52173732608406,0,21.323858865692387,52.41730090959993
30.51151,49.1673,1,33.15227325514794,8.015822500916814
3.84127,10.82539,1,37.54094658887081,5.47702949421436
7.75604,33.29846,1,32.95672846597099,21.9961363449253
-12.18784129579221,126.93818219421968,0,14.312320628618085,59.73822598973018
47.74286715714268,-166.15626020755897,0,25.0285535764387,9.95885103259566
22.72618,71.44185,1,33.29546253858213,21.21159583908613
-83.74225270027576,-148.04717062154486,0,16.30589070699588,65.44190786228994
-35.65264502363365,-55.262756011277745,0,25.016212458238407,36.49006939342164
-4.52109,11.52827,1,30.99211644049011,31.782283019636033
13.18445,33.1387,1,36.639067801135,23.90625849635727
38.06552,-77.28108,1,39.00056221610373,1.7217184848852511
40.08592,47.85564,1,28.30257644105687,26.57069044697048
15.49932747972693,83.31844981261696,0,8.962219975842112,45.66650454174998
16.9259,-91.33949,1,41.527226871260005,12.937292165873997
24.070348517548254,-77.39881574700048,0,9.345558934805169,70.94635231389461
52.59589642245518,72.9252462451932,0,15.253111144170443,81.0590049960301
-71.4738792924887,68.32432804050896,0,13.259338460032538,45.60451072053942
-53.906889006627864,60.92920980818681,0,21.17920356311065,71.45752823309637
19.08504,79.02859,1,36.158758487959155,11.904079111150885
-64.59042865611202,77.39702119863364,0,25.73107271414406,68.60883475765128
46.32657,122.07634,1,34.0455237807351,14.25358906391736
11.316789035709903,-17.33275960986336,0,34.028549553401476,41.32539913897085
21.43611190165099,77.63761284191906,0,21.770689107241093,50.64610994426096
41.74224958491675,-124.89228388156482,0,3.511577948987231,39.09389552236351
52.63641,14.18214,1,44.891734383080525,19.501849292317548
43.23513,-3.60843,1,33.10724781761176,15.875442689788171
19.15745,80.72269,1,30.313405730622968,24.871362742128582
-63.47727700226247,-138.81402107232515,0,25.691230074750028,59.960915865650705
10.1942,-64.24371,1,33.39943810744964,27.399386941858435
-6.66343,13.93295,1,36.80509626445234,19.8351879529081
-31.249676166635965,-27.23817076063449,0,20.6477764150862,72.72090184253395
-39.46648396840559,132.69128928697143,0,34.140236625486565,72.94132738277658
44.27879,43.84264,1,38.38653044607115,23.15201537045472
14.77561,107.24251,1,30.060020027943153,27.726325586194086
12.381705830277198,-70.98250375902424,0,17.91017924319607,31.186351812256007
2.65221,-61.27838,1,33.6201406726286,30.18321725468607
51.39305,31.94816,1,29.843443170946642,9.367706226519434
-37.3989,143.22154,1,39.930179957263114,24.264153498701642
-19.297741146367642,-60.157931865834755,0,5.662712454642646,58.11539950972086
-28.454178414976333,-74.93262138763887,0,30.45777265813545,86.42808189302824
18.77361,104.33389,1,31.122896254733575,12.004990329507049
-59.61484130473691,146.227701651291,0,35.685949308552814,54.96584475879923
-27.41506202390284,-91.57239897811081,0,24.300029402425146,60.60496962501515
51.5673,13.07219,1,43.291813000126474,12.465471432596761
-29.777282899414104,104.87015971605138,0,19.35642949348372,54.47048547615283
77.98670925124796,62.681560334699526,0,15.634033936123693,68.05365083315766
47.06083,124.71773,1,33.15509913353156,11.836806170181752
19.04542,80.51717,1,38.3363953750265,24.005803815052317
-88.5217337140718,-91.43268548506694,0,30.596665385221666,46.614931008245236
46.28476,126.68798,1,30.332798580185973,28.508828138604123
33.50472,-95.31732,1,33.49164837197058,19.525302388839435
16.6395,105.66302,1,39.648250028786876,36.13304467570364
-36.8835,142.1631,1,31.338089333838763,7.231033342682149
45.05185820972969,-166.0952189688016,0,26.679635899583815,14.582681136639707
-19.85377,138.66832,1,33.19363854541372,24.548106640572893
15.00133,107.07072,1,26.238086916772886,18.710054804676506
30.29406132324509,-50.46821295001527,0,18.953524788857777,83.19838155292923
-42.7712134364246,-84.09035613603908,0,29.081613531187834,83.6985006780708
45.7254,47.80441,1,34.72891046549761,26.16900955823327
14.05849,98.45878,1,39.375566181593776,11.030429852927014
47.47795,122.91396,1,32.810125800322595,17.361088585137846
10.26666,-66.60757,1,34.77553640812177,27.143891459780583
42.75664,119.28249,1,38.24638498935874,17.7584768556102
-21.117668996456445,-87.79374410591126,0,15.774510054489053,62.912536115730525
36.01992011233544,-39.24324086177322,0,15.187097396682482,63.293620217916846
45.4171,74.79832,1,35.64515800120536,11.897534031025256
42.03617335965248,-91.9316109488427,0,7.588280267266601,60.07569624004114
9.8762,-66.30814,1,31.390573469285005,16.477776980704505
-1.2229359978479266,27.590750267413483,0,26.670047479702195,76.38254881918803
52.60846,14.36199,1,31.041636164325894,-0.8086872784919237
62.94579272065164,-129.20159726168094,0,17.455414837257972,49.010519071707776
14.05204,107.07952,1,29.863558473639163,17.020548865395845
89.16014037639152,111.89279783566445,0,8.886481089778064,63.67585990349521
46.97567,121.66113,1,36.62105243316331,38.03871907409006
10.07948,-68.4574,1,36.93914680400945,21.19319279387699
74.66306530734718,40.7671544209862,0,17.04370513936925,47.577312732160934
45.35843,-108.88423,1,42.889331012925695,8.846297889447985
15.61348,100.34183,1,35.693405043033195,20.198478285558554
-23.35284563387485,-75.81029246607764,0,39.013467688421855,56.65039524855469
8.10433359060471,-15.886004815716035,0,24.62414523440333,89.86781020729615
36.81286623234425,-122.91454658146242,0,28.8610739321997,57.741157221707155
68.32720392305433,-117.21636469332219,0,36.38968162603334,49.15265715279565
46.58764,121.74733,1,31.371420892029292,13.575323179164629
10.00118,-68.05412,1,44.33309289862296,23.534177272377725
33.49594,-95.31555,1,25.91465234943999,15.971688931116125
15.18969,107.2997,1,30.396604075963474,25.970265757875907
17.01685,73.9525,1,30.889035058379783,17.534904860808254
-61.96854404136341,-59.849075496221985,0,31.552643507706797,81.62643775987486
21.03926,101.49239,1,28.125294492668196,13.82700799706123
45.72504,125.29395,1,40.38855219214987,31.669643583360934
47.16779,123.37896,1,25.561897173847612,9.866751026796274
18.55714,103.38613,1,36.26525796309527,-2.259592876155434
89.19225959163592,101.86385694139807,0,23.024844228307096,68.07970431989462
30.034072265385078,-5.2599240065310084,0,20.953182183566437,67.04734639255028
45.69197,47.76902,1,29.360894159499527,6.151662450223865
13.46982,5.12715,1,30.707723396640173,16.68546217856902
8.2414,6.69044,1,37.32297066704276,6.11816470736599
54.56959,20.28354,1,41.6448272331591,24.337396990009502
51.80013,7.27322,1,33.83503101067414,5.177313217272987
-36.788744660858676,-155.74908251973727,0,22.87593929643226,50.31745391616528
-7.289921465787884,-4.399196933967147,0,8.00753098366815,32.983153528546296
21.852225861284182,101.65648764532148,0,24.44292832196993,65.85498025523961
-14.738525607942393,-91.40531286226874,0,17.53215213097404,52.48361869588316
20.709341156323646,119.76548465285276,0,8.480381227631907,78.477353127425
10.49892,-68.48345,1,37.31965226336631,19.314127230177196
19.2167,103.27301,1,26.081550713290973,14.939563906954199
44.79392,125.19836,1,32.82197253667143,28.858323179690863
-27.194178278104253,-60.73432181852219,0,21.751250203890688,42.34332451338284
-48.6967891895076,46.07060231116898,0,15.365020409769855,38.334927451609204
10.58513,-68.58892,1,31.065602065034014,25.714337678782574
77.87933484368415,108.83600877673354,0,5.133511478209387,71.45935557325619
30.999469648961337,-33.28185798637591,0,8.07417628444994,34.423917380377645
20.93101,100.57693,1,35.53907070702875,39.13951043177835
65.04553442602332,177.50889983446194,0,16.198575211562385,33.162086984324304
13.63994,106.77518,1,35.72613686789094,7.189643868681475
-74.76343814455299,77.80385017958923,0,10.729478607194169,77.14885200223488
10.39312,-85.53641,1,34.35727040355444,28.99964296018173
45.56771,74.43591,1,31.44673570466977,27.651013691089087
-88.86882939928707,-118.02460864570321,0,9.085656686738172,52.74166159390873
-43.89684854308852,149.80172862311042,0,26.40038612048278,84.48323349308758
16.60303,105.99539,1,32.71122973304923,6.234549448461809
41.994986017461315,111.07252503877709,0,9.733440341025531,76.0097931896447
55.32010058220004,-155.55492933664397,0,31.196864900384348,55.26181998258351
47.16904,125.1528,1,37.40612837939067,6.601560055153964
13.211161045774475,-44.4919110485161,0,39.34614938717117,52.420416950741924
4.19842,9.72408,1,38.81899706516376,42.03284387420448
8.07908,2.88399,1,32.405837437947135,2.291738248578387
47.26556,125.188,1,25.68415157122502,25.200742464737758
35.8528773244293,169.66117564049222,0,22.735772132334304,65.25905533612561
-40.96359993130023,-64.76271390078358,0,24.99161038567698,51.53498847008154
28.289679888195295,175.84261314599223,0,16.833491018756,67.40448540971603
-84.28012258725698,-147.33770571945104,0,32.20457005365486,90.72667170390238
80.20900849545819,-172.16602856121315,0,28.839084258040124,81.62804725049287
-29.40445302572514,-63.37919148404649,0,20.79706583773695,88.67764517641412
16.88289,97.88685,1,40.100207651101215,16.79304298820698
41.09450220773053,-59.41524664850306,0,11.475106982258012,74.74829758212285
7.5397,-61.66143,1,33.09154538834348,11.830360321069106
-13.002996442349783,-40.26551279936953,0,7.705635359420311,67.82386011428343
17.86323,-93.49794,1,28.872078816346043,18.87443820455504
9.95294,-66.28934,1,31.495004787966153,26.357116769093327
18.47837,103.59904,1,42.531574046279026,24.409490615759744
65.62883723866508,44.74318156663409,0,20.426915581506904,79.99401174824007
5.44059,8.80588,1,43.56225100991888,26.9106940312944
76.13547963282966,-138.1309865332837,0,18.592731891309786,65.71395522784204
10.15886,-64.36813,1,32.298484985444844,29.78557113026533
32.13982,-89.3886,1,47.9389606151647,8.629507031410824
72.85464811636339,-28.645597236626486,0,15.017632454485481,98.90923779263949
-46.75779915216157,143.04883786746223,0,22.433793747844728,51.771124124223725
47.51198,122.75005,1,31.255621930946166,20.079452962967647
46.08659,126.85115,1,35.467615874271985,22.431578797912614
-8.731477744694914,23.38237495027937,0,19.682116691823467,63.47865846259419
84.1211551151655,32.47106564989397,0,17.993741879674968,70.32193792303032
18.73638,95.75163,1,36.96510084893914,9.554700202379403
84.7361668022867,-177.12715476795725,0,17.793487029722776,62.432516953234966
18.631,-92.51332,1,41.62107505270346,20.440784385899352
1.6037737575442463,-135.62972981838658,0,24.0324181784239,28.399238666171357
18.30409481179494,37.70693860418902,0,11.547914620731417,35.47992439940579
9.16164,105.06022,1,41.890072541055254,18.1061119522629
45.40826,125.73475,1,37.52502610943054,23.234207075563393
-85.35335687591078,47.65524794941308,0,11.009442880150415,58.52743897031088
-36.74586147881176,120.37133287532043,0,34.75578139666072,56.8293788760076
25.48719,50.13173,1,37.04003770874252,20.792220867561706
60.49605345657025,-126.08740945134899,0,24.784602627647054,59.11596994631529
8.03912,6.8168,1,29.23858796032048,16.659086525735148
45.31075084488896,-99.29851485747142,0,19.31112656002544,70.76350238918874
2.11932,-61.21868,1,37.11504814307194,19.89397130914721
17.62539502579621,-165.2326611208659,0,13.683771360922858,102.90446591038486
10.26791,-67.52499,1,28.595934869107957,4.886095739866365
-37.39469,143.65776,1,39.677746610553676,-2.0774153945341283
-59.752519901571894,18.2535758904323,0,27.38528459106964,74.34355269379054
3.87112,108.27376,1,36.127062164946615,22.22636697246793
85.37114460534602,5.755647007747143,0,18.821178229728595,37.37289670170851
11.74531,5.76248,1,38.79750021690783,4.148961590290494
1.95557,-60.62852,1,38.824503433376975,23.637235282460537
22.60592,-83.13921,1,42.10296600100423,10.618855377246263
43.61629,47.09918,1,38.317660193974945,5.096548418966247
-5.219400104870573,58.166708245164926,0,17.3741015500295,40.46146516909841
9.447380996845652,-67.2671891005656,0,13.951363582997566,66.79816632426095
36.03351,-94.77589,1,38.17842555893772,29.279930748615893
14.434808455579855,-3.022947231809013,0,21.44584753491442,59.30115724092615
9.90321,-63.43962,1,43.21299872329596,15.655040757270083
45.559,74.36428,1,35.73284091546058,3.7494356622782554
20.36528,83.83044,1,29.74242155318855,13.647705215053236
83.15648699453811,-108.9460432858568,0,16.067208921796485,42.303050207564254
46.11211,127.40118,1,39.61384739194029,31.21377347530088
-71.46445014593436,107.53275251842166,0,8.55415411549598,74.13469574701577
-58.29048271083732,-176.3526588491231,0,23.22588178673771,66.69584114042914
32.24089,51.42991,1,37.558072080928866,22.659073964625755
54.22250058754696,70.8843583301801,0,-3.4987021391591533,63.67521721324893
15.18589,76.66446,1,37.553279395982436,27.11042361465849
47.3666,124.89175,1,36.33568935716902,27.184086865804723
-83.12425641024534,-64.93370590437057,0,21.053801233312743,31.868549250869673
44.702344417688806,-17.93738764696002,0,17.773354713839893,65.83453075478668
-33.714237677325585,87.21287336143348,0,14.763716091957027,61.000141864782
-38.50886,146.7959,1,34.622156610570144,13.740016573561167
-23.13639060016351,57.75080112849929,0,20.509816424606804,63.81018621999999
-66.14233229035095,-16.66228085141381,0,34.14768288364079,36.4624998718087
18.49933,-96.15536,1,31.825173866378396,10.799707649407095
17.67158,102.19893,1,28.876116447587858,25.44537742811267
76.76281157680495,51.69011220564008,0,15.55934386659792,63.62300219359018
14.043443648543189,24.86874000239402,0,4.601486047620366,110.80177542358882
7.7029,-12.40148,1,39.73789443927828,13.116868129438497
58.6082558566512,50.93898064025365,0,25.273902176324224,51.61162299513079
19.62255,81.08086,1,35.71915057349376,19.68857350359617
13.87756,107.02117,1,28.67476674484503,32.14741834920754
-6.91488,13.67855,1,39.6771100784248,-5.5177656707450815
42.9054,74.7048,1,33.99939043553094,44.001978527393945
54.48003680602835,22.478829339168556,0,13.576300135267408,82.89435622743481
-89.91686472642233,144.50228907446154,0,15.353405433252906,36.83627925707478
58.226153142572684,37.86865734855175,0,22.85148314906846,87.83871657409136
29.00338,47.74916,1,28.22856449199667,28.809371906380463
18.09237,-94.05436,1,36.346812272534734,24.427728614150475
52.68856,14.22873,1,37.65052495776391,16.029624302644514
77.67974834446932,-57.32123490025786,0,20.81089218070811,29.525941492152402
19.68922,80.62949,1,29.562424740321458,17.342032875744867
-46.68073240675554,-43.41796224085235,0,11.373969420317767,53.498408619099415
51.77161,24.9966,1,41.964859031596866,20.54446262368084
15.152962392693865,25.981990786222212,0,28.602098134136707,52.36962976679075
45.50298,126.69367,1,32.08903450158263,16.17092744624162
-72.09806737184232,0.8514337973636543,0,15.93629434737976,44.9981402198467
45.9703,125.27867,1,39.69433860375386,23.504011727535808
-15.259349052251906,105.9549660165934,0,24.230758851862287,87.05025898929792
-74.20423056748348,153.2105229142873,0,22.003035120265864,55.467654495038275
69.4116815236624,-11.368886309335124,0,17.007495323344067,64.20226848462296
74.04103737311718,45.183928558080225,0,19.449929695537943,81.64344298306052
87.22428315831914,-74.03931938872059,0,19.5817843515003,49.13183565496658
45.65825,126.93436,1,36.696979122008614,17.628559859336857
45.55913,74.46756,1,33.56666916618989,25.726981791527884
-38.477691845542566,10.859154310855615,0,8.108374479461087,54.8748639879278
9.62371,-63.7322,1,34.13992713956948,43.31651146773897
46.33422336278218,168.7921325548732,0,17.433285463907843,50.94848408883628
13.32663,79.19514,1,31.288365173084312,37.004546204960775
45.22358,126.8394,1,22.195457645312512,19.255808222834386
66.09673939491398,124.49272666095868,0,19.69443247542908,82.66117384464454
47.36775,123.24477,1,35.20448776400826,9.21912006600462
-62.704710782195676,35.2216351769313,0,15.568112170315576,61.23246439724565
16.54698,-98.62096,1,42.946159078634246,-1.911767049202929
20.96788,99.24807,1,25.93248810189167,36.528994953897275
3.23226,10.19526,1,44.08053905430541,21.015042632323592
8.50129,-62.70464,1,34.23482212609357,2.670077772154677
5.649592631303605,123.5815875022667,0,5.558321768753379,58.713366748010685
53.974288225620626,120.5262934674011,0,31.980064314882434,83.35414816745768
45.71758,125.75152,1,35.142149458732874,26.006133512123615
18.06998,73.71732,1,31.92433820918034,28.038356202616235
-44.40917129774491,-169.4268078101769,0,22.923304469480577,51.398810300319084
46.16925,125.68196,1,27.523341145375255,34.63341621512024
15.64168,106.04598,1,35.022426692276724,15.773141448738059
-49.74764749028541,163.58054075717678,0,22.955035031850677,62.57387770256608
55.89813236506001,-61.49230937981174,0,23.19189428129743,54.27177992258886
28.767999444465957,-5.493793845229845,0,3.854127924266198,40.78432612060787
11.11265,32.54055,1,34.041972987700575,4.876479799664841
10.31429,-66.73107,1,25.1006164680508,19.931177139340683
19.33946,94.17345,1,38.32113675459782,18.80876784223958
12.64481,-9.39263,1,35.36236576341536,24.2277487315059
35.47627480993842,30.356435886907406,0,10.119914542663217,58.55562449528535
10.88257,-69.50095,1,34.448729837190115,12.42196129525791
-71.71059413390347,-54.37554299274919,0,20.882274184129212,80.19261489797515
13.41366,99.49818,1,47.31084778799665,13.548459686722726
43.53407,123.53282,1,30.177528545908814,19.614938393805225
18.76782,80.58076,1,34.48542093940954,9.039798758884512
44.59774,65.78297,1,25.172103877530745,27.137648872651436
29.60743509458787,13.762524723357728,0,39.150199138086165,47.25941347064105
19.93473,97.93089,1,45.329258343174295,18.044920523116012
-58.782762935229655,6.287433767498811,0,20.972862720453907,65.59325836600392
-72.62413077588732,-112.48144789433398,0,6.035983946389493,41.93605715082201
-13.267970376621108,-83.12306289543925,0,12.337788496209022,102.37713099923992
-45.42450762475461,-108.55458418023335,0,19.58473248621754,61.52343941085662
-86.72657691624391,156.54459734506668,0,11.086707547157909,65.2143372465483
45.82808,125.27267,1,33.7160849712503,38.51306612137304
45.91763,122.06525,1,34.07371348480157,14.058237151173163
8.330707573752491,135.36323294711826,0,13.023974343169211,73.35988224901102
86.01104496775116,-1.8433020849902562,0,10.214735892710568,52.214081174879944
27.94271,69.18848,1,42.85257734462335,14.136938372844183
46.53597,123.06766,1,41.65713834897382,24.1956643558892
-84.5169385611052,8.2423928408341,0,34.021165476273225,62.734018744861714
86.40831456293134,122.90501506731738,0,25.11003862556484,78.37477213428002
11.596722646682949,-41.230313192465246,0,14.803236513156348,82.40384185391378
10.11486,16.56074,1,30.209755318319687,17.63127070650831
45.48243,74.3439,1,26.77294182386075,10.982141471512136
46.63904,123.14128,1,33.21123361064017,16.53025458433489
-31.980862013249315,-131.15634342002448,0,4.243765656408897,74.0144920158418
13.71483,-89.55669,1,30.137733619815524,22.499953370948997
22.61255,77.22503,1,32.969396592097226,27.514762836602948
-7.84455,12.1157,1,37.9236102035348,36.03218647485088
17.04133,105.16928,1,29.560133403558076,17.39827933318398
-40.66327260052244,41.933307238800694,0,31.26685389873004,20.195279379853822
47.35228,123.22658,1,32.7752325764867,16.000857851636184
-41.19548297674241,-174.4063793614112,0,26.776593037149887,96.57933092135978
2.24607,11.34648,1,32.71233166434714,22.073521705650414
86.7042766534035,-45.90957521969642,0,10.321892262920583,63.21665249052619
46.63919,123.72228,1,33.31373010881722,25.824836286584603
47.11031,125.06985,1,35.81312617407463,11.041839674572818
45.6789,125.68562,1,40.144526776599484,18.722895629966093
13.34892,-88.51749,1,41.86651303890539,26.690180566673916
-21.51589244626699,-2.8636595590323566,0,27.791986245267186,66.76944732114144
5.049218927360229,-69.01715168689631,0,16.356488758939218,37.40111275964303
-37.68498,142.04338,1,34.73036012654097,16.54486740209594
28.91465,19.7706,1,32.56320419282777,24.99268212173127
51.871382503491844,100.13704574469432,0,28.51509998726433,70.52433129093477
-69.21590043117013,168.73496231441516,0,16.343649817656438,62.59088178506816
-88.69609495219235,-41.111843671494285,0,12.416581636798798,50.96443848707094
-28.32888268433274,111.80639162001557,0,7.357422483907609,32.13848494550572
10.03991,-68.29718,1,32.16588600196464,20.86304797460767
81.92781755858152,151.27949030468307,0,40.091146767587276,82.79441342295479
22.19981,79.84403,1,34.39282395134366,20.492137497867837
-82.81184231534624,113.40826010719064,0,37.95149820514318,60.64371846632414
19.18361,-96.31332,1,36.360433952713635,1.4134548236753162
-57.653751753117255,-139.72302303012177,0,-1.952358414233295,36.67433172861334
86.85384949282388,-172.59244165854733,0,24.945665425130013,67.90147174721574
9.93578,-12.51857,1,38.806768842113236,14.662907640868703
43.53778,47.37652,1,33.37144227715622,11.836020202850221
75.33934529339766,-120.01271230882026,0,5.515660561663822,43.50185304103172
81.05364206571306,128.46371454864578,0,26.496812551637912,83.41101370546775
7.355281239136602,17.06504740191764,0,13.085005978552777,64.17311459310754
8.66032,-62.77967,1,32.891856825116896,17.757493275204048
2.6435,-61.29438,1,34.44582684903856,21.160871310211764
70.75930700150485,89.30656035344128,0,41.72532076556479,88.48511120272147
13.46087,-88.05223,1,35.69965039221857,20.91619125774057
1.5466329243134993,-101.239345612427,0,24.411788174066807,41.58953798409605
2.91046,103.30809,1,30.45225002010769,21.72414938560086
45.03407,126.21091,1,34.52547314874044,24.182460302757686
85.29075309692627,-31.410150845400636,0,1.9138083416167895,71.81089090367156
8.37007,33.25286,1,36.06194181075987,6.893011969095609
19.75496,93.89639,1,42.06230668421765,25.71988387522453
45.27525,126.27802,1,26.90297810185554,22.450287632656398
75.37991638587522,-173.7484502294651,0,23.89001805181337,89.97386157115896
54.76938911587243,-157.7292652890887,0,9.902381572056125,61.627302606685866
-37.39286,143.6692,1,39.511877242127284,35.55281819887715
-77.83986202417506,-108.77767368503343,0,29.449301114548177,109.27762140763961
46.21714,123.38552,1,37.56967610715148,10.019213555791573
9.94945,-67.67329,1,30.248937542474298,37.27715404511119
19.41421,98.10252,1,38.0295311808877,13.635471851081217
31.106149197746603,-8.839364352338123,0,15.617021903753088,54.7645791998222
21.738291541172146,3.8754606726649854,0,16.188142689695667,85.9989455569736
18.75422,81.06756,1,29.423506237942732,42.6918302815979
-6.85942,12.39556,1,46.70979165552578,31.205341073921666
10.22431,-66.71081,1,35.99538863785161,3.694068607258039
11.88907,-10.88976,1,34.16040322206552,14.105229750776687
18.07902,77.16263,1,29.451062461273224,20.744739341891556
-61.060852035815614,164.49916723184225,0,11.16425471429225,78.42227376719015
8.96362,-65.4201,1,45.70631530569173,1.2114299909679573
74.81297269056776,112.17051923361447,0,27.461760353993327,68.71727782314345
-77.91939553182715,117.4415865157901,0,43.795900596662854,56.3379493008966
51.41355801174831,-175.4195295368492,0,31.169127592413712,61.06517070161179
-29.787309330855607,-24.111529895591502,0,33.09611764079294,45.083600037271104
88.62890820285457,19.276814159267133,0,21.527727794634497,71.59499775460931
-46.1325063574187,48.42933849120499,0,24.939735042230765,37.002743497600875
10.886,6.01067,1,35.342765537338366,44.18273197258749
10.13822,-68.54672,1,30.251026328646702,33.99404467771917
10.67155,-69.21438,1,33.3983250404437,13.899147271661178
70.55951934762743,-121.96018428952874,0,12.403240344242153,71.74698563705992
-1.3565770429277535,127.39579825259705,0,13.042071801632018,49.893168541866416
18.78156,102.16295,1,35.35163762265527,9.283572440063779
-1.40813,29.20623,1,38.10950874117006,17.326588242303963
26.484496819521297,-110.31596597934075,0,15.184642725964057,67.43138620502923
-11.187343372880619,175.37807807665178,0,19.980866780167972,45.72287360767988
-69.1191924478693,176.14901177762533,0,44.670070043644756,50.91313475876964
-18.260320740336226,9.322598258568775,0,20.86352302151391,64.3734146669748
-82.00110415249388,-160.15774814193122,0,19.08621435889372,86.97514218139662
39.83733,113.28149,1,41.072498556426694,17.826785834350474
19.15612,80.7133,1,33.359160731907096,39.24502969018143
45.34675,122.28236,1,28.51367260318704,6.151622380746469
-46.47342644458668,-147.87978336625306,0,38.10316784509159,60.230819896370434
10.09079,-64.58694,1,36.265820872741806,24.3935783736386
3.542042348968593,-168.39302480498964,0,16.476684518930274,53.30909572151208
-71.14640754307452,-145.30940003077714,0,14.444534810377615,52.88142617286236
-56.361323788862606,95.0608447739985,0,42.076408686776006,66.27032957428091
45.21469,126.75394,1,33.12947411793505,28.358799177023393
-37.25528,144.23869,1,35.88305045131327,31.490962340134523
36.026,-94.80318,1,41.87579610423426,22.82435213458952
6.821162296982621,-93.6906712648543,0,20.1413563212138,51.210593255047065
45.69729,61.9578,1,29.160744671507665,20.62550544373104
-62.33987514835475,-112.58331264372845,0,14.125722842126702,95.24384056178977
-76.49674414249829,-20.21593940114505,0,28.9738639220594,40.22884585333672
3.90441,-60.92831,1,27.618258768529373,38.67846376839247
-10.963501345728488,-127.80111992974206,0,13.676997028893823,37.166243929977085
-7.224049719200735,62.284975922893096,0,37.49781782047059,50.61548383810896
-9.334196291346828,109.12614498991945,0,32.93775189105959,88.59617124338715
20.372522642951665,96.5689140603003,0,28.88377931819626,95.18371209456234
-29.70187327708586,-69.66704682851939,0,17.379857993280122,55.24344552926182
7.69644,-12.22145,1,32.42216417666214,29.045066103219188
10.13933,-67.39617,1,30.506788086723603,18.702540123584622
37.17229,-96.29049,1,40.53182622559701,31.511872658458195
-6.59882,13.75329,1,33.84088282750148,27.267857751071247
18.76828986315779,-118.93094146039708,0,25.862971228211983,33.89218987511072
-43.95753647320514,15.034178572959547,0,12.774659072801647,54.57174527454704
-76.97991681170868,-55.52362370918169,0,11.11126502264999,75.75828223336674
18.010972460541154,-84.42299718920796,0,20.803995852051177,36.50691243624645
30.17821,-84.92215,1,34.59661765188915,19.029210977504707
18.75289,81.05808,1,25.311276293863152,3.817437180182637
22.85566,76.1206,1,35.628631401073875,21.106169477708978
22.85963,76.11593,1,32.19911890726436,21.67934107391485
-32.5432267146222,19.503045062350594,0,19.543231014912894,47.61258092185618
13.88418,106.02692,1,28.20474636607005,18.388508504210954
1.83354,101.66618,1,32.120184447378776,36.722700071023525
19.76016,93.88636,1,35.7584074520767,23.33108155525644
77.39952009212914,134.6922651721634,0,23.990425613864446,98.34653781559498
-63.64186639097768,29.66254532573018,0,8.513621511460423,88.29819569191304
87.63098743682428,-38.08953563342706,0,24.45758030140761,62.900423018993266
13.47231,-88.04229,1,34.6141585276919,29.09462838337246
15.61502,100.35222,1,37.24609845916355,13.551818057640965
65.74707104264465,39.943971418561716,0,34.26117854489249,69.41228489842877
-88.10963704968415,-110.39620593679933,0,36.716836345344504,54.913029658428215
75.27787945852563,-93.0026209944491,0,18.36524633669461,47.5113263817066
36.34389,-96.27216,1,38.36763337670097,39.258600410425274
-3.0281432153726797,70.88868676533846,0,15.19682447758817,56.568726674930424
9.37689,-66.19196,1,35.57549758059357,25.08889508820901
63.185776442207185,-111.1123569590601,0,2.5370501973028254,64.9030460188161
8.66544,-63.91915,1,43.35848788742735,14.515858775688777
-51.95304772039622,-61.55365955224755,0,36.543079608705,44.83492051607863
9.29935,10.31423,1,24.31520038542566,12.811609178525446
15.161091731169662,-111.44442425584796,0,29.681276475520292,65.1528795644631
17.92579,-93.63096,1,34.70418376349697,-1.0738114254287687
46.05035,48.77072,1,30.210992481998073,24.90423580062765
-41.840782989413725,105.6459556340834,0,25.39774484132075,65.47418509002624
14.74017,107.18797,1,34.83249159293351,33.82801436593663
38.91164,-111.42281,1,36.71486377703376,19.4509381309063
9.03219,-68.92162,1,40.609272931235225,30.78630669283023
47.20127,121.62511,1,48.869896207668546,20.066996516722593
8.96064,-65.42492,1,32.413682940371736,17.334434966762778
-55.940505353112606,-53.295668998860535,0,23.375731398219965,56.09003607283285
-52.51459587677809,-61.207780519637865,0,25.822775071538228,24.565570243655017
45.42291,74.74054,1,28.338475016609188,11.602110476441043
-41.20896524189443,-105.9230080787366,0,4.277217738814015,30.121870140261684
16.53258,-92.62624,1,43.15051826077652,34.95799396821779
17.538734431846024,-138.69754421200582,0,34.49981248522667,40.23244046312911
-6.55417,13.8591,1,42.83053806940906,16.36740571492078
6.7990439172933606,99.08963175512287,0,22.23958917619477,69.9413337089957
-64.9012520614991,76.91961038853105,0,3.85161768765148,41.18065334219628
14.00996,106.98626,1,33.44514304384613,13.436803085398436
51.86087,13.77706,1,31.004072698680197,9.223271506901781
-67.138158290584,44.58412805937559,0,5.133104994468816,38.12412219264098
16.39468,-93.65521,1,25.917752729577156,10.91619609368811
89.41036409085496,-19.538601464500147,0,29.054962481358757,62.442989394023805
7.3935451627152275,-172.19821808964286,0,11.468802756556748,73.34564627368384
63.7848082849294,60.13025957938302,0,13.146830573166781,53.42459541050821
47.34936,125.21197,1,38.69474659229265,16.114264274319865
66.80371807949828,-42.47256851579877,0,15.809536544596268,56.13858896518685
14.294992738913038,170.36270894296246,0,7.956123755167342,62.57199887466241
15.84121,98.33043,1,26.144329724218828,-1.9370558134434646
-20.825708243909332,-18.98109373934338,0,25.426053598691148,78.41296353311833
17.71298,105.11008,1,41.24452070343069,20.96929978045865
-37.18747,141.45697,1,28.100739828680485,23.94977963161452
36.74945,-84.35836,1,42.17098807381478,19.168894003675184
44.19563010101086,148.8302699096398,0,10.766084713062885,56.37288425885882
46.24659449869188,-126.69691058277773,0,36.91309617008731,63.55862335458162
14.03189,106.87126,1,33.76687672522003,12.811221566114357
-7.162578518538865,133.10891443621028,0,27.723496630047524,93.77794618267836
-7.01555,13.79716,1,35.01854427246587,31.493232176012945
11.61717,5.95298,1,34.735729001391185,10.275957582855996
-59.60309326075087,-31.35882106452675,0,4.307358850016204,59.462035955392345
87.40034549375221,101.76931326237934,0,36.95094945235458,80.7534438431442
33.01265,-79.88333,1,29.220379297551585,2.7520480002654644
13.18758,105.89145,1,31.82342109597169,-0.2244535318446026
13.37405,108.25706,1,36.806494983123656,20.75341687292805
45.43931,122.95776,1,35.674192220797366,25.131484990800704
8.02995,9.26127,1,40.17774677711707,20.9163529711898
47.3096,125.30416,1,34.80229773699337,16.065463708677107
-2.1162320386859363,138.282179815174,0,28.636379062508638,55.87414286937658
26.57926,101.66222,1,33.21970459981188,17.934355614962413
8.646712576767342,-132.16852790720787,0,22.0315553824016,70.4711297509741
10.07786,-68.4679,1,36.6713386972047,25.3889711983352
6.38403,9.44227,1,28.722500496377055,18.71784081284191
9.32904,-68.73481,1,23.61925481747889,19.89778776113455
11.17677,30.07978,1,42.05736902159767,28.21312797455265
6.32296,10.74674,1,38.26219079655138,1.9147625342262202
26.49388,79.05519,1,38.212403507248624,-14.556495339108736
45.57562,74.4315,1,37.13006246323707,31.405560778155355
-85.22737407018312,130.72022689681398,0,26.778175741351966,84.61534566533658
-85.54132208459103,-150.97978957505802,0,17.049781047160288,96.21084036277294
-68.59515737157753,-26.098296478907542,0,20.8098575364963,27.896884756842766
3.3502917182388927,-52.67096817413547,0,20.617443295101726,35.928412449906176
19.99038,80.08765,1,33.90995448954311,34.94000100377978
22.67155,71.36827,1,34.15587737372254,27.30938058153903
18.42052,-93.18812,1,38.51813738099314,28.05674550669493
24.74479,-97.82252,1,44.12050726076221,23.788640374964466
-23.19533510829831,48.18535526419555,0,23.953525836335,90.47335180237437
-70.20265739996772,7.121190151178524,0,33.56803629091413,61.49875010069157
4.513513915014528,157.72336646255388,0,26.295864411330495,74.9967176553444
-88.41916990940408,-147.10063509407433,0,5.832127293728995,67.52023591823651
-61.89655325787801,161.23747062427395,0,12.916081617957959,106.18260673231923
39.92347,113.40652,1,36.81393883448098,15.836937036817957
70.65913941338238,-6.83722957584223,0,-2.862017458588891,14.722092082966498
46.38103,123.00742,1,34.47300785221951,28.92603066885471
9.50463,-66.39594,1,42.85408299391789,29.334274531058696
86.70640360151504,-67.92172152373884,0,25.35261402254265,92.20881497532855
45.65871,125.59516,1,45.826641129875476,27.353136393889034
9.62606,-63.71708,1,43.48436680358283,24.099437108332324
-37.68338,142.0545,1,35.60954087544724,13.574977294333998
21.093390657429268,-8.289833796230994,0,39.54414911450101,68.33615341246903
71.67413269540413,124.5780254006425,0,10.14614290011467,98.1790567168915
30.464999250507788,20.995990645548403,0,7.8603379184641256,64.04721068629198
18.60954,-90.98212,1,37.0654917625314,28.202775479894207
13.13851,-15.05974,1,28.644589051800985,21.791381610478318
10.1105,-66.91721,1,35.61702160756603,19.299090834732983
19.38817,80.85657,1,27.79525508793757,21.39590001054838
-6.744447199034255,-101.09182562172983,0,19.934708645114096,68.16536805443998
-75.09882918796944,-178.2099383934061,0,5.074532989703936,53.93735938136774
13.16328,107.72244,1,33.53817157873169,18.242849050533742
-48.95344041045328,160.11355007960606,0,23.103605819781023,51.65311801466981
-6.57755,-51.10375,1,35.912171619417855,5.830414118818588
-84.20904333908113,-153.47003166901467,0,22.05052849746582,36.69235348306398
71.69045824742071,75.18089900715879,0,9.710934628942272,84.81225621319264
45.36245,122.27893,1,40.07489408475886,11.017531650737196
45.71058,122.64046,1,31.12509344254676,18.488011437633123
48.28618678532996,-72.67853943917643,0,38.166833495142555,40.985342132894445
7.384418230837355,-61.676864068337935,0,12.562232956380567,46.34238544849957
-76.51799787516656,-44.42916211218929,0,19.089814502974345,58.60404198772676
-87.95952583869223,70.03296998277551,0,12.995715128978325,34.708617074280056
3.1561733068773776,37.877836855348704,0,38.1608623215613,67.52668881261093
-36.65646,145.28964,1,34.341269465541046,20.180179977094745
66.94547834398932,81.47299055354722,0,32.309247173478525,65.38275404257483
-5.850854148345661,21.74966370335315,0,3.314036969875424,72.14576533909936
19.89627,77.11559,1,35.066869417702556,14.678577942050698
-15.6195582352087,128.69280496719296,0,17.981921027200546,60.07533780388317
19.94499,97.92974,1,32.96903996052367,16.934217188823197
-16.1115758006666,39.61855034716001,0,19.181109977771314,26.496421475558947
-46.831773218582526,-86.49225916966932,0,35.65844220658549,20.18809133622318
45.72368,47.81686,1,23.80713914305977,15.471055202468747
63.808295591263914,165.6043583686075,0,12.60929118058458,23.36386231794097
82.18307151344004,164.2075920180023,0,29.339732553906632,66.65979352345722
-63.36821507557896,-147.49571272920625,0,17.819729665458855,42.52331690851648
7.42547,-62.8931,1,41.57971739987737,28.924194398350046
-0.7513126808055546,-151.30826154039997,0,13.707554858963036,77.3920559034221
-39.46253864120545,-51.19334111180376,0,17.717221311572022,82.86170462931156
63.380940602419,96.1992869292605,0,20.77411753156815,81.61197503545816
-58.32551079588258,-147.20938621728112,0,21.812330970540135,14.254679475813738
-37.23774366468779,-163.17877181209502,0,5.8727867040222534,43.39363774989233
-19.07699463044554,147.46892552166145,0,8.533406725892736,65.53329715152046
-86.28834513000048,-117.96981387113402,0,17.535162147158633,62.808693986153344
39.48221262787234,-85.39274843803601,0,26.614095127972753,60.710304047950586
15.31141,98.06853,1,42.796419171029655,10.6294409793999
-22.782964796180252,96.65233238268246,0,3.798048402728959,56.724200366779996
18.55852,101.93026,1,33.67757033266913,24.1095099159647
43.05212278504567,177.2925941402658,0,24.291610420568265,13.096438679413609
27.73143,102.2075,1,28.3705319352471,12.083066792794655
89.65360782129324,-79.68840822432757,0,29.439130044651186,34.17835798137312
31.163348229554813,138.9106712381813,0,17.01443803225279,62.86518429716096
20.75678419504689,-92.61605535818003,0,30.331545596959717,99.61246752383406
23.89455,-98.14124,1,42.4509405329572,7.43907068168612
7.99748,10.71231,1,27.294133925024006,17.54928965857244
46.8250910597512,-10.589436453641866,0,3.530379291987103,65.30690196573012
9.67994,-65.44788,1,37.30143077565534,14.306239377718756
-13.82144381201779,-148.40954568162627,0,25.426509679126465,58.19150351287784
7.893556743570954,-124.81001202182452,0,39.56418152243368,77.62825543122617
3.3301186531453197,-171.2719774024999,0,18.758255652105515,66.19134530540029
9.86234,-69.06226,1,22.200869464652932,16.77546231307932
19.02909,78.60328,1,39.372839394225,19.780974809200355
-3.137961520608158,-147.5909587851467,0,22.653328403231107,37.86835937836449
82.40647072970066,-108.63419629599204,0,13.199495110486748,14.201082216361911
82.90956947225547,58.688957253019,0,23.26458255274369,41.46920010035731
17.50267,121.71952,1,37.13668152931203,16.569599649268937
9.98118,-65.59361,1,36.02217561061879,14.315329568261653
16.88809,105.53107,1,35.55749592994378,11.076611686439866
-0.77069,11.92067,1,37.48645951972184,15.406801501388468
15.96011,106.27061,1,31.872981131524487,23.937799981979897
20.12723,80.26836,1,25.82715728377283,22.630607810265406
5.31504,7.57851,1,30.651713679240498,38.04109650242794
14.73668,98.08379,1,35.956111923541094,20.544394864787265
-1.706158009083282,-8.120248900809884,0,18.476642561401594,75.28245863902484
-83.32808307510307,70.57571046630355,0,27.917807736478345,68.41896371273143
22.60515,77.23682,1,37.51894857198199,24.797670118875754
-9.551229237250041,-132.1252908489879,0,15.510316533857019,80.11115177768882
39.96569857570182,-24.670524276823386,0,32.051546538041926,70.64503087595182
46.54446,123.20254,1,37.8929657013242,13.157721164735575
-23.606084153290325,105.31228223544605,0,19.15246204179093,47.97537702156614
24.08201,120.58593,1,34.97450326879202,3.3065180256840563
-9.146106648244057,9.202286072686718,0,0.6717689261330193,62.740855426875115
-37.523598907195556,-162.07767363844988,0,28.63676557803373,50.7976156223152
12.780180258821517,-15.419498755053866,0,22.17146560283516,84.64249448695092
45.41345,126.80524,1,33.17283249392211,-3.62850470637515
-27.74496741374967,26.47420444670857,0,17.288496976788156,113.50673195123811
18.66882,80.59277,1,34.31377149998453,18.424015868539485
39.855286036438,83.2261396299337,0,23.06829387136536,43.473203772000474
55.91202518394806,-89.3700202820593,0,24.063769661922862,84.00702741589129
19.792694679024066,-51.711562197110794,0,16.205524564359074,19.992775516527452
19.65873,-89.48383,1,35.97179043768285,33.01699973955307
-53.96519458597633,44.83687015301825,0,24.153491091336562,44.34616349368163
13.19319,104.74533,1,39.41248398324827,14.750511655418887
15.64831,105.32442,1,29.259709724135995,20.125282943429635
83.9675237135736,132.363244054904,0,3.9977341162281483,42.50263325095773
-0.13891658998950618,-60.32320089258779,0,27.95910750007222,58.15693810919868
9.99955,-68.78242,1,28.54114376686476,36.96570929001659
66.55143722268838,35.475088133738325,0,21.729340971777653,122.11789875208558
46.13502,121.7078,1,38.31301043232332,31.11961674747686
-71.01449048028437,55.1079810976926,0,5.93342727072913,92.97132795000931
34.19113,-95.75736,1,34.614873479289734,15.884189593354808
-65.27478688628747,-158.5550504488951,0,10.959290397179121,59.23082056687104
47.15663223504046,-103.24484887304769,0,15.897964021776744,103.49675556797887
-77.11445919676252,125.55207011736854,0,28.19368407052336,72.00824161898377
20.89031,100.7633,1,39.96058919355468,14.848616355959319
-63.368884015176505,86.51866691487294,0,20.066819849951806,39.832067968598665
48.305820634855365,131.81421639543157,0,28.816997867187116,73.7722992640632
47.51359,123.20929,1,38.13570978398156,12.13194446715921
20.33458,80.03513,1,31.019880304858294,-6.219649470292609
13.16466,107.73228,1,37.548612308105575,23.573168670505403
12.2100610042135,-47.67351098114719,0,26.615324479393152,61.87287895103369
10.24998,-68.95137,1,43.56791268498037,14.243496338102847
59.70456377618001,117.71920297914494,0,22.475506932354982,55.299729397984706
29.12528713243171,-29.384991624943893,0,25.398394744677944,64.72014255962583
-25.989660417968267,-133.37282441171016,0,21.958467078192776,94.07717932937948
9.79581,-65.29037,1,40.03909098175028,23.683121680301706
5.29746,7.65361,1,38.67568940207813,34.34446567533765
11.67084,-14.93233,1,34.04843268003324,20.530256517916047
38.06509,-77.28745,1,28.746606212708265,13.08385502811036
16.59947,106.03388,1,30.267770454972176,16.70227161447431
54.1605,31.53269,1,37.07080305389829,16.75334031369967
29.94533932338075,79.24478346084004,0,15.301505183443666,83.3003267489992
-87.66623041037745,-122.53425359626343,0,5.363371231274476,46.48988325176907
16.23535,100.04731,1,35.48910141531262,43.38017721140798
49.63572595879157,13.635340554279452,0,7.804068253316547,64.15786293695078
9.25104,-66.90271,1,40.63960688988394,28.239936592900403
-6.58802,13.76181,1,25.237109494902274,8.82300359450726
12.478379813605471,30.279875676104666,0,17.26061026791872,53.91364556750177
-64.94514147817969,-123.20136673514138,0,34.610161544224965,39.46227297036566
13.39017,-88.78487,1,40.58158191872658,23.04602673266681
9.11001,-68.1429,1,31.400233363873,7.2343097636782545
61.99255179964973,145.79209929132367,0,10.96042482794188,80.65318491843479
29.256131578127523,-22.60831306792656,0,16.16720083674385,40.61308703536643
9.94406,-69.07014,1,31.947761457971993,21.734971576025664
46.12879,48.22488,1,35.53374298140249,23.757590279017865
19.965518207405523,-179.4187398943804,0,9.761719590562098,71.29337258364222
88.84132373385995,-142.5037104735447,0,34.18312939186036,49.51368785677758
16.59815,106.0246,1,37.11461471125028,33.470970582044956
10.411,-66.38182,1,40.707987684231554,18.60672052888585
75.30958552888717,120.1513526375366,0,34.631611797654124,99.22983731851798
43.21383,74.28687,1,33.442030905255,21.82082549021266
30.84010600623205,-166.21303785130476,0,12.308693686314525,55.11885916849233
39.55804326133804,-21.769131008932902,0,39.93327781857634,48.55378459566953
-51.88781390638986,3.292463260964041,0,2.1060161861345,51.978996661150745
53.8356356714186,-52.581250307896156,0,17.82220830510245,19.996669855051195
29.21422,50.31753,1,33.62689313091097,40.66282714029179
-25.07,-55.21474,1,32.16869348040793,24.391590357835966
-83.82914952381316,-26.452674457074863,0,21.807820313857853,108.74697416525485
10.42236,-68.50787,1,40.469721027998304,23.390855770969953
-17.495485275202114,-29.921599158352734,0,29.213451772731084,58.18257141830377
14.26949,105.32262,1,39.91412476797544,29.18841355930461
13.13708,-15.06997,1,30.546929074603355,11.534623306694783
-59.41699279871048,-67.9886179296855,0,5.001814854336848,58.047969425328255
44.843800770157515,154.87135330955448,0,11.999339009177387,63.45918224014356
-21.25512,55.74678,1,39.18328661629994,31.258183591895715
9.98212,-68.89304,1,32.684644192324086,17.7229736223643
18.37867,104.52676,1,36.46474866794841,22.7150625089224
10.32193,-69.34117,1,38.69698229745548,19.842419665360477
77.64162355350223,132.86825778959985,0,22.586371307823033,73.00937879814093
57.276165113931484,-119.10087316221025,0,23.528006867590296,83.93643370953329
-87.35086540512928,-25.638491882903054,0,19.79605985039937,38.71221245858451
-56.0786953510418,-157.29614030172826,0,24.84353563160615,77.57097266157011
23.343338100108895,-96.1572318761291,0,13.462763218431743,60.30171050279095
18.56028,101.94105,1,36.11423952084813,17.945174699921132
52.15636,10.41444,1,30.507299569185395,-8.54180262610737
78.60640214402116,140.97327845841363,0,31.73458481195994,77.22816180980051
43.57038,78.23843,1,38.34818572895338,21.27933845741262
-52.404027660439844,-103.16035425538075,0,13.00506021905399,66.15243997138842
-36.557134462965024,174.68807320132726,0,24.33891319929745,53.245922493891726
10.16511,-64.19507,1,34.31790089329653,29.547590467407254
21.97591,76.28249,1,27.85978224359642,14.826997230344599
4.56402,9.94269,1,28.023229214603987,23.46276448382682
-0.7334137390198094,-81.26180696371051,0,5.071231312887473,38.27614057155574
7.57917,-64.35677,1,34.43752744247865,9.513743727290013
-52.37411112095922,176.39274370240383,0,8.534076721809525,71.81547386933542
-22.233639272189052,123.07884820684137,0,36.46912423657764,35.38018644108569
30.75121,48.28125,1,35.859995501207884,16.576460855215732
87.7011470030589,-127.61807354954789,0,38.53369608380362,58.465746155977456
42.51772,22.96154,1,42.318054014539356,6.642938442463089
-84.77701682347308,-116.67987513286046,0,29.802876493088675,78.02636251114926
-78.25937353053259,138.7594609833768,0,11.770475136390045,45.434934143288686
23.52103,82.52025,1,37.0718589288743,34.40880140730687
-83.76293116806397,23.03718842421219,0,26.06836897418156,76.26699089962257
9.00708,-69.5856,1,27.234757412010868,6.122377268796255
-30.391665800982665,-9.74019510134778,0,14.245892023000298,76.4973807250933
50.80264,23.89086,1,34.667874023181064,16.269010180799683
10.14517,-68.21636,1,35.41969194164772,17.58837897244935
19.12635,80.44155,1,31.81262579977012,13.469798203556524
45.23595,127.0273,1,31.474947551589484,25.12054352288039
76.77523731230525,-157.03764951801182,0,19.370758822146875,20.697136605977008
14.09535,107.29244,1,40.94780339678023,18.45116101819218
43.19893,-4.33232,1,38.03050431406136,15.022449941262668
9.014928261092194,-131.50803672416936,0,5.216367831110082,57.01853237025509
10.0613,-68.26522,1,39.78607924290285,16.112519514055993
0.21189918749570325,130.88499131887897,0,16.965906612568645,45.86081661253204
13.21006,-83.85411,1,38.73055472508118,10.356211401670192
12.93591,106.37843,1,33.37099633964414,21.744520173360925
-21.2579,55.76501,1,28.037036183935648,35.083499897623696
19.48644613437024,-39.45023112337793,0,47.53376487954118,72.00858679416265
-74.22746225007084,95.57878125734425,0,26.18228480193953,49.63176317773891
83.46597522807056,-143.81958646044714,0,21.558259852924543,68.18654565331155
51.51243,14.31741,1,30.43110222174949,10.073987177001042
21.66147,95.53943,1,36.22199216988237,32.96677642061617
51.7966,12.09886,1,25.25514769373038,4.874992599075039
87.84269718334971,89.48208659741312,0,24.169846721324067,20.74048264082615
12.36091,106.74761,1,32.142199355631035,18.00858061432753
32.15363,-89.37035,1,32.818292134552344,20.511913940929563
19.965423606203032,-124.6177956570668,0,31.106890140603184,103.87561586305954
-67.1311838180387,43.08844077730103,0,12.004322896967338,58.90597576312543
13.18509,105.88739,1,28.017001541268023,15.985809197693062
10.09262,-7.32575,1,21.866604267383245,17.508985006938286
2.65228,-61.29317,1,33.93978171121978,21.540925415492243
4.1398547364076705,-151.88197824200765,0,26.88726755265369,67.36147663448261
-60.47403134402583,-54.65048756308862,0,2.8238513199389885,32.857833329942714
8.684353777532763,21.484595655244107,0,23.98894838310544,113.19176306839509
-88.63507878089358,146.82243943945065,0,6.3326626178421535,34.66129580749564
-56.98122829199398,-22.12045196606948,0,7.599471944870464,80.19538162939921
-0.38723246217304563,33.11739681432226,0,14.383976886012414,74.01738060314827
0.04160061265264403,25.84716372504488,0,-10.125803890299178,72.36418335606733
-47.744299935894915,165.7656817140549,0,4.603725160890713,92.16521681071939
1.09408,101.65945,1,33.05931840989462,8.572515157879035
10.05241,-64.86677,1,30.493212957372194,28.376230548337887
11.68716,-14.40034,1,34.844450593512754,21.58054308144004
46.36853,126.94199,1,32.11970978559565,17.69450746750797
25.24683146463063,59.24234285412908,0,17.18632249028053,10.221848896395763
-4.85894,12.02057,1,35.68111700182853,24.14026712720201
18.18727,101.73504,1,31.756237798143765,23.769817104913713
7.63491,12.16254,1,33.89704971063516,16.31985253263439
71.79652820159887,112.64530940276921,0,8.05512980298663,57.39529998808442
10.952752069987653,176.94012755346176,0,10.064926907322405,74.61924207913238
18.67993,100.28274,1,39.88173842913266,30.068019200992648
13.24361,108.03991,1,43.002208384085776,28.845663963499685
45.65683,125.75481,1,33.781314016793196,11.643903721378434
68.09701798272545,-142.7417907947932,0,20.493997721576584,79.7007047616626
18.65585,78.6436,1,32.92687371022485,18.53685340738275
-15.399788345828455,-119.79535992543421,0,10.9192975345897,20.89645070051577
19.02763,78.59374,1,32.00166495900255,24.262952292638804
21.27831665339214,57.58252042806478,0,4.429535446878759,24.23698624284453
73.01178365830549,-107.17442334940522,0,16.995328077348418,90.60582671562756
10.01169,-68.41915,1,39.15144275945234,21.394592005289994
42.56942,118.47922,1,34.5432817832957,26.089074642604686
7.368014169023866,-168.28393716629387,0,36.11067111823445,69.32162346145441
-14.048117034343775,-170.04235893854135,0,14.65960464352307,53.79751713375073
-43.849231218880256,107.8580321662127,0,22.279682901227854,106.99721208170266
18.36651,102.98177,1,36.3411307106418,-3.20394879864914
-83.72293224566972,-2.400911354434726,0,19.896362729583267,47.359923801306756
38.50278,-104.91971,1,27.97060388023561,6.413437078400754
-46.40994684842642,82.34856272847588,0,25.87853411805061,46.25452063854344
-23.80030838389638,128.25759828172102,0,11.005867526211281,57.57296036312995
42.68806,119.64152,1,38.46485733619255,23.672190927544023
-50.30862933421039,-66.196183228692,0,6.970719964607529,50.84714671092862
14.06844,-86.4566,1,44.020771457116794,7.919424018092343
6.81069,6.89182,1,34.54108317105168,18.411982308442177
88.0763016800502,129.5828688101027,0,15.710260699128902,62.286651727047094
9.4225,-69.43532,1,36.8562244296311,16.60531540202589
49.94308161119241,-130.53583533220768,0,16.163254012726053,49.6421678840617
-5.54059,-80.88647,1,30.393922832876108,20.649568109121308
-4.362899027914835,-49.45331116479835,0,10.328877265198944,53.79476114382712
19.04675,80.52647,1,31.837945149012643,34.5794965915349
51.97005716536026,-155.7463512586714,0,5.7324028629723145,32.36596517728297
-37.79312,143.06551,1,31.856051973343178,25.055946319355876
30.49676,-109.62556,1,33.53128532829564,36.27528703255016
13.03492,107.72685,1,34.19581452613749,16.102183574199234
6.72981,-67.98212,1,38.106376615230495,21.762438662376496
42.47301,119.3213,1,32.51172753581812,37.27223834946098
26.3548,79.12227,1,37.296981055212335,10.244921992577394
46.2208,124.81776,1,29.295117947002126,13.090910919073963
29.706876328633143,130.89741894519614,0,38.900108913513904,73.47274994009653
-84.86379400298463,123.45714203197144,0,20.657814799445276,51.63664888567643
14.851352337586519,36.811965322083324,0,25.476325184165802,41.34126522868844
-36.26535,144.6647,1,40.547136886525685,19.661851530017053
45.38393,61.82129,1,29.154728905120685,4.813723328124054
9.90234,-63.51353,1,32.06679412240268,14.837359321373455
16.20709002030553,78.81515028780473,0,20.432007140583217,55.59295729516761
54.6852,22.30563,1,39.84213686085063,19.2087020388586
19.81887,83.77646,1,41.11971028853844,12.395816664796595
1.11766,-60.18944,1,37.81259055494821,25.885510601805166
33.24969,-89.00376,1,33.882712514591155,30.472053683897506
9.61539,78.39582,1,34.204414854205325,26.22391548418677
77.83856245760506,59.0286370150821,0,2.727801637448632,61.129199240957774
64.50168309471115,109.22168849232662,0,18.01739712778472,39.37734699961993
19.966,80.30688,1,40.798428979996515,19.225897621737452
9.99254,-68.82694,1,38.19844368110579,24.318165039912763
19.4526,94.63041,1,29.325686640222496,-1.8567944761090196
13.87819,101.99097,1,32.207971226068054,18.96323969391637
77.77839117665053,111.3011117084663,0,-7.2220257869787545,81.92477512474933
12.78656,105.24129,1,37.07824873026659,20.79594322473599
-52.936038842269134,-50.44829733967768,0,4.325976746513703,70.735774874833
-1.55537,-54.01027,1,38.056007468744774,12.87025132632818
20.27796,102.59658,1,38.18294992391901,6.490272616622114
12.313966461395637,166.4729511743078,0,28.776363123338648,46.42494755631327
-11.528626598033867,103.2592878644814,0,25.92930682668399,65.2637272801347
-35.35119863075438,-144.34757368228267,0,27.742919341773085,81.12566144794556
43.97967,46.63942,1,31.13478913763723,26.139496789625596
79.19192757645573,-17.25284229846784,0,28.53340096239161,50.94653854307844
12.13276,79.02825,1,36.54726592956307,3.127950220583781
45.96681,121.95409,1,38.761194577509336,12.403661393293351
-35.27210980598474,-55.97161880760868,0,34.49433538547818,49.258155285085294
21.77334,79.05894,1,35.874706294110105,29.35878151891852
5.755456830462734,-23.16314960036783,0,24.486701233367853,49.955231931260144
10.12817,-68.36443,1,48.634772938921245,26.350188150522875
-14.214876927603271,177.00057532942077,0,29.556232849782962,63.65324061599043
15.24601420833497,-99.54976940416243,0,6.4034214766870505,40.339946733558605
46.07623,48.10962,1,33.76154661812001,11.70246647579795
19.22774,80.43757,1,29.769440468789497,0.4723246864826507
-37.6986,142.13846,1,41.02456631534335,23.729403012479764
18.82908,80.42223,1,38.62045179197157,4.957204402148122
5.16224,7.54753,1,26.965619375776267,9.292287753932541
1.39151,101.68448,1,34.478905605252926,16.180516460514703
21.29923,-88.06628,1,36.043947018423104,21.104673868609154
-41.60039880305463,-98.27215201258151,0,34.324986563501156,87.13206398491653
46.739,123.03266,1,34.53159074731093,21.40599003762684
10.34506,-63.63951,1,36.29782146693179,19.66076469018293
10.58676,-68.57852,1,36.1008787610821,27.547785964601964
10.5983,-62.49606,1,36.19777887586397,30.437831675937332
6.18635,-62.84369,1,44.16541572187666,10.010281748563663
18.67627,80.58207,1,36.71252029342088,26.59460162165827
35.95498531261293,-112.35584390563847,0,25.00626274462581,48.82499084468687
10.85566,-68.69287,1,30.34805198685577,13.94258334114794
10.01523,-68.80843,1,31.50347923639937,25.94068517560986
0.59816,109.00015,1,30.00878527816982,15.14860481614729
28.86686718410023,-58.359403496507866,0,17.937200658642467,59.846896450642205
53.36972192413714,-45.623436393109216,0,28.66451122590332,70.19543211319122
53.33587958191714,-21.508563671598495,0,11.401423767150106,67.07953943861389
11.67248,-13.28961,1,25.86970153644912,19.22945885299649
10.02456,-68.68573,1,35.49031318655304,26.788715974754
12.02161,108.97637,1,27.00660347250304,-1.5397726844851753
20.72046,81.27912,1,47.98865562429809,2.2543472668880327
9.867496713952903,-23.659079242748362,0,12.542275886819535,55.45133479814308
15.80766,100.84345,1,32.25082110965282,34.0780920008896
31.81473762353852,-149.17459280022393,0,18.90347515057301,49.93520616736582
-63.374830843453665,-119.12923173508895,0,41.21572775351927,69.32709634151887
45.31792,126.58196,1,31.0689362927657,37.4901115117576
-69.98433224388789,-145.27379277136606,0,-6.798193748395892,68.00450585403829
53.08404,31.71022,1,27.020509546231324,30.821673693087373
13.19876,105.91851,1,31.602934955755856,31.066334915328824
-89.18348267567843,57.156521348903226,0,21.73038341346372,64.71715238989401
51.70316,14.46166,1,26.921118548379283,25.046901721592505
9.619,-63.76252,1,38.64101811777345,25.751881607779488
-21.054129605470052,-58.7287648759109,0,13.349793422115983,28.01897548282575
-46.25482963840284,-135.7533738297645,0,45.37076117391588,51.732233207068056
31.73360378340699,-89.1510710698125,0,26.674424968283184,68.83465505827384
8.90421,-69.20496,1,37.589163186696645,23.82933546491592
-2.7146228352720243,-139.4232967869849,0,23.298209898848526,53.54527494431257
8.51114,33.07578,1,30.615920960778176,13.50981027836034
20.441,-103.82954,1,32.55012888679287,16.593905695204278
-28.816278752520596,101.86160029177739,0,17.58719184224232,43.91918005890378
-59.55017539028823,165.29396741055797,0,31.076949787137288,30.072524180587273
19.17575,94.22929,1,36.801451171007294,13.08699476031235
18.76349,80.3638,1,40.511431562272875,16.379499954514486
-36.88511,142.15215,1,44.287519908161244,19.185635749410082
45.67821,125.66443,1,35.49251478602023,16.254206132738123
11.98654,-13.14694,1,35.72324245764679,13.729175922231427
46.50661,126.5563,1,38.98624440950671,31.076921004185998
-51.07174553604672,99.35519993104475,0,17.322572452839136,46.16234147522076
55.259944121923695,4.889097798085601,0,19.405860789569633,58.19508920258066
-85.98208194831142,-5.902028087948423,0,25.80866089347515,59.74308020227745
9.016402801653882,-113.45822541717553,0,-2.1965372638488674,74.63812879200871
-47.924691902822985,0.8433814362373369,0,15.892441854202438,50.392499598941896
44.65003,125.87579,1,36.677968983620694,21.676470130292813
18.71056,104.09035,1,38.36151008501874,30.077879490747918
62.267966285450456,48.73441609649609,0,25.882112484265498,50.840101332973276
62.59236000152609,-13.419765210471638,0,24.45591444849591,84.23169619041799
45.64249,122.71993,1,32.97605219037429,28.857060185981005
46.482888258814626,126.1507556297774,0,17.055856499516793,58.82605651862789
3.997407552154314,-8.91917641029022,0,29.645892227841706,41.828331566396585
-69.54548858670023,-159.80080973342302,0,29.23503995325364,72.82275362957884
-44.95411847751064,8.006422339663374,0,27.419353115107175,13.526904006901333
-54.62311920770488,-15.528007255139897,0,11.79503101278695,50.07572246449379
46.4076,122.12591,1,33.328797952289726,7.873214701094078
-4.51984,11.51951,1,36.02322119139488,30.43993407717702
17.5144,-93.79977,1,32.65883423813173,29.540341717029293
10.0493,-67.6279,1,33.61768071981376,11.218568030791733
8.814845347802546,-2.810274677419727,0,13.660377990680397,50.364784214225644
15.87008,105.35419,1,32.562097157258044,10.72487918551668
45.78125,125.76228,1,36.732276387222115,11.07993657648868
-10.130635368527109,-139.74624561122093,0,18.533883339653105,71.96744255696933
84.58611180668228,73.74167672568757,0,5.717417799250647,88.09097056234592
10.14182,-66.94965,1,38.23391124333065,21.727281628236007
43.8868,119.79169,1,35.631332706672765,16.6271098441028
6.07053,8.56438,1,31.269535438716762,21.560670314738726
47.18567,125.09319,1,28.217736207263375,12.652960541889087
45.54926,74.46959,1,30.459729084929613,19.40968453667084
45.26583,126.77303,1,39.7286543673152,18.877234821863155
-0.38028,110.23344,1,30.09895806931129,23.67415833082072
45.91049,125.39334,1,38.71597104113654,34.76346374185342
-39.780282602901735,29.936180069707888,0,20.105206297647335,37.53099650358274
46.35338,122.29711,1,33.78945014029456,13.048071314564805
-10.772738168765883,169.43309466173895,0,26.891472554521844,100.08154411971623
44.46705,125.49866,1,30.5114739074157,24.46498263448454
34.51196886640078,-62.69221998237691,0,28.277190346814894,69.1317392836225
-71.89063569971441,56.371169849415764,0,25.72538697898022,67.84547882325126
-19.09656091780488,177.82178391733208,0,10.758310408069768,54.55733974838154
19.3246,75.98415,1,32.80487232425364,18.53041474567593
-6.85846,12.38657,1,37.21416291884196,32.77406552470211
42.63683,58.84335,1,24.695713163604793,23.034392009084687
45.38891,125.73914,1,31.97099204983453,15.90835881543779
-72.52076454946717,19.758167062402578,0,37.201848421183826,51.217461929087925
51.600113479171256,-162.64489802342592,0,23.485082812926002,27.220068588463455
-31.413118801965645,-95.68987601634277,0,30.444835407699184,91.84793099498714
10.07849,-68.21629,1,38.47766990599392,9.360206714131362
47.32642,125.18453,1,27.835030137615124,24.338492714224333
24.442253652985926,-8.254241778952974,0,26.98844887428301,58.31222121923965
5.3657140669186845,27.27018546341361,0,16.830763274348016,58.63445201994936
29.012425811435904,111.29052689627832,0,11.482021236691523,82.11552374467118
28.41919,-106.72115,1,23.861667595260908,35.63573811077312
-76.12154222403399,149.10196282728947,0,19.04246763915828,41.77327911979019
76.87492678567244,-95.08461844611186,0,29.054484442926345,43.00294443008601
-20.23984,-40.23668,1,34.41907997348434,24.457424672779247
-21.26268,55.7359,1,38.06623644832643,18.791521410474612
18.16447,-93.65143,1,36.71078766614779,6.753147496449614
32.23952,51.4187,1,37.327615342399554,15.615893214720353
18.40004,104.42957,1,40.90879659382235,20.42919191433822
52.190629229627234,-15.291911344309625,0,21.872967601402518,64.88448264351206
-88.35222854087901,138.94832490526903,0,9.608506602662741,77.52051713384863
10.4973,-68.49378,1,32.85058396754428,21.0460827856696
18.76276,103.09885,1,33.50277986254689,32.63861141162272
74.63329328778764,-87.6501934876817,0,18.240062057110435,60.718760328990804
23.90036,-98.14902,1,47.6509712446683,4.800325981887127
-51.83603638928297,-153.86734140340843,0,14.916323753300382,76.7989709854879
15.940255069066012,7.811682828441803,0,22.077623935485793,66.43422355327793
-6.56352,13.86055,1,34.912257442953745,18.391614609151926
28.375462843349666,-20.864395136936167,0,22.79970586040139,69.451672820683
10.91261,-69.3774,1,41.2683050499737,28.397918988138407
19.80398,-104.18557,1,39.477886549981434,36.865437165413496
-39.343225818401706,49.60772852609011,0,22.182811087947943,54.218088570397505
60.561950758277305,34.12921030764849,0,16.917530306535575,50.24050005276031
7.51896,-68.64578,1,38.78220201631647,-6.1499500517570205
-64.06203565383966,-119.64457252622947,0,24.171601193329494,57.65830342389557
-55.149227490308455,172.93636843157742,0,16.27611765333592,59.336970540327364
3.67247,9.9192,1,37.08439301538294,19.794826643789484
1.7635,101.62514,1,33.54478767774862,20.166380543460328
33.83824656340295,175.86786617756252,0,26.826388316428226,62.61903903023459
47.35906,125.20966,1,24.272593382665516,25.690272451792232
-49.75770205564495,90.130016177286,0,34.884537460891806,45.01204540443342
6.01957,-58.35381,1,32.53766287073495,36.07650505852423
0.98293,-59.37869,1,37.26993891401461,17.252049012988852
-30.344634399347605,-37.09985056049635,0,27.25081079805041,52.15344761858654
10.14686,-68.67946,1,38.3490523335776,33.322021987313164
12.94513,103.5466,1,42.85153796705536,22.783646903479845
30.87765,-93.73683,1,40.71389548849248,12.264046649239686
16.59248,-94.46271,1,29.742053836100304,14.523576370095453
22.54043,77.08504,1,43.778777874723595,39.53654579893255
13.69719,101.88824,1,33.55785876592413,25.832313882411288
-54.15861541348374,25.174222858821253,0,28.410512641045166,22.30499472536092
7.41061,-11.62692,1,37.70034971689617,28.08007585831102
-73.9345164029634,-167.53625125381544,0,20.492697001951523,40.048031668501594
3.92607,108.22096,1,33.28611452990693,11.793602661550773
-1.39178,29.17893,1,34.62540041245395,19.6308535990875
8.55343,-64.13544,1,34.700815835574915,22.728357688990492
43.06955,118.87054,1,37.39069331182237,24.17605033066263
-34.79367791138357,-91.77063334127895,0,24.361419380963074,38.24472216042338
83.33117236615601,-138.82816846511707,0,23.777730095651016,60.70880221782052
84.16109721606793,160.80823008526522,0,10.461549326317956,81.72567071284952
72.47929067608945,120.8288003375668,0,19.68852087256152,93.83121467674519
10.02171,-66.6486,1,25.886155877585846,23.000589440437526
10.832336251226266,-91.1909183798576,0,8.055455307318836,75.40699838152939
-69.75817760674116,-115.05197825574047,0,31.67667938668636,66.9928487938738
53.23113,13.65096,1,31.685988380971022,21.434126914844317
16.31472219123529,-58.2118146899532,0,19.54307795164961,58.17014866624146
34.85333,-88.7709,1,31.0461804644468,12.92729013420205
47.44533,123.67053,1,34.385041711228915,22.543229022988168
17.14259,105.70409,1,38.416826716460484,22.802677638222097
26.74404,-80.48605,1,38.98846656209068,19.577538206521062
-50.6797621392526,174.5439199457943,0,10.242637765443055,79.17857347273949
50.39254924109687,150.64125447273625,0,21.307758326436666,51.34668345914127
-48.41470961545314,-86.87022546186829,0,12.748082878951635,63.923826305699954
-7.85047,12.11573,1,33.146282436840366,15.90687829496048
6.79509,10.76209,1,21.978286049171878,9.317266229229377
-4.93241,12.09228,1,37.0029374573307,14.156673678007689
42.46467,119.43834,1,34.532593947775645,21.232425571405525
-41.028852978617515,-12.106448727972747,0,46.11604309457914,80.22015466665314
-36.78665891815099,-18.507339166291104,0,30.73862954937963,52.98637994724383
58.58967594702679,172.3820329573204,0,23.44050187322043,71.48247217367191
10.18553,-68.71404,1,34.681652071203345,13.135570260645009
24.28176,80.41334,1,32.841513969178756,17.90823879666916
85.16262120195796,25.961353040103972,0,8.98177175215922,55.312025264017244
-82.7991458948189,141.65263741646532,0,23.069996621612678,68.76604392087071
-9.396136331230764,131.94396815589386,0,30.483570482297285,67.39059365253738
46.99577,79.46564,1,34.69777155918625,25.1506136785111
46.913331635013236,169.53915046342047,0,18.338261214440116,75.23216663448484
-50.33299936088085,69.00769442959978,0,17.179461771532814,62.5689235174965
5.31781,7.59692,1,32.902778709063426,21.260491124047853
9.76727,-69.27505,1,26.97488061469909,14.452920783148391
20.13273,97.88224,1,42.898412607074505,13.676081218285818
9.98035,-68.90428,1,51.1946171903977,9.010118958147595
-49.76184944301848,115.94575364060069,0,2.215453086118167,27.282597025634225
-9.85376,-38.16808,1,30.392249420813354,24.934358424696164
-63.95872179541546,-38.85394848962039,0,14.851895361388834,50.95572412215771
19.25174,82.28437,1,40.37926281823139,23.140750910772738
